Schluessel;Objektname;Lokalbezeichnung;Gemeinde;Postleitzahl;x-Koordinate;y-Koordinate;Parz Nr;Fassungseigentuemer;OK Terrain;Schachtueberstand;Ordnungs-Nr;Lagegenauigkeit;Verwendungszweck;Verwendungsart;Fassungsart;Fassungszustand;Fassungsabdeckung;Schachttyp;Datenherkunft;Kontaktperson;Bemerkungen Objektdaten;Foto;Foto-Negativ-Nr 1;Foto-Negativ-Nr 2;Foto-Negativ-Nr 3;Fassung;Schutzzone;Anzahl Zuleitungen;Schloss;Aufgenommen durch;Erhebungsdatum;Alte Ordnungs-Nr;Feldbegehung;Objektbereinigung;WVA-Nutzung;WVA-Nutzung ergaenzen;WVA-Nutzung streichen;WVA-Nutzung Lage neu
1;;Rietlöcher;Sool;8762;;;;J. Marti-Wyss, Warth;720;;;aus Plan gelesen;Trinkwasser ?;WV Weiler/Quartier;;;;;Archiv AFU Glarus;;existiert gemäss Gde. nicht;;;;;;keine vorh.;;;R. Brunner;09.02.1998;1;;25.03.1998;FALSCH;FALSCH;FALSCH;FALSCH
2;Mahdquelle rechts;;Sool;8762;727510;207250;;Gde. Sool;1020;30;72720701;im Feld eingemessen;Trinkwasser;WV Gemeinde Sool;Sicker-/Zuleitung;gut;Pilzdeckel;Brunnenstube;Archiv AFU Glarus;J. Marti, Brunnenmeister Sool;;;4;;;;definitiv;1;ja;R. Brunner;09.02.1998;2;25.03.1998;;WAHR;FALSCH;FALSCH;FALSCH
3;Mahdquelle links;;Sool;8762;727560;207250;;Gde. Sool;1020;0;72720702;im Feld eingemessen;Trinkwasser;WV Gemeinde Sool;Stollen+Zuleitung;gut;Pilzdeckel;Brunnenstube;Archiv AFU Glarus;J. Marti, Brunnenmeister Sool;;;5;;;;definitiv;3;ja;R. Brunner;09.02.1998;3;25.03.1998;;WAHR;FALSCH;FALSCH;FALSCH
4;Wegliquelle;;Sool;8762;727750;207190;;Gde. Sool;1030;20;72720703;aus Plan gelesen;Trinkwasser;WV Gemeinde Sool;Sicker-/Zuleitung;gut;Pilzdeckel;Brunnenstube;Archiv AFU Glarus;J. Marti, Brunnenmeister Sool;;;32;33;;;definitiv;1;ja;R. Brunner;09.02.1998;4;25.03.1998;;WAHR;FALSCH;FALSCH;FALSCH
5;Stegenrunsquelle;;Sool;8762;727845;207190;;Gde. Sool;1060;20;72720704;aus Plan gelesen;Trinkwasser;WV Gemeinde Sool;Sicker-/Zuleitung;gut;Pilzdeckel;Brunnenstube;Archiv AFU Glarus;J. Marti, Brunnenmeister Sool;;;34;;;;definitiv;1;ja;R. Brunner;09.02.1998;5;25.03.1998;;WAHR;FALSCH;FALSCH;FALSCH
6;Hüslibachquelle;;Sool;8762;727820;207220;;Gde. Sool;1070;80;72720705;aus Plan gelesen;Trinkwasser;WV Gemeinde Sool;Sicker-/Zuleitung;gut;Pilzdeckel;Brunnenstube;Archiv AFU Glarus;J. Marti, Brunnenmeister Sool;;;35;;;;definitiv;1;ja;R. Brunner;09.02.1998;6;25.03.1998;;WAHR;FALSCH;FALSCH;FALSCH
7;Gheistquelle unten;Gheistberg;Sool;8762;728495;207195;285;Gde. Sool;1340;20;72820701;aus Plan gelesen;Trinkwasser;WV Gemeinde Sool;Sicker-/Zuleitung;gut;Pilzdeckel;Brunnenstube/Sammelschacht;Archiv AFU Glarus;J. Marti, Brunnenmeister Sool;;;2;;;;definitiv;2;ja;R. Brunner;09.02.1998;7;23.03.1998;;WAHR;FALSCH;FALSCH;FALSCH
8;Gheistquelle oben;Gheistberg;Sool;8762;728495;207230;285;Gde. Sool;1355;40;72820702;aus Plan gelesen;Trinkwasser;WV Gemeinde Sool;Sicker-/Zuleitung;gut;Pilzdeckel;Brunnenstube;Archiv AFU Glarus;J. Marti, Brunnenmeister Sool;;;1;;;;definitiv;1;ja;R. Brunner;09.02.1998;8;23.03.1998;;WAHR;FALSCH;FALSCH;FALSCH
9;Brünnenquelle rechts;Brünnen;Sool;8762;728545;207565;285;Gde. Sool;1490;30;72820704;aus Plan gelesen;Trinkwasser;WV Gemeinde Sool;Sicker-/Zuleitung;gut;Pilzdeckel;Sammelschacht;Archiv AFU Glarus;J. Marti, Brunnenmeister Sool;;;6;7;10;;definitiv;1;ja;R. Brunner;09.02.1998;9;25.08.1998;;WAHR;FALSCH;FALSCH;FALSCH
10;Brünnenquelle links;Brünnen;Sool;8762;728575;207565;285;Gde. Sool;1505;20;72820705;aus Plan gelesen;Trinkwasser;WV Gemeinde Sool;Sicker-/Zuleitung;gut;Pilzdeckel;Brunnenstube;Archiv AFU Glarus;J. Marti, Brunnenmeister Sool;;;8;9;;;definitiv;1;ja;R. Brunner;09.02.1998;10;25.08.1998;;WAHR;FALSCH;FALSCH;FALSCH
11;;Schlatt;Sool;8762;;;;A. Tschudi, Schwanden;720;;;aus Plan gelesen;Trinkwasser ?;;;;;;Archiv AFU Glarus;ev weiss alt-Förster J. Marti-Meier bescheid;verfallen, nicht aufgenommen;;;;;;keine vorh.;;;R. Brunner;09.02.1998;11;;25.03.1998;FALSCH;FALSCH;FALSCH;FALSCH
12;Quelle Schütz;Güetli;Sool;8762;726190;206570;209;K. Schütz-Sorg, Dietlikon;575;0;72620601;aus Plan gelesen;Trinkwasser;WV Einzelliegenschaft;Wasseraustritt;sanierungsbedürftig;Schieferplatten;gefasst ohne Schacht;Archiv AFU Glarus;K. Schütz-Sorg, 01/833 19 18;;;14;15;;;keine vorh.;;nein;R. Brunner;09.02.1998;12;25.03.1998;;WAHR;FALSCH;FALSCH;FALSCH
13;Rüedelibrunnen;Wart;Sool;8762;;;;Tagwen Sool;670;;;aus Plan gelesen;im Moment ungenutzt;;;;;;Archiv AFU Glarus;;verfallen, früher genutzt für Unter Sool --> nicht aufgenommen;;;;;;keine vorh.;;;R. Brunner;09.02.1998;13;;25.03.1998;FALSCH;FALSCH;FALSCH;FALSCH
14;Quelle Grüninger/Schnider/Brig;Wart;Sool;8762;726770;206725;241;Grüninger/Schnider/Briggen;660;0;72620602;aus Plan gelesen;Brauchwasser;Brunnenstock;Sicker-/Zuleitung;schlecht;Betondeckel;Brunnenstube/Sammelschacht;Feldaufnahmen;;Auskunft von Mathias Marti sen.;;11;12;;;keine vorh.;2;nein;R. Brunner;09.02.1998;14;25.03.1998;;WAHR;FALSCH;FALSCH;FALSCH
15;;Wart;Sool;8762;;;;M. Marti-Marti, Warth;660;;;aus Plan gelesen;im Moment ungenutzt;;;verfallen;;;Archiv AFU Glarus;;verfallen, nicht aufgenommen;;;;;;keine vorh.;;;R. Brunner;09.02.1998;15;;25.03.1998;FALSCH;FALSCH;FALSCH;FALSCH
16;Auli-Quelle;Auli beim Sernf;Sool;8762;727530;206620;267;H. Jenni-Violetti;640;0;72720601;aus Plan gelesen;Brauchwasser;Brunnen;Sicker-/Zuleitung;schlecht;Betondeckel;Brunnenstube;Archiv AFU Glarus;H. Jenny-Violetti, 644 34 29;ev später Trinkwasser für Haus;;9;10;;;keine vorh.;1;nein;R. Brunner;09.02.1998;16;25.03.1998;;WAHR;FALSCH;FALSCH;FALSCH
17;Auli-Quelle Wald;Auliwald;Sool;8762;727600;206850;281;J. Marti-Wyss, Warth;815;0;72720602;aus Plan gelesen;Trinkwasser;WV Weiler/Quartier;Sicker-/Zuleitung;sanierungsbedürftig;Betondeckel;Sammelschacht;Archiv AFU Glarus;J. Marti-Wyss, 644 12 63;4 Häuser + 1 Stall, Wasserqualität lässt gemäss Angaben Hr. J. Marti vom 1.7.2001 seit Strassenbau zu wünschen übrig. Schutzzone und fernhalten von Strassenabwasser von Fassungsbereich ist wünschensw.;;31;;;;erforderlich;1;nein;R. Brunner;09.02.1998;17;25.03.1998;;WAHR;FALSCH;FALSCH;FALSCH
18;Quelle Cheienwald;Chuewald;Sool;8762;727620;208380;;Gde. Sool;1735;0;72720801;aus Plan gelesen;Trinkwasser;Alpgebäude;ab Fels;sanierungsbedürftig;keine vorh.;Brunnenstube;Archiv AFU Glarus;Förster W. Kessler, 644 41 75;Speisung Alp Achseli;;3;4;5;;keine vorh.;;nein;R. Brunner;09.02.1998;18;25.08.1998;;WAHR;FALSCH;FALSCH;FALSCH
19;Quelle Tröge;Tröge;Sool;8762;726985;207750;;Tagwen Sool;1380;0;72620701;aus Plan gelesen;Trinkwasser;Wegbrunnen;Sicker-/Zuleitung;gut;Eisendeckel;Brunnenstube;Archiv AFU Glarus;Förster W. Kessler, 644 41 75;2 Wegbrunnen;;11;12;13;;keine vorh.;1;nein;R. Brunner;09.02.1998;19;25.08.1998;;WAHR;FALSCH;FALSCH;FALSCH
20;Quelle äusseres Höfli;äusseres Höfli;Sool;8762;728940;206120;17;S. Altmann, Engi;720;;72820601;aus Plan gelesen;Trinkwasser;;ab Fels;sanierngsbedürftig;Hüttli;;Archiv AFU Glarus;S. Altmann, Engi, 642 12 14;Quelle in Gebäude;;6;7;;;keine vorh.;;;R. Brunner;09.02.1998;20;23.03.1998;;WAHR;FALSCH;FALSCH;FALSCH
21;;Wilden;Sool;8762;724960;207300;;Firma Weidmann + Co;520;0;;aus Plan gelesen;Trink- + Brauchwasser;Industrie;;;;Pumpschacht;Archiv AFU Glarus;Weidmann + Co, Marco Weidmann, 644 26 77;Grundwasserfassung, ca 300 l/min.--> nicht aufgenommen;;;;;;keine vorh.;1;nein;R. Brunner;09.02.1998;21;;25.03.1998;FALSCH;FALSCH;FALSCH;FALSCH
22;Quellfassung Mühlefuhr;Mühlefuhr;Ennenda;8755;725055;209287;1061;Gde. Ennenda;490;0;72520901;Geometeraufnahmen;Trinkwasser;WV Gemeinde;Stollen;gut;Pilzdeckel;Brunnenstube;Archiv Lienert & Haering AG;Peter Jäger, EW Ennenda;Hauptquelle WV Ennenda;;30;;;;definitiv;1;ja;R. Brunner;09.02.1998;1;23.03.1998;;WAHR;FALSCH;FALSCH;FALSCH
23;Lediquelle;Ledi;Ennenda;8755;725305;209785;1036;Gde. Ennenda;505;50;72520902;im Feld eingemessen;Brauchwasser;WV Brunnen;Sicker-/Zuleitung;saniert 1992;Pilzdeckel;Brunnenstube;Archiv Lienert & Haering AG;Peter Jäger, EW Ennenda;Ställe Ledi und Matt, div. Brunnen;;28;;;;erforderlich;1;ja;R. Brunner;09.02.1998;2;23.03.1998;;WAHR;FALSCH;FALSCH;FALSCH
24;Moosquelle;Möösli;Ennenda;8755;725365;209690;1041;Moosbrunnen-Korporation;510;;72520903;aus Plan gelesen;Brauchwasser;WV Stall;Wasseraustritt;sanierungsbedürftig;;gefasst ohne Schacht;Archiv AFU Glarus;Herr J. Tschudi, Matt, Ennenda;Feldbrunnen Mättli, Stallbrunnen Gässlimatt;;29;;;;keine vorh.;;nein;R. Brunner;09.02.1998;3;23.03.1998;;WAHR;FALSCH;FALSCH;FALSCH
25;Selimattquelle;Seelimatt / Platte;Ennenda;8755;725155;210220;1027;Plattenbrunnen-Korporation;488;0;72521001;aus Plan gelesen;Trinkwasser;Flurbrunnen+Stall;aufstossend;gut;Eisendeckel;Brunnenstube;Archiv AFU Glarus;WV Ennenda;Stallbrunnen, öffentlicher Brunnen;;27;;;;keine vorh.;;nein;R. Brunner;09.02.1998;4;23.03.1998;;WAHR;FALSCH;FALSCH;FALSCH
26;Leuenbord-Quelle;Geitzenwald;Ennenda;8755;725390;210780;1147;Geitzenbrunnen-Korporation;700;0;72521002;aus Plan gelesen;Brauchwasser;Stallbrunnen (5);Sicker-/Zuleitung;sanierungsbedürftig;Blech-Deckel;Brunnenstube;Archiv AFU Glarus;EW/WV Ennenda;Stallbrunnen div. Liegensch.ev nur Kontrollschacht;;25;;;;keine vorh.;1;nein;R. Brunner;09.02.1998;5;23.03.1998;;WAHR;FALSCH;FALSCH;FALSCH
27;Kaltbachquelle;Aeugstenwald;Ennenda;8755;726715;210280;1147;Gde. Ennenda;1500;;72621001;aus Plan gelesen;im Moment ungenutzt;Bach;Wasseraustritt;;;;Archiv AFU Glarus;;;;4;;;;keine vorh.;;;R. Brunner;10.02.1998;6;06.05.1998;;WAHR;FALSCH;FALSCH;FALSCH
28;Aeugstenquelle für Hütte;Aeugsten;Ennenda;8755;726815;209830;1147;Gde. Ennenda;1500;10;72620901;aus Plan gelesen;Trinkwasser;Alpwirtschaft;Aufstossend;gut;Brinerdeckel;Brunnenstube;Archiv AFU Glarus;Tagwen Ennenda, A. Peter, Hüttenwart Aeugstenhütte;Nutzung in Aeugstenhütte (öffentlich)+ 2 Brunnen;;1;2;;;keine vorh.;0;ja;R. Brunner;10.02.1998;7;06.05.1998;;WAHR;FALSCH;FALSCH;FALSCH
29;Hüttenrainquelle;Alp Beglingen;Ennenda;8755;727680;210820;1147;Gde. Ennenda;1800;;72721001;aus Plan gelesen;Brauchwasser;Alpbrunnen;;;;;Archiv AFU Glarus;Tagwen Ennenda;;;;;;;keine vorh.;;;R. Brunner;10.02.1998;8;;;WAHR;WAHR;FALSCH;FALSCH
30;Tagwens-Grossbergquelle;Grossberg;Ennenda;8755;725305;213110;1087;Grossbergbrunnen-Korporation;1250;0;72521301;aus Plan gelesen;Trinkwasser;WV Weiler/Quartier;Sicker-/Zuleitung;gut;Eisendeckel;Brunnenstube/Sammelschacht;Archiv AFU Glarus;Tagwen Ennenda, Gemeindekanzlei;;;5;6;;;erforderlich;4;nein;R. Brunner;10.02.1998;9;05.05.1998;;WAHR;FALSCH;FALSCH;FALSCH
31;Grossbergquelle;Grossberg;Ennenda;8755;725280;213150;1092;Mercier;1260;0;72521302;aus Plan gelesen;Trinkwasser;WV Einzelligenschaft;Sicker-/Zuleitung;schlecht;Eisendeckel;Brunnenstube/Sammelschacht;Archiv AFU Glarus;Zimmermann Melchior, Grossberg Ennenda;;;7;8;;;keine vorh.;1;ja;R. Brunner;10.02.1998;10;05.05.1998;;WAHR;FALSCH;FALSCH;FALSCH
32;Elmerplätzquelle;Elmer (Alp);Ennenda;8755;725670;213100;1146;J. Tschudi, Stoffel;1405;0;72521303;aus Plan gelesen;Trinkwasser;WV Einzelligenschaft;Sicker-/Zuleitung;gut;Stahlblech-Deckel;Brunnenstube;Archiv AFU Glarus;J. Tschudi, Stoffel Ennenda;Haus, Stallbrunnen, Brunnen;;17;18;;;keine vorh.;2;nein;R. Brunner;10.02.1998;11;05.05.1998;;WAHR;FALSCH;FALSCH;FALSCH
33;Elmerbordquelle;;Ennenda;8755;725630;213535;1089;Neuer Skiclub, Glarus;1350;0;72521304;aus Plan gelesen;Trinkwasser;WV Einzelligenschaft;ab Fels;gut;Betondeckel;Brunnenstube;Archiv AFU Glarus;NSCG, c/o Präsident Ernst Lisch, Mattstrasse 1, En;Skihütte Neuer SC Glarus;;21;22;;;keine vorh.;3;nein;R. Brunner;10.02.1998;12;05.05.1998;;WAHR;FALSCH;FALSCH;FALSCH
34;Ober Bützi-Quelle;Heuboden ob. Stafel;Ennenda;8755;727000;212960;1385;Gebr. J. + B. Tschudi;1920;;;aus Plan gelesen;Brauchwasser;Alpbrunnen;;;;;Archiv AFU Glarus;J.Tschudi, Stoffel, Ennetberge Ennenda;;;;;;;keine vorh.;;;R. Brunner;10.02.1998;13;;;FALSCH;FALSCH;FALSCH;FALSCH
35;Mittelstafel-Quelle;Heuplange;Ennenda;8755;726065;213035;1146;Gebr. J. + B. Tschudi;1510;0;72621301;aus Plan gelesen;Trinkwasser;WV Einzelliegenschaft;Sicker-/Zuleitung;schlecht;Eisendeckel;Brunnenstube;Archiv AFU Glarus;J.Tschudi, Stoffel, Ennetberge Ennenda;Alphütte Mittler Stafel und Brunnen, Ferienhaus Oehler;;23;24;;;keine vorh.;1;nein;R. Brunner;10.02.1998;14;05.05.1998;;WAHR;FALSCH;FALSCH;FALSCH
36;Bachseliquelle;Bachselirunse;Ennenda;8755;723900;212660;5;Bachselibrunnen-Korporation;585;;72321201;aus Plan gelesen;Brauchwasser;Stallbrunnen;Sicker-/Zuleitung;gut;Türe;Stollen;Archiv AFU Glarus;WV Ennenda;div. Ställe;;24;;;;keine vorh.;2;ja;R. Brunner;10.02.1998;15;23.03.1998;;WAHR;FALSCH;FALSCH;FALSCH
37;Mattquelle;Othschlag;Ennenda;8755;724610;212990;1081;Ottschlag-Korporation;975;0;72421201;aus Plan gelesen;Trinkwasser;WV Weiler/Quartier;Sicker-/Zuleitung;gut;Türe;Brunnenstube;Archiv AFU Glarus;Fridolin Horner-Rhyner Ennenda;Rest. Alpenblick, 2 Bauernhöfe, Brunnen;;1;2;;;erforderlich;1;ja;R. Brunner;10.02.1998;16;05.05.1998;;WAHR;FALSCH;FALSCH;FALSCH
38;Burgetsiten-Quelle;Burgetsiten;Ennenda;8755;724820;213840;1097;Alpbach-Brunnenkorporation;1030;0;72421303;aus Plan gelesen;Trinkwasser;WV Weiler/Quartier Matten;Wasseraustritt;sanierungsbedürftig;Eisendeckel;Brunnenstube;Archiv AFU Glarus;F. Tschudi-Aschwanden, Ennenda;;;36;;;;erforderlich;0;nein;R. Brunner;10.02.1998;17;06.05.1998;;WAHR;FALSCH;FALSCH;FALSCH
39;;Oberdorf;Ennenda;8755;;;;;485;;;aus Plan gelesen;im Moment ungenutzt;;;;;;Archiv AFU Glarus;;;;;;;;keine vorh.;;;R. Brunner;10.02.1998;18;;06.05.1998;FALSCH;FALSCH;FALSCH;FALSCH
40;Kängel-Quelle;Burgetsiten;Ennenda;8755;724820;213850;1111;Josef Weber, Kängel;1030;0;72421302;aus Plan gelesen;Trinkwasser;WV Einzelliegenschaft;Stollen;sanierungsbedürftig;Türe;Brunnenstube;Archiv AFU Glarus;Josef Weber, Kängel Ennenda;;;35;36;;;keine vorh.;0;nein;R. Brunner;10.02.1998;19;06.05.1998;;WAHR;FALSCH;FALSCH;FALSCH
41;Trogen-Quelle;Bützibrunnen;Ennenda;8755;724685;212840;1070;Tagwen Ennenda;1030;20;72421202;aus Plan gelesen;Brauchwasser;Brunnen;Sicker-/Zuleitung;gut;Betondeckel;Brunnenstube;Archiv AFU Glarus;WV Gemeinde Ennenda;;;3;4;;;keine vorh.;1;nein;R. Brunner;20.02.1998;20;05.05.1998;;WAHR;FALSCH;FALSCH;FALSCH
42;Ribi-Quelle;Ribi;Ennenda;8755;724970;214070;1117;Hösle Peter, Egg;1130;0;72421401;aus Plan gelesen;Trinkwasser;WV Weiler/Quartier;Wasseraustritt;sanierungsbedürftig;Blech-Deckel;Brunnenstube;Archiv AFU Glarus;"Hösle Peter, Egg; Hefti Paul (Alpenblick)";;;32;;;;keine vorh.;0;nein;R. Brunner;20.02.1998;21;06.05.1998;;WAHR;FALSCH;FALSCH;FALSCH
43;Höckli-Quelle;Milchbach;Ennenda;8755;;;;Buhlenkorporation;590;;;aus Plan gelesen;Stallbrunnen;ausser Betrieb;;;;;Archiv AFU Glarus;;;;;;;;keine vorh.;;;R. Brunner;20.02.1998;22;;06.05.1998;FALSCH;FALSCH;FALSCH;FALSCH
44;;Oberdorf;Ennenda;8755;;;;;510;;;aus Plan gelesen;im Moment ungenutzt;;;;;;Archiv AFU Glarus;;;;;;;;keine vorh.;;;R. Brunner;20.02.1998;23;;06.05.1998;FALSCH;FALSCH;FALSCH;FALSCH
45;;Oberdorf;Ennenda;8755;;;;;520;;;aus Plan gelesen;im Moment ungenutzt;;;;;;Archiv AFU Glarus;;;;;;;;keine vorh.;;;R. Brunner;20.02.1998;24;;06.05.1998;FALSCH;FALSCH;FALSCH;FALSCH
46;Läbli-Quelle;Mittlerer Fronalp;Ennenda;8755;726330;213940;1353;Gde. Mollis;1580;0;72621303;im Feld eingemessen;Trinkwasser;WV Weiler/Quartier/Rest. (Fronalp/Mollis);Sicker-/Zuleitung;gut;Türe;Brunnenstube;Archiv Lienert & Haering AG;Tagwen Mollis;;;19;20;;;definitiv;1;ja;R. Brunner;10.02.1998;25;28.06.1999;;WAHR;FALSCH;FALSCH;FALSCH
47;;Oberdorf;Ennenda;8755;;;;;515;;;aus Plan gelesen;im Moment ungenutzt;;;;;;Archiv AFU Glarus;;;;;;;;keine vorh.;;;R. Brunner;10.02.1998;26;;06.05.1998;FALSCH;FALSCH;FALSCH;FALSCH
48;;Oberdorf;Ennenda;8755;;;;;505;;;aus Plan gelesen;im Moment ungenutzt;;;;;;Archiv AFU Glarus;;;;;;;;keine vorh.;;;R. Brunner;10.02.1998;27;;06.05.1998;FALSCH;FALSCH;FALSCH;FALSCH
49;Sööliquelle;Sööli;Mitlödi;8756;724270;208965;19;Gde. Mitlödi;640;0;72420801;aus Plan gelesen;Brauchwasser;2 Ställe;Wasseraustritt;sanierngsbedürftig;Holz;Brunnenstube;Archiv AFU Glarus;F. Zimmermann, Werkführer Mitlödi;Schüttung klein;;25;;;;keine vorh.;0;nein;R. Brunner;10.02.1998;1;26.03.1998;;WAHR;FALSCH;FALSCH;FALSCH
50;Obere Sienenquelle;Leimplangge;Schwanden;8762;721815;207500;;Gde. Mitlödi;1320;0;72120701;aus Plan gelesen;Trinkwasser;WV Gemeinde Mitlödi;Sicker-/Zuleitung;gut;Gussdeckel;Brunnenstube;Archiv AFU Glarus;F. Zimmermann, Werkführer, Mitlödi;;;29;30;;;definitiv;1;nein;R. Brunner;10.02.1998;2;28.08.1998;;WAHR;FALSCH;FALSCH;FALSCH
51;Untere Sienenquelle;Leimplangge;Schwanden;8762;721880;207500;;Gde. Mitlödi;1300;0;72120702;aus Plan gelesen;Trinkwasser;WV Gemeinde Mitlödi;Sicker-/Zuleitung;mittel-gut;Gussdeckel;Brunnenstube;Archiv AFU Glarus;F. Zimmermann, Werkführer, Mitlödi;;;27;28;;;definitiv;1;nein;R. Brunner;10.02.1998;3;28.08.1998;;WAHR;FALSCH;FALSCH;FALSCH
52;Wygellen-Quelle;Sattel;Schwändi;8762;723415;207225;346;Ennetecken-Wygellen Wasserkorporation;890;0;72320703;im Feld eingemessen;Trinkwasser;WV Gemeinde;Sicker-/Zuleitung;gut;Eisendeckel;Brunnenstube;Archiv Lienert & Haering AG;W. Traxel, Werkführer, Schwändi;;;33;34;;;definitiv;2;ja;R. Brunner;10.02.1998;1;28.08.1998;;WAHR;FALSCH;FALSCH;FALSCH
53;Gehren-Blumerberg-Quelle;Blumerberg;Schwändi;8762;722910;207600;309;Schüpfenbrunnenkorporation;760;0;72220701;aus Plan gelesen;Trinkwasser;WV Weiler/Quartier;Sicker-/Zuleitung;gut;Gussdeckel;Brunnenstube;Archiv AFU Glarus;W. Traxel, Werkführer Schwändi;(nach LMI: WV Mitlödi, Notwasser???);;31;32;;;erforderlich;1;ja;M. Simmler;10.02.1998;2;28.08.1998;;WAHR;FALSCH;FALSCH;FALSCH
54;Mühle-Quelle;Müli;Mitlödi;8756;725120;208200;400;J. Hüsler-Seiler;490;;72520801;aus Plan gelesen;Trinkwasser;WV Einzelliegenschaft;GW-Aufstoss;;;;Archiv AFU Glarus;F. Zimmermann, Werkführer Mitlödi;Haus/Fischzucht;;22;;;;keine vorh.;;;R. Brunner;10.02.1998;6;26.03.1998;;WAHR;FALSCH;FALSCH;FALSCH
55;Wiesbach-Quelle;Wies;Mitlödi;8756;724610;207745;487;öffentlich;504;;72420701;aus Plan gelesen;im Moment ungenutzt;Bach;Wasseraustritt;;;ungefasst;Archiv AFU Glarus;F. Zimmermann, Werkführer Mitlödi;;;20;;;;keine vorh.;;;R. Brunner;10.02.1998;7;26.03.1998;;WAHR;FALSCH;FALSCH;FALSCH
56;;Tschachen;Mitlödi;8756;;;;Kanton/Schatzkorporation;500;;;aus Plan gelesen;im Moment ungenutzt;;aufstossend;;;;Archiv AFU Glarus;;Gemäss Dr. Marti AfU Glarus gestrichen;;;;;;keine vorh.;;;R. Brunner;10.02.1998;8;;26.03.1998;FALSCH;FALSCH;FALSCH;FALSCH
57;Quelle Ennetlinth;Ennetlinth;Mitlödi;8756;724925;207697;371;Gemeinde;500;;72420702;aus Plan gelesen;im Moment ungenutzt;;Wasseraustritt;;;ungefasst;Archiv AFU Glarus;F. Zimmermann, Werkführer Mitlödi;;;21;;;;keine vorh.;;;R. Brunner;10.02.1998;9;26.03.1998;;WAHR;FALSCH;FALSCH;FALSCH
58;Quelle bei Mülifuhr;;Mitlödi;8756;;;;;500;;;aus Plan gelesen;im Moment ungenutzt;;;;;;Archiv AFU Glarus;;Gemäss Dr. Marti AfU Glarus gestrichen;;;;;;keine vorh.;;;R. Brunner;10.02.1998;10;;26.03.1998;FALSCH;FALSCH;FALSCH;FALSCH
59;Quellaustritt Hausliruns;;Mitlödi;8756;;;;;520;;;aus Plan gelesen;im Moment ungenutzt;;;;;;Archiv AFU Glarus;;Gemäss Dr. Marti AfU Glarus gestrichen;;;;;;keine vorh.;;;R. Brunner;10.02.1998;11;;26.03.1998;FALSCH;FALSCH;FALSCH;FALSCH
60;Quellaustritt Linthbord;;Mitlödi;8756;;;;;500;;;aus Plan gelesen;;;;;;;Archiv AFU Glarus;F. Zimmermann, Werkführer Mitlödi;Gemäss Hr Zimmermann nicht vorhanden;;;;;;keine vorh.;;;R. Brunner;10.02.1998;12;;26.03.1998;FALSCH;FALSCH;FALSCH;FALSCH
61;Quelle Tschudi;Schwizerhus;Mitlödi;8756;724295;209910;15;F. Tschudi;520;0;72420901;aus Plan gelesen;Trinkwasser;WV Einzelligenschaft;Wasseraustritt;sanierngsbedürftig;Holzbretter/Blech;Brunnenstube;Archiv AFU Glarus;F. Tschudi-Tschudi, Schweizerhaus, Ennenda;;;23;24;;;keine vorh.;0;ja;R. Brunner;10.02.1998;13;26.03.1998;;WAHR;FALSCH;FALSCH;FALSCH
62;Quelle Brunnen;;Mitlödi;8756;;;;;500;;;aus Plan gelesen;;;;;;;Archiv AFU Glarus;F. Zimmermann, Werkführer Mitlödi;Gemäss Hr. Zimmermann nicht vorhanden;;;;;;keine vorh.;;;R. Brunner;10.02.1998;14;;26.03.1998;FALSCH;FALSCH;FALSCH;FALSCH
63;Ennetrösligen-Quelle;Ennetrösligen;Ennenda;8755;724840;211130;41;Tagwen Ennenda;550;;72421101;aus Plan gelesen;Brauchwasser;Flurbrunnen;unbekannt;unbekannt;vermutlich Stahlblech-Deckel;überdeckt;;Tagwen Ennenda;;;26;;;;keine vorh.;;nein;R. Brunner;09.02.1998;40;23.03.1998;;WAHR;FALSCH;FALSCH;FALSCH
64;Schwändiberg-Quelle;Schwändi;Ennenda;8755;725020;213640;1097;R. Staub;1145;0;72521313;im Feld eingemessen;Trinkwasser;WV Einzelliegenschaft;ab Fels;gut;Eisendeckel;Brunnenstube;Feldaufnahmen;R. Staub Ennenda;;;30;31;;;keine vorh.;;;R. Brunner;09.03.1998;39;05.05.1998;;WAHR;FALSCH;FALSCH;FALSCH
65;Elmer / Branzi;Elmerberg;Ennenda;8755;725570;213145;1089;F. Schiesser;1370;10;72521309;aus Plan gelesen;Trinkwasser;WV Einzelligenschaft;;gut;Eisendeckel;Brunnenstube;WV Ennenda;F. Schiesser, Poststrasse, Ennenda;frisch gefasst;;15;16;;;keine vorh.;;ja;R. Brunner;09.03.1998;38;05.05.1998;;WAHR;FALSCH;FALSCH;FALSCH
66;Mäuer-Quelle;Elmerberg;Ennenda;8755;725490;213435;1089;Alter Skiclub Glarus;1350;0;72521308;aus Plan gelesen;Trinkwasser;WV Einzelligenschaft;;gut;Eisendeckel;Brunnenstube;WV Ennenda;Leisinger Werner Ennenda;Nutzung in Clubhütte (öffentlich), im Sommer Quellertrag minim;;11;12;;;keine vorh.;;ja;R. Brunner;09.03.1998;37;05.05.1998;;WAHR;FALSCH;FALSCH;FALSCH
67;Füchser-Quelle;Elmerbord;Ennenda;8755;725750;213560;1089;F. Jenny;1415;15;72521306;aus Plan gelesen;Trinkwasser;WV Einzelliegenschaft;ab Fels;gut;Eternit-Deckel;Brunnenstube;WV Ennenda;Fritz Jenny (WV Ennenda);Ferienhaus;;19;20;;;keine vorh.;2;nein;R. Brunner;09.03.1998;35;05.05.1998;;WAHR;FALSCH;FALSCH;FALSCH
68;Böden-Quelle;Elmerbord;Ennenda;8755;725955;213625;1089;Heinrich Altmann-Schuler;1440;0;72521307;aus Plan gelesen;Trinkwasser;WV Weiler/Quartier;ab Fels;sanierungsbedürftig;Holz;Brunnenstube;WV Ennenda;Hch. Altmann Ennenda;Versorgung von Bauernhaus Altmann, Ferienhaus Jak. Hösle, Sengen, Linthal;;25;26;;;keine vorh.;0;nein;R. Brunner;09.03.1998;36;05.05.1998;;WAHR;FALSCH;FALSCH;FALSCH
69;Bühlerberg-Quelle;Burgetsiten;Ennenda;8755;724750;213930;1110;verschiedene;1000;0;72421301;aus Plan gelesen;Trinkwasser;WV Weiler/Quartier;Bachwasserfassung;sanierungsbedürftig;Eisendeckel mit Schrauben;Brunnenstube;WV Ennenda;Peter Jäger EW Ennenda;Ferienhäuser;;33;34;;;keine vorh.;;;R. Brunner;09.03.1998;34;06.05.1998;;WAHR;FALSCH;FALSCH;FALSCH
70;Tugbächli-Quelle;Stüssiberg;Ennenda;8755;725090;214030;1116;P. Hefti, Ruostel;1190;0;72521403;aus Plan gelesen;Trinkwasser;WV Einzelliegenschaft;Bachwasserfassung;sanierungsbedürftig;Blech-Deckel;Brunnenstube;WV Ennenda;Peter Jäger EW Ennenda;;;9;10;;;keine vorh.;0;nein;R. Brunner;09.03.1998;33;06.05.1998;;WAHR;FALSCH;FALSCH;FALSCH
71;Hinter Ruostel-Quelle;Hinter Ruostel;Ennenda;8755;725090;214520;1118;V. Sulzer-Tschudi;1185;0;72521402;aus Plan gelesen;Trinkwasser;WV Weiler/Quartier;Sicker-/Zuleitung;sanierungsbedürftig;Betondeckel;Brunnenstube;WV Ennenda;V. Sulzer Tschudi Ennenda;;;11;12;;;keine vorh.;1;nein;R. Brunner;09.03.1998;32;06.05.1998;;WAHR;FALSCH;FALSCH;FALSCH
72;Endi-Quelle;Endi;Ennenda;8755;725205;213965;1122;Fritz Altmann-Hefti;1250;20;72521305;aus Plan gelesen;Trinkwasser;Hausversorgung, Stall, Stallbrunnen;Wasseraustritt;sanierungsbedürftig;Betondeckel;Brunnenstube;WV Ennenda;Fritz Altmann Ennenda;;;7;8;;;keine vorh.;0;nein;R. Brunner;09.03.1998;31;06.05.1998;;WAHR;FALSCH;FALSCH;FALSCH
73;Tschudiboden-Quelle;Bergwald;Ennenda;8755;725480;214175;1137;Jak. Hösle-Hefti;1360;0;72521401;aus Plan gelesen;Trinkwasser;Hausversorgung und Stallbrunnen;Wasseraustritt;sanierungsbedürftig;Holz;kein Schacht;WV Ennenda;Jak. Hösle-Hefti Ennenda;keine Abdeckung;;27;28;;;keine vorh.;0;nein;R. Brunner;09.03.1998;30;05.05.1998;;WAHR;FALSCH;FALSCH;FALSCH
74;Stöckli-Quelle;Stöckli;Ennenda;8755;726170;210580;1147;Gemeinde;1240;;72621002;aus Plan gelesen;Brauchwasser;Brunnen;ab Fels;;Steine;kein Schacht;WV Ennenda;Gemeindepräsident Becker (bewirtschaftet die Parzelle);;;5;6;;;keine vorh.;;;R. Brunner;09.03.1998;28;06.05.1998;;WAHR;FALSCH;FALSCH;FALSCH
75;Milchbach-Quelle;Alpeli;Ennenda;8755;727570;209630;1147;;1690;;72720901;aus Plan gelesen;;;;;;;Wv Ennenda;;;;;;;;keine vorh.;;;R. Brunner;09.03.1998;29;;;WAHR;WAHR;FALSCH;FALSCH
76;Staglen-Quelle;Staglen;Obstalden;8875;;;;Genossame Obstalden;860;;;aus Plan gelesen;im Moment ungenutzt;;;;;;Archiv AFU Glarus;;nicht aufgenommen;;;;;;keine vorh.;;;;25.03.1998;1;;06.07.1998;FALSCH;FALSCH;FALSCH;FALSCH
77;Beeriboden;;Obstalden;8875;731280;219345;;Genossame Obstalden;560;0;73121901;aus Plan gelesen;Trinkwasser;Brunnen;Stollen;gut;Betondeckel;Brunnenstube;Archiv AFU Glarus;J. Grob, Werkführer Obstalden;geht zu Brunnen an Kerenzerbergstrasse;;D22;;;;keine vorh.;;nein;M. Simmler;25.03.1998;2;06.07.1998;;WAHR;FALSCH;FALSCH;FALSCH
78;Tröglingen;;Obstalden;8875;731300;219680;;Genossame Obstalden;580;0;73121902;aus Plan gelesen;Trinkwasser;Brunnen;Sicker-/Zuleitung;schlecht;Betondeckel;Brunnenstube;Archiv AFU Glarus;J. Grob, Werkführer Obstalden;läuft direkt in Brunnen neben Wanderweg;;D23;D24;;;keine vorh.;1;nein;M. Simmler;25.03.1998;3;06.07.1998;;WAHR;FALSCH;FALSCH;FALSCH
79;Dotzweg;;Obstalden;8875;;;;D. Schrepfer-Dürst;630;;;aus Plan gelesen;im Moment ungenutzt;;;;;;Archiv AFU Glarus;;nicht aufgenommen;;;;;;;;;;25.03.1998;4;;06.07.1998;FALSCH;FALSCH;FALSCH;FALSCH
80;Rüti;;Obstalden;8875;730260;219835;;Gebr. Abt;600;0;73021901;aus Plan gelesen;Brauchwasser;Brunnen;Sicker-/Zuleitung;schlecht;Betondeckel;Brunnenstube;Archiv AFU Glarus;J. Grob, Werkführer Obstalden;"Schacht undicht; Brunnen bei Ferienhaus";;D29;D30;;;keine vorh.;1;nein;M. Simmler;25.03.1998;5;06.07.1998;;WAHR;FALSCH;FALSCH;FALSCH
81;Untertschingel;;Obstalden;8875;;;;J. Menzi-Schmid;660;;;aus Plan gelesen;im Moment ungenutzt;;;;;;Archiv AFU Glarus;;"nicht aufgenommen
gestrichen von Gemeinde";;;;;;;;;;25.03.1998;6;;06.07.1998;FALSCH;FALSCH;FALSCH;FALSCH
82;Rütiloch;;Obstalden;8875;;;;Heussi-Ackermann, Büeli;660;;;aus Plan gelesen;im Moment ungenutzt;;;;;;Archiv AFU Glarus;;nicht aufgenommen;;;;;;;;;;25.03.1998;7;;06.07.1998;FALSCH;FALSCH;FALSCH;FALSCH
83;Rütiloch;;Obstalden;8875;;;;E. Luchsinger-Tinner;680;;;aus Plan gelesen;im Moment ungenutzt;;;;;;Archiv AFU Glarus;;nicht aufgenommen;;;;;;;;;;25.03.1998;8;;06.07.1998;FALSCH;FALSCH;FALSCH;FALSCH
84;Boden;;Obstalden;8875;730335;219985;;Ackermann- Erben;550;0;73021902;aus Plan gelesen;Brauchwasser;Brunnen;?;sanierungsbedürftig;?;?;Archiv AFU Glarus;J. Grob, Werkführer Obstalden;Fassung durch Schnee zerdrückt, nicht zugänglich;;D25;D26;;;keine vorh.;;nein;M. Simmler;25.03.1998;9;06.07.1998;;WAHR;FALSCH;FALSCH;FALSCH
85;Voglingen;;Obstalden;8875;;;;R. Schrepfer-Menzi;550;;;aus Plan gelesen;im Moment ungenutzt;;;;;;Archiv AFU Glarus;;"an Trinkwasserversorgung angeschlossen;  nicht aufgenommen";;;;;;keine vorh.;;;;25.03.1998;10;;06.07.1998;FALSCH;FALSCH;FALSCH;FALSCH
86;Gnappen;;Obstalden;8875;;;;Brunnenkorporation Gnappen;560;;;aus Plan gelesen;im Moment ungenutzt;;;;;;Archiv AFU Glarus;;"nicht aufgenommen
gestrichen von Gemeinde";;;;;;;;;;25.03.1998;11;;06.07.1998;FALSCH;FALSCH;FALSCH;FALSCH
87;Grüeningen;;Obstalden;8875;730250;220030;;Gebr. Grob, Stocken;520;15;73022001;aus Plan gelesen;Brauchwasser;Stallbrunnen;Sicker-/Zuleitung;sanierungsbedürftig;keine vorh.;Brunnenstube;Archiv AFU Glarus;J. Grob, Werkführer Obstalden;;;D27;D28;;;keine vorh.;1;nein;M. Simmler;25.03.1998;12;06.07.1998;;WAHR;FALSCH;FALSCH;FALSCH
88;Grüeningen;;Obstalden;8875;;;;Gebr. Grob, Stocken;550;;;aus Plan gelesen;im Moment ungenutzt;;;;;;Archiv AFU Glarus;;"nicht aufgenommen
gestrichen gemäss Gemeinde";;;;;;;;;;25.03.1998;13;;06.07.1998;FALSCH;FALSCH;FALSCH;FALSCH
89;Stuggacher;;Obstalden;8875;729980;220225;;M. Speich-Weber;570;;72922001;aus Plan gelesen;Trinkwasser;WV Einzelliegenschaft;Sicker-/Zuleitung;sanierungsbedürftig;;kein Schacht;Archiv AFU Glarus;J. Grob, Werkführer Obstalden;;;F16;F17;;;keine vorh.;1;nein;M. Simmler;25.03.1998;14;18.08.1998;;WAHR;FALSCH;FALSCH;FALSCH
90;Stuggacher;;Obstalden;8875;729930;220220;;M. Speich-Weber;580;0;72922002;aus Plan gelesen;Trinkwasser;WV Einzelliegenschaft;Sicker-/Zuleitung;sanierungsbedürftig;Betondeckel;Brunnenstube;Archiv AFU Glarus;J. Grob, Werkführer Obstalden;;;F14;F15;;;keine vorh.;2;nein;M. Simmler;25.03.1998;15;18.08.1998;;WAHR;FALSCH;FALSCH;FALSCH
91;Stuggacher;;Obstalden;8875;730020;220255;;Th. Zwicky;590;0;73022002;aus Plan gelesen;Brauchwasser;Brunnen;Sicker-/Zuleitung;gut;Betondeckel;Brunnenstube;Archiv AFU Glarus;J. Grob, Werkführer Obstalden;;;F18;F19;;;keine vorh.;1;nein;M. Simmler;25.03.1998;16;18.08.1998;;WAHR;FALSCH;FALSCH;FALSCH
92;Nidstalden;;Obstalden;8875;729975;220160;;F. Dürst-Legler;560;0;72922003;aus Plan gelesen;Brauchwasser;Stallbrunnen;Sicker-/Zuleitung;sanierungsbedürftig;Betondeckel;Brunnenstube;Archiv AFU Glarus;J. Grob, Werkführer Obstalden;auch für Fischweiher;;D35;D36;;;keine vorh.;1;nein;M. Simmler;25.03.1998;17;06.07.1998;;WAHR;FALSCH;FALSCH;FALSCH
93;Nidstalden;;Obstalden;8875;;;;Gde. Obstalden;640;;;aus Plan gelesen;im Moment ungenutzt;;;;;;Archiv AFU Glarus;;"nicht aufgenommen
gestrichen gemäss Gemeinde";;;;;;;;;;25.03.1998;18;;06.07.1998;FALSCH;FALSCH;FALSCH;FALSCH
94;Nidstalden;;Obstalden;8875;;;;J. Menzi-Schmid;680;;;aus Plan gelesen;im Moment ungenutzt;;;;;;Archiv AFU Glarus;;"nicht aufgenommen
gestrichen gemäss Gemeinde";;;;;;;;;;25.03.1998;19;;06.07.1998;FALSCH;FALSCH;FALSCH;FALSCH
95;Salleregg;;Obstalden;8875;729755;220170;;J.J. Dürst-Baumberger;610;0;72922004;aus Plan gelesen;Trinkwasser;WV Einzelliegenschaft;Sicker-/Zuleitung;schlecht;Türe (offen);Brunnenstube;Archiv AFU Glarus;J. Grob, Werkführer Obstalden;;;D33;D34;;;keine vorh.;4;nein;M. Simmler;25.03.1998;20;06.07.1998;;WAHR;FALSCH;FALSCH;FALSCH
96;Unter Bräch;;Obstalden;8875;;;;J.J. Schrepfer-Luchsinger;600;;;aus Plan gelesen;im Moment ungenutzt;;;;;;Archiv AFU Glarus;;"nicht aufgenommen
gestrichen gemäss Gemeinde";;;;;;;;;;25.03.1998;21;;06.07.1998;FALSCH;FALSCH;FALSCH;FALSCH
97;Hafland;;Obstalden;8875;730330;220230;;Korporation Mühletal;470;40;73022003;aus Plan gelesen;Trinkwasser;WV Weiler/Quartier;Sicker-/Zuleitung;gut;Betondeckel;Brunnenstube;Archiv AFU Glarus;J. Grob, Werkführer Obstalden;Leitung bis ca. Mast;;D19;D21;;;keine vorh.;1;nein;M. Simmler;25.03.1998;22;06.07.1998;;WAHR;FALSCH;FALSCH;FALSCH
98;Chorrichterwald;;Obstalden;8875;;;;Rupf, Haus Tschachli;430;;;aus Plan gelesen;im Moment ungenutzt;;;;;;Archiv AFU Glarus;;"nicht aufgenommen
gestrichen gemäss Gemeinde";;;;;;;;;;25.03.1998;23;;06.07.1998;FALSCH;FALSCH;FALSCH;FALSCH
99;Obere Schwändi;;Obstalden;8875;730510;219110;;P. Menzi;830;0;73021903;aus Plan gelesen;Trinkwasser;WV Einzelliegenschaft;aufstossend;sanierungsbedürftig;Holz/Ziegel;Brunnenstube;Archiv AFU Glarus;J. Grob, Werkführer Obstalden;;;E6;E7;;;keine vorh.;;nein;M. Simmler;25.03.1998;24;06.07.1998;;WAHR;FALSCH;FALSCH;FALSCH
100;Mitlisor;;Obstalden;8875;730715;219205;;J. Schrepfer-Küng;795;0;73021904;aus Plan gelesen;Trinkwasser;WV Einzelliegenschaft;?;sanierungsbedürftig;Türe;Brunnenstube;Archiv AFU Glarus;J. Grob, Werkführer Obstalden;eigentliche Fassung zugewachsen;;I11;I12;;;keine vorh.;;nein;M. Simmler;25.03.1998;25;18.08.1998;;WAHR;FALSCH;FALSCH;FALSCH
101;Mitlisor;;Obstalden;8875;730780;219240;;Durscher, Kirchmeier, Ackermann;780;0;73021905;aus Plan gelesen;Brauchwasser;Stallbrunnen;Sicker-/Zuleitung;gut;Betondeckel;Brunnenstube;Archiv AFU Glarus;J. Grob, Werkführer Obstalden;Leitung zu Wohnhäusern defekt;;I9;I10;;;keine vorh.;1;nein;M. Simmler;25.03.1998;26;18.08.1998;;WAHR;FALSCH;FALSCH;FALSCH
102;Tübereggli;;Obstalden;8875;730195;219285;;M. Kamm-Schrepfer;780;;73021906;aus Plan gelesen;Trinkwasser;WV Einzelliegenschaft;ab Fels;sanierungsbedürftig;Stein;kein Schacht;Archiv AFU Glarus;J. Grob, Werkführer Obstalden;;;E29;E28;E30;;keine vorh.;;nein;M. Simmler;25.03.1998;27;06.07.1998;;WAHR;FALSCH;FALSCH;FALSCH
103;Tübereggli;;Obstalden;8875;730180;219240;;Genossame Obstalden;800;;73021907;aus Plan gelesen;im Moment ungenutzt;;Bachwasserfassung;;;;Archiv AFU Glarus;J. Grob, Werkführer Obstalden;diverse Tränkerechte;;E31;E32;;;keine vorh.;;;M. Simmler;25.03.1998;28;06.07.1998;;WAHR;FALSCH;FALSCH;FALSCH
104;Tüberli;;Obstalden;8875;730165;219480;;Erben M. Kamm;720;20;73021908;aus Plan gelesen;Brauchwasser;Stallbrunnen;Sicker-/Zuleitung;gut;Eisendeckel;Brunnenstube;Archiv AFU Glarus;J. Grob, Werkführer Obstalden;;;E4;E5;;;keine vorh.;2;nein;M. Simmler;25.03.1998;29;06.07.1998;;WAHR;FALSCH;FALSCH;FALSCH
105;Tüberli;;Obstalden;8875;;;;Ch. Vetsch-Kamm;730;;;aus Plan gelesen;im Moment ungenutzt;;;;;;Archiv AFU Glarus;;nicht aufgenommen;;;;;;;;;;25.03.1998;30;;06.07.1998;FALSCH;FALSCH;FALSCH;FALSCH
106;Tübern;;Obstalden;8875;;;;Ch. Vetsch-Kamm;610;;;aus Plan gelesen;Brauchwasser;Brunnen;;;;;Archiv AFU Glarus;;nicht aufgenommen;;;;;;;;;;25.03.1998;31;;06.07.1998;FALSCH;FALSCH;FALSCH;FALSCH
107;Boden;;Obstalden;8875;729845;219580;;Ackermann, Menzi;780;0;72921901;aus Plan gelesen;Trinkwasser;WV Weiler/Quartier;Sicker-/Zuleitung;gut;Betondeckel;Brunnenstube;Archiv AFU Glarus;J. Grob, Werkführer Obstalden;2 Häuser, Ställe;;E35;;;;keine vorh.;1;nein;M. Simmler;25.03.1998;32;06.07.1998;;WAHR;FALSCH;FALSCH;FALSCH
108;Kännel;;Obstalden;8875;729700;219730;;Gde. Obstalden;720;0;72921902;aus Plan gelesen;im Moment ungenutzt;Notwasserversorgung Gemeinde;Stollen;gut;Türe;Brunnenstube;Archiv AFU Glarus;J. Grob, Werkführer Obstalden;Alte WV Obstalden;;E2;E3;;;erforderlich;1;ja;M. Simmler;25.03.1998;33;06.07.1998;;WAHR;FALSCH;FALSCH;FALSCH
109;Markstein;;Obstalden;;729580;219755;;Gde. Obstalden;750;0;72921903;aus Plan gelesen;Trinkwasser;WV Einzelliegenschaft;Sicker-/Zuleitung;gut;Türe;Brunnenstube;Archiv AFU Glarus;J. Grob, Werkführer Obstalden;;;D37;E1;;;keine vorh.;1;ja;M. Simmler;25.03.1998;34;06.07.1998;;WAHR;FALSCH;FALSCH;FALSCH
110;Furggel;;Obstalden;8875;729570;218840;;Genossame Obstalden;970;0;72921801;aus Plan gelesen;Trinkwasser;WV Einzelliegenschaft;ab Fels;sanierungsbedürftig;Holz;Brunnenstube;Archiv AFU Glarus;J. Grob, Werkführer Obstalden;;;E8;E9;;;keine vorh.;;nein;M. Simmler;25.03.1998;35;06.07.1998;;WAHR;FALSCH;FALSCH;FALSCH
111;Blänggli;;Obstalden;8875;729485;218660;;Genossame Obstalden;990;0;72921802;aus Plan gelesen;Trinkwasser;Ferienhäuser;?;sanierungsbedürftig;Steine;Brunnenstube;Archiv AFU Glarus;J. Grob, Werkführer Obstalden;wird zum Ferienhaus hochgepumpt;;E10;E11;;;keine vorh.;;nein;M. Simmler;25.03.1998;36;06.07.1998;;WAHR;FALSCH;FALSCH;FALSCH
112;Blanggschwändi a + b;;Obstalden;8875;729615;218405;;Kaspar Dürst-Kamm;1120;0;72921803;aus Plan gelesen;Trinkwasser;WV Einzelliegenschaft;Sicker-/Zuleitung;gut;Türe;Brunnenstube/Sammelschacht;Archiv AFU Glarus;J. Grob, Werkführer Obstalden;abgeschlossen;;E12;E13;;;keine vorh.;2;ja;M. Simmler;25.03.1998;37;06.07.1998;;WAHR;FALSCH;FALSCH;FALSCH
113;Bächlen;;Obstalden;8875;729980;218225;;J. Schrepfer-Fiesler;1080;;72921804;aus Plan gelesen;Trinkwasser;WV Einzelliegenschaft;Sicker-/Zuleitung;sanierungsbedürftig;keine vorh.;kein Schacht;Archiv AFU Glarus;J. Grob, Werkführer Obstalden;läuft via Plastikeimer ins Reservoir --> nicht messbar;;E18;E19;;;keine vorh.;3;nein;M. Simmler;25.03.1998;38;06.07.1998;;WAHR;FALSCH;FALSCH;FALSCH
114;Bächlen;;Obstalden;8875;;;;J. Schrepfer-Fiesler;1070;;;aus Plan gelesen;im Moment ungenutzt;;;;;;Archiv AFU Glarus;;nicht aufgenommen;;;;;;;;;;25.03.1998;39;;06.07.1998;FALSCH;FALSCH;FALSCH;FALSCH
115;Käsrachen;;Obstalden;8875;730100;218160;;Ackermann- Erben;1060;0;73021801;aus Plan gelesen;Trinkwasser;WV Einzelliegenschaft;Sicker-/Zuleitung;gut;Betondeckel;Brunnenstube;Archiv AFU Glarus;J. Grob, Werkführer Obstalden;;;E20;E21;;;keine vorh.;2;nein;M. Simmler;25.03.1998;40;06.07.1998;;WAHR;FALSCH;FALSCH;FALSCH
116;Laubegg;;Obstalden;8875;730225;218185;;F. Ackermann jun.;1035;0;73021802;aus Plan gelesen;Trinkwasser;WV Einzelliegenschaft;Sicker-/Zuleitung;gut;Betondeckel;Brunnenstube;Archiv AFU Glarus;J. Grob, Werkführer Obstalden;ehem. Drainage;;E24;E25;;;keine vorh.;1;nein;M. Simmler;25.03.1998;41;06.07.1998;;WAHR;FALSCH;FALSCH;FALSCH
117;Laubegg;;Obstalden;8875;730255;218155;;F. Ackermann jun.;1020;0;73021803;aus Plan gelesen;Trinkwasser;WV Einzelliegenschaft;Sicker-/Zuleitung;gut;Eisendeckel;Brunnenstube;Archiv AFU Glarus;J. Grob, Werkführer Obstalden;;;E22;E23;;;keine vorh.;1;ja;M. Simmler;25.03.1998;42;06.07.1998;;WAHR;FALSCH;FALSCH;FALSCH
118;Altstafel;;Obstalden;8875;;;;Neue Alp Genossame;1210;;;aus Plan gelesen;im Moment ungenutzt;;;;;;Archiv AFU Glarus;;nicht aufgenommen;;;;;;;;;;25.03.1998;43;;06.07.1998;FALSCH;FALSCH;FALSCH;FALSCH
119;Tiefboden-Quelle;Losen;Obstalden;8875;730838;216556;;WV Obstalden;1420;20;73021601;im Feld eingemessen;Trinkwasser;WV Gemeinde;Stollen;gut;Türe;Brunnenstube;Archiv AFU Glarus;J. Grob, Werkführer Obstalden;1968 erstellt;;I13;I14;I15;;definitiv;;ja;M. Simmler;25.03.1998;44;18.08.1998;;WAHR;FALSCH;FALSCH;FALSCH
120;Meerenbach-Quelle;;Obstalden;8875;730810;215850;;Neue Alp Genossame;1520;;73021501;aus Plan gelesen;im Moment ungenutzt;;nicht gefasst;;;kein Schacht;Archiv AFU Glarus;J. Grob, Werkführer Obstalden;ev. für Trinkwasser vorgesehen;;J34;J35;J36;;;;;M. Simmler;25.03.1998;45;18.08.1998;;WAHR;FALSCH;FALSCH;FALSCH
121;Meerenbach-Quelle;;Obstalden;8875;730740;215870;;Neue Alp Genossame;1520;;73021502;aus Plan gelesen;im Moment ungenutzt;;nicht gefasst;;;kein Schacht;Archiv AFU Glarus;J. Grob, Werkführer Obstalden;ev. für Trinkwasserversorgung Gemeinde vorgesehen;;I36;;;;;;;M. Simmler;25.03.1998;46;18.08.1998;;WAHR;FALSCH;FALSCH;FALSCH
122;Quelle Sunnbach (Sonnenbach);Sunnberg;Filzbach;8876;728110;219970;300;Gde. Filzbach;735;;72821901;aus Plan gelesen;im Moment ungenutzt;WV Gemeinde;;;Eisendeckel;Brunnenstube;Archiv AFU Glarus;"Paul Menzi, Brunnenmeister Filzbach; Urs Kamm 055 614 19 59";Q. beim Gaden! Zur Zeit nicht in Gem. Netz gespeist, geht in Res Sonnenbach gem. Angabe von Urs Kamm vom 15.4.2002 ist er Eigent. der Q., Was. von ihm auch genutzt, Gem. nur Notw., Pächter güllt ob Q.;;11;;;;erforderlich;;ja;Brunner;25.03.1998;1;30.06.1999;;WAHR;FALSCH;FALSCH;FALSCH
123;Quelle auf dem Schluchen;;Filzbach;8876;727600;219780;323;Gde. Filzbach, J. Menzi-Roth;770;;72721901;aus Plan gelesen;Trinkwasser;WV Gemeinde;ab Fels;gut;;Reservoir;Archiv AFU Glarus;Paul Menzi, Brunnenmeister Filzbach;Wasser direkt in Reservoir;;8;;;;definitiv;;ja;Brunner;25.03.1998;2;30.06.1999;;WAHR;FALSCH;FALSCH;FALSCH
124;Quelle Menzi, Sonnbergli;Sonnbergli;Filzbach;8876;728140;219910;;W. Menzi, Sonnbergli;740;0;72821902;aus Plan gelesen;im Moment ungenutzt;;Sicker-/Zuleitung;gut;Eisendeckel;Brunnenstube;Archiv AFU Glarus;Paul Menzi, Brunnenmeister Filzbach, Leitung führt über Wieder zum Haus/Res von W. Menzi;;;9;10;;;;4;nein;Brunner;25.03.1998;3;30.06.1999;;WAHR;FALSCH;FALSCH;FALSCH
125;Quelle im Hinterberg;Britterberg;Filzbach;8876;727055;219630;366;F. Menzi-Beusch;840;;72721902;aus Plan gelesen;im Moment ungenutzt;Einzelliegenschaft;ab Fels;schlecht;Blech-Deckel;Brunnenstube;Archiv AFU Glarus;F. Menzi-Beusch, Filzbach;;;3;4;5;;;;nein;Brunner;25.03.1998;4;30.06.1999;;WAHR;FALSCH;FALSCH;FALSCH
126;Quelle im Britterwald 1;Britterwald;Filzbach;8876;726530;219965;210;Gde. Filzbach;660;0;72621904;aus Plan gelesen;Trinkwasser;Einzelliegenschaft;Sicker-/Zuleitung;gut;Eisendeckel;Brunnenstube;Archiv AFU Glarus;Gde. Filzbach;;;12;13;;;keine vorh.;1;nein;Brunner;25.03.1998;5;30.06.1999;;WAHR;FALSCH;FALSCH;FALSCH
127;Quelle im Kreuzweg;Tränggeli;Filzbach;8876;;;;F. Kirchmeier;770;;;aus Plan gelesen;Brauchwasser;Stallbrunnen;;;;;Archiv AFU Glarus;Albert Kirchmeier, Vordembach, Filzbach;;;;;;;keine vorh.;;;;25.03.1998;6;;30.06.1999;FALSCH;FALSCH;FALSCH;FALSCH
128;Quelle im Rietloch;Stäfeli;Filzbach;8876;;;3;Genossame Gde. Filzbach;1400;;;aus Plan gelesen;Brauchwasser;Vieh-Tränke;ab Fels;;keine vorh.;kein Schacht;Archiv AFU Glarus;Gemeinde Filzbach;;;;;;;keine vorh.;;nein;;25.03.1998;7;;30.06.1999;FALSCH;FALSCH;FALSCH;FALSCH
129;;Talgäden/Trosgaden;Filzbach;8876;;;3;;1110;;;aus Plan gelesen;Brauchwasser;Vieh-Tränke;ab Fels;;;;Archiv AFU Glarus;Gemeinde Filzbach;;;;;;;keine vorh.;;;;25.03.1998;8;;30.06.1999;FALSCH;FALSCH;FALSCH;FALSCH
130;Quelle Rietloch;;Filzbach;8876;727480;217745;3;Gde. Filzbach;1405;0;72721703;aus Plan gelesen;Trinkwasser;Bergwirtschaft Habergschwänd,Alpgebäude;Sicker-/Zuleitung;gut;Eisendeckel 4 Kant;Brunnenstube;Archiv AFU Glarus;Gemeinde Filzbach;"Restaurant Habergschwänd, Alpgebäude Mollis und Filzbach; UV-Anlage in Alphütte Habergschwänd";;6;7;;;erforderlich;2;nein;Brunner;25.03.1998;9;30.06.1999;;WAHR;FALSCH;FALSCH;FALSCH
131;;Sunnenspitzen;Filzbach;8876;;;;Gde. Mollis;1130;;;aus Plan gelesen;im Moment ungenutzt;;;;;;Archiv AFU Glarus;;;;;;;;;;;;25.03.1998;10;;30.06.1999;FALSCH;FALSCH;FALSCH;FALSCH
133;Quelle Rütisbrunnen;Rütisbrunnen;Mollis;8753;725620;218935;925;Gde. Mollis;930;;72521801;im Feld eingemessen;Trinkwasser;WV Gemeinde;Sicker-/Zuleitung;gut;Tor ROMAG;Brunnenstube;Archiv Lienert & Haering AG;Ernst Bühler, Werkführer Mollis;;;9;10;;;definitiv;1;Ja;Brunner;25.03.1998;2;28.06.1999;;WAHR;FALSCH;FALSCH;FALSCH
134;Quelle Mäuerli (Mäuer);Rütisbrunnen;Mollis;8753;725780;219060;925;Gde. Mollis;891.2999878;;72521901;im Feld eingemessen;Trinkwasser;WV Gemeinde;Sicker-/Zuleitung;gut;Tor ROMAG;Brunnenstube;Archiv Lienert & Haering AG;Ernst Bühler, Werkführer Mollis;;;11;12;;;definitiv;2;Ja;Brunner;25.03.1998;3;28.06.1999;;WAHR;FALSCH;FALSCH;FALSCH
135;Quelle Nolberg;Nolberg;Mollis;8753;725425;218420;;Fritz Mühlmann, Mollis;940;10;72521803;aus Plan gelesen;Trinkwasser;Ferienhäuser, 2 Ställe;ab Fels;gut;Betondeckel;Brunnenstube;Archiv AFU Glarus;Fritz Mühlmann, Mollis;;;36;1;;;keine vorh.;1;nein;Brunner;25.03.1998;4;29.06.1999;;WAHR;FALSCH;FALSCH;FALSCH
136;Quelle Dunkelrunse;Dunggelrus;Mollis;8753;725825;219505;;Gde. Mollis;780;;72521902;aus Plan gelesen;im Moment ungenutzt;;ab Fels;schlecht;Eisentor;Brunnenstube;Archiv AFU Glarus;Ernst Bühler, Werkführer Mollis;;;20;21;;;keine vorh.;1;nein;Brunner;25.03.1998;5;28.06.1999;;WAHR;FALSCH;FALSCH;FALSCH
137;Quelle Niederschlacht;Niderschlacht;Mollis;8753;726330;219250;;J. Dürst-Staub;920;;72621901;aus Plan gelesen;Trinkwasser;WV Einzelliegenschaft;Sicker-/Zuleitung;schlecht;Betondeckel;Brunnenstube/Reservoir;Archiv AFU Glarus;J. Dürst-Staub, Mollis;Fotonr. 18,19,20=Pumpstation, 21,22= Quelle;;18;19/20;21/22;;keine vorh.;1;nein;Brunner;25.03.1998;6;29.06.1999;;WAHR;FALSCH;FALSCH;FALSCH
138;Bäch;Hinterfacht, Bächwald;Mollis;8753;;;;Gde. Mollis;490;;;aus Plan gelesen;im Moment ungenutzt;;;;;;Archiv AFU Glarus;Ernst Bühler, Werkführer Mollis;identisch Eggli;;;;;;;;;;25.03.1998;7;;15.07.1999;FALSCH;FALSCH;FALSCH;FALSCH
139;Feldbach ob der Mühle;;Mollis;8753;;;;Gde. Mollis;910;;;aus Plan gelesen;im Moment ungenutzt;;;;;;Archiv AFU Glarus;Ernst Bühler, Werkführer Mollis;;;;;;;;;;;25.03.1998;8;;02.07.1999;FALSCH;FALSCH;FALSCH;FALSCH
140;Feldbach - Frierichsruh;;Mollis;8753;;;;Gde. Mollis;450;;;aus Plan gelesen;;Biotop;;;;;Archiv AFU Glarus;Ernst Bühler, Werkführer Mollis;;;;;;;;;;;25.03.1998;9;;02.07.1999;FALSCH;FALSCH;FALSCH;FALSCH
141;Bodenwald;Haltenguet;Mollis;8753;723875;215530;;BABELW;460;;72321501;aus Plan gelesen;Trinkwasser;Kaverne;Stollen ca. 500m lang;gut;Eisentor;Brunnenstube;Archiv AFU Glarus;"Rusch Kurt 612 17 77
Reumer Peter 612 17 77";"Bundesamt für......
Plan von Stollen vorhanden";;16;17;;;keine vorh.;;;Brunner;25.03.1998;11;02.07.1999;;WAHR;FALSCH;FALSCH;FALSCH
142;Goldigenwäldli/Rusteli 1;;Mollis;8753;724750;215660;;Gde. Mollis;770;0;72421501;aus Plan gelesen;Trinkwasser;2 Ferienhäuser, 2 Gade + Brunnen;Sicker-/Zuleitung;sanierungsbedürftig;Eisendeckel;Brunnenstube;Archiv AFU Glarus;Ernst Bühler, Werkführer Mollis;;;5;6;;;keine vorh.;1;nein;Brunner;25.03.1998;10;02.07.1999;;WAHR;FALSCH;FALSCH;FALSCH
143;Obere Nüenalp 2;;Mollis;8753;727135;217505;;Gde. Mollis;1560;50;72721701;aus Plan gelesen;Trinkwasser;Alpgebäude;Sicker-/Zuleitung;gut;Pilzdeckel feuerverzinkt;Brunnenstube/Sammelschacht;Archiv AFU Glarus;Ernst Bühler, Werkführer Mollis;"Anz. Zuleitungen: 1 Quelle + Zuleitung von Nüenalp 1
Fotonr. 27= Reservoir";;25;26;27;;keine vorh.;;ja;Brunner;25.03.1998;12;29.06.1999;;WAHR;FALSCH;FALSCH;FALSCH
144;Obere Nüenalp 1;;Mollis;8753;727135;217280;;Gde. Mollis;1580;80;72721702;aus Plan gelesen;Trinkwasser;Alpgebäude;Sicker-/Zuleitung;gut;Eisendeckel mit 4 Kant;Brunnenstube;Archiv AFU Glarus;Ernst Bühler, Werkführer Mollis;;;24;;;;keine vorh.;2;nein;Brunner;25.03.1998;13;29.06.1999;;WAHR;FALSCH;FALSCH;FALSCH
145;Mulleren;Mattli;Mollis;8753;;;;Gde. Mollis;1560;;;aus Plan gelesen;Brauchwasser;Weidbrunnen;;;;;Archiv AFU Glarus;Ernst Bühler, Werkführer Mollis;;;;;;;keine vorh.;;;;25.03.1998;14;;29.06.1999;FALSCH;FALSCH;FALSCH;FALSCH
146;Quelle Rietegg 1;Rietegg;Mollis;8753;726530;217295;;Korporation Mulleren;1495;20;72621701;aus Plan gelesen;Trinkwasser;WV Mullern, Rest. Alpenrösli, Ferien- und Wohnh.;Sicker-/Zuleitung;;Eisendeckel 4 kant. Seitl.;Brunnenstube;Archiv AFU Glarus;J. Winteler-Tresch, Mullern;;;5;6;;;erforderlich;1;nein;Brunner;25.03.1998;15;29.06.1999;;WAHR;FALSCH;FALSCH;FALSCH
147;Untere Nüenalp 2;Chalberweid - Rietegg;Mollis;8753;726285;217435;;Gde. Mollis;1330;;72621702;aus Plan gelesen;Trinkwasser;Alpgebäude;Sicker-/Zuleitung;gut;Eisendeckel mit 4 Kant;Brunnenstube/Sammelschacht;Archiv AFU Glarus;Ernst Bühler, Werkführer Mollis;Anzahl Zuleitungen: 1Quelle + Zuleitung von Nüenalp 1;;14;15;;;keine vorh.;;nein;Brunner;25.03.1998;16;29.06.1999;;WAHR;FALSCH;FALSCH;FALSCH
148;Quelle Chalberweid;Chalberweid;Mollis;8753;725915;217515;;Rast, Weber ,Beglinger;1200;0;72521701;aus Plan gelesen;Trinkwasser;Ferienhäuser, Ställe;ab Fels, 2 Einspritze;gut;Holz;Brunnenstube;Archiv AFU Glarus;Ernst Bühler, Werkführer Mollis;;;16;17;;;keine vorh.;;nein;Brunner;25.03.1998;17;29.06.1999;;WAHR;FALSCH;FALSCH;FALSCH
149;Quelle Obstock;Bachmannberg;Mollis;8753;725510;217670;;Dr. W. Bachmann;1050;;72521702;aus Plan gelesen;Trinkwasser;Ferienhäuser, Ställe;Sicker-/Zuleitung;gut;Eisentüre;Brunnenstube/Reservoir;Archiv AFU Glarus;Dr. W. Bachmann;"Quellschacht nicht gefunden
keine Messungen möglich
Lage gemäss Jakob Rychen eingezeichnet";;;;;;keine vorh.;2;ja;Brunner;25.03.1998;18;29.06.1999;;WAHR;FALSCH;FALSCH;FALSCH
150;Obere Fegsander-Quelle;Feggsander oben;Mollis;8753;725304;216648;;Gde. Mollis;744;;72521601;im Feld eingemessen;Trinkwasser;WV Gemeinde;Sicker-/Zuleitung;gut;Tor ROMAG;Brunnenstube;Archiv Lienert & Haering AG;Ernst Bühler, Werkführer Mollis;;;1;2;;;definitiv;1;Ja;Brunner;25.03.1998;19;28.06.1999;;WAHR;FALSCH;FALSCH;FALSCH
151;Untere Fegsander-Quelle;Feggsander unten;Mollis;8753;725246;216658;;Gde. Mollis;710;;72521602;im Feld eingemessen;Trinkwasser;WV Gemeinde;Sicker-/Zuleitung;gut;Tor ROMAG;Brunnenstube;Archiv Lienert & Haering AG;Ernst Bühler, Werkführer Mollis;;;3;4;;;definitiv;1;Ja;Brunner;25.03.1998;20;28.06.1999;;WAHR;FALSCH;FALSCH;FALSCH
152;Untere Bäch-Quelle;Bächwald;Mollis;8753;725248;216588;;Gde. Mollis;716;;72521603;im Feld eingemessen;Trinkwasser;WV Gemeinde;Sicker-/Zuleitung;gut;Türe;Brunnenstube;Archiv Lienert & Haering AG;Ernst Bühler, Werkführer Mollis;kurzgeschlossen;;28;29;;;definitiv;2;Ja;Brunner;25.03.1998;21;17.08.1999;;WAHR;FALSCH;FALSCH;FALSCH
153;Obere Bäch-Quelle;Bächwald;Mollis;8753;725254;216572;;Gde. Mollis;727;0;72521604;im Feld eingemessen;Trinkwasser;WV Gemeinde;Sicker-/Zuleitung;gut;Eisendeckel 4 kant. Schrauben;Brunnenstube;Archiv Lienert & Haering AG;Ernst Bühler, Werkführer Mollis;kurzgeschlossen;;35;36;;;definitiv;1;Ja;Brunner;25.03.1998;22;28.06.1999;;WAHR;FALSCH;FALSCH;FALSCH
154;Quelle Kännelalp;Chenelhütte;Mollis;8753;725640;215820;;Gde. Mollis;1085;0;72521501;aus Plan gelesen;Trinkwasser;Alpgebäude;Sicker-/Zuleitung;gut - schlecht;Eisentor;Brunnenstube;archiv AFU Glarus;Ernst Bühler, Werkführer Mollis;;;21;22;;;keine vorh.;1;nein;Brunner;25.03.1998;23;28.06.1999;;WAHR;FALSCH;FALSCH;FALSCH
155;Quelle Gufeli;Rossweid;Mollis;8753;725285;215785;;Gde. Mollis/ privat;920;;72521502;aus Plan gelesen;Trinkwasser;Ferienhaus / Stall;ab Fels;gut;Eisentor;Brunnenstube;Archiv AFU Glarus;Ernst Bühler, Werkführer Mollis;;;23;24;;;keine vorh.;;nein;Brunner;25.03.1998;24;28.06.1999;;WAHR;FALSCH;FALSCH;FALSCH
156;Rüsliwald/Goldigen;Rüsliwald;Mollis;8753;725340;215455;;H. Laager, R. Laager;1055;;72521503;aus Plan gelesen;Trinkwasser;1 Wohnhaus, 1 Ferienhaus, 3 Gade;Sicker-/Zuleitung;gut;Eisentor;Brunnenstube;Archiv AFU Glarus;Ernst Bühler, Werkführer Mollis;;;1;2;;;keine vorh.;2;nein;Brunner;25.03.1998;25;02.07.1999;;WAHR;FALSCH;FALSCH;FALSCH
157;Untere Fronalp;Lachen;Mollis;8753;;;;Gde. Mollis;1130;;;aus Plan gelesen;;Weidbrunnen;;;;;Archiv AFU Glarus;Ernst Bühler, Werkführer Mollis;;;;;;;;;;;25.03.1998;26;;29.06.1999;FALSCH;FALSCH;FALSCH;FALSCH
158;Quelle Stögg;;Mollis;8753;;;;Gde. Mollis;1380;;;aus Plan gelesen;Brauchwasser;Vieh-Tränke;;;;;Archiv AFU Glarus;Ernst Bühler, Werkführer Mollis;;;;;;;keine vorh.;;;;25.03.1998;27;;29.06.1999;FALSCH;FALSCH;FALSCH;FALSCH
159;Hofalpeli;;Mollis;8753;727340;215580;;Melchior Pfeiffer;1380;0;72721501;aus Plan gelesen;Trinkwasser;Alpgebäude;Sicker-/Zuleitung;gut;Plastiktank;Brunnenstube;Archiv AFU Glarus;Melchior Pfeiffer, Mollis;;;3;4;;;keine vorh.;1;nein;Brunner;25.03.1998;28;02.07.1999;;WAHR;FALSCH;FALSCH;FALSCH
160;Mettlen;Mettlen;Netstal;8754;722500;215250;;Kanton Glarus;470;;72221502;aus Plan gelesen;Brauchwasser;Fischzucht;Aufstossend;;;keine Fassung;Archiv AFU Glarus;Herr Weber, Fischzuchtanstalt Netstal;;;25;;;;;;;R. Brunner;25.03.1998;1;17.07.1998;;WAHR;FALSCH;FALSCH;FALSCH
161;Quelle Sulz;Sulz;Näfels;8752;716100;213630;10;Gde. Näfels;1360;0;71621301;aus Plan gelesen;Trinkwasser;Alpgebäude;Sicker-/Zuleitung;provisorisch;keine vorh.;kein Schacht;Archiv AFU Glarus;E. Schindler, Bauamt Näfels;"Heuerhütten Sulz; Wasser läuft direkt in Brunnen, Fassung unter Strasse";;C29;C30;;;keine vorh.;1;nein;M. Simmler;25.03.1998;1;01.07.1998;;WAHR;FALSCH;FALSCH;FALSCH
162;Kaltenbrünnen;Kaltenbrünnen Alp;Näfels;8752;717800;215320;10;Gde. Näfels;1080;30;71721501;aus Plan gelesen;Trinkwasser;Alpgebäude;Sicker-/Zuleitung;gut;Betondeckel;Brunnenstube;Archiv AFU Glarus;E. Schindler, Bauamt Näfels;;;J7;J8;;;keine vorh.;1;nein;M. Simmler;25.03.1998;2;20.08.1998;;WAHR;FALSCH;FALSCH;FALSCH
163;Brunnmettlen;Brunnmettlen;Näfels;8752;717425;216630;10;Gde. Näfels;1235;40;71721601;aus Plan gelesen;Trinkwasser;Alpgebäude;Sicker-/Zuleitung;gut;Betondeckel;Brunnenstube;Archiv AFU Glarus;E. Schindler, Bauamt Näfels;Neufassung November 97;;D6;D7;;;keine vorh.;1;nein;M. Simmler;25.03.1998;3;01.07.1998;;WAHR;FALSCH;FALSCH;FALSCH
164;Quelle Müllerschwamm;Schwämmli;Näfels;8752;718420;216420;10;Gde. Näfels;1070;80;71821601;aus Plan gelesen;Trinkwasser;WV Gemeinde, Rest. Obersee;Sicker-/Zuleitung;gut;Pilzdeckel;Brunnenstube;Archiv AFU Glarus;E. Schindler, Bauamt Näfels;renoviert 1994, UV-Anlage;;J13;J14;;;definitiv;1;ja;M. Simmler;25.03.1998;4;20.08.1998;;WAHR;FALSCH;FALSCH;FALSCH
165;Eichbächli;Eich;Näfels;8752;;;;Erben Landolt-Kistler;440;;;aus Plan gelesen;im Moment ungenutzt;Bach;Wasseraustritt;;;kein Schacht;Archiv AFU Glarus;;nicht aufgenommen;;;;;;keine vorh.;;;;25.03.1998;5;;20.08.1998;FALSCH;FALSCH;FALSCH;FALSCH
166;Färblibach;;Näfels;8752;;;;G. Landolt, Netstal;440;;;aus Plan gelesen;im Moment ungenutzt;Bach;Wasseraustritt;;;kein Schacht;Archiv AFU Glarus;;nicht aufgenommen;;;;;;keine vorh.;;;;25.03.1998;6;;20.08.1998;FALSCH;FALSCH;FALSCH;FALSCH
167;Villäggenquelle;;Näfels;8752;;;;Gde. Näfels;440;;;aus Plan gelesen;im Moment ungenutzt;;;;;;Archiv AFU Glarus;;nicht aufgenommen;;;;;;keine vorh.;;;;25.03.1998;7;;20.08.1998;FALSCH;FALSCH;FALSCH;FALSCH
168;Villäggenweiher;;Näfels;8752;;;;E. Landolt-Oberholzer;440;;;aus Plan gelesen;Brauchwasser;Vieh-Tränke;;;;;Archiv AFU Glarus;;nicht aufgenommen;;;;;;keine vorh.;;;;25.03.1998;8;;20.08.1998;FALSCH;FALSCH;FALSCH;FALSCH
169;Niederbergquelle;Rautifeld;Näfels;8752;;;;Gde. Näfels;440;;;aus Plan gelesen;im Moment ungenutzt;;;;;;Archiv AFU Glarus;;nicht aufgenommen;;;;;;;;;;25.03.1998;9;;20.08.1998;FALSCH;FALSCH;FALSCH;FALSCH
170;Sandbächli;Autschachen;Näfels;8752;;;;A. Hauser;430;;;aus Plan gelesen;im Moment ungenutzt;Bach;Wasseraustritt;;;kein Schacht;Archiv AFU Glarus;;nicht aufgenommen;;;;;;keine vorh.;;;;25.03.1998;10;;20.08.1998;FALSCH;FALSCH;FALSCH;FALSCH
171;Schindlerbächli;;Näfels;8752;;;;Gde. Näfels;430;;;aus Plan gelesen;im Moment ungenutzt;Vieh-Tränke, Bach;Wasseraustritt;;;kein Schacht;Archiv AFU Glarus;;nicht aufgenommen;;;;;;keine vorh.;;;;25.03.1998;11;;20.08.1998;FALSCH;FALSCH;FALSCH;FALSCH
172;Schneisigenquelle;Schneisigen;Näfels;8752;722780;216710;;Gde. Näfels;450;;;aus Plan gelesen;im Moment ungenutzt;;;;;;Archiv AFU Glarus;;nicht augenommen;;;;;;;;;;25.03.1998;12;;20.08.1998;FALSCH;FALSCH;FALSCH;FALSCH
173;Dorfbach;;Näfels;8752;;;;Gde. Näfels;450;;;aus Plan gelesen;im Moment ungenutzt;Bach;;;;;Archiv AFU Glarus;E. Schindler, Bauamt Näfels;nicht aufgenommen;;;;;;keine vorh.;;;;25.03.1998;13;;20.08.1998;FALSCH;FALSCH;FALSCH;FALSCH
174;Quelle Gehrenbach;Söli;Näfels;8752;717300;217405;10;Gde. Näfels;1460;0;71721701;aus Plan gelesen;Trinkwasser;Alpgebäude;Sicker-/Zuleitung;gut;Betondeckel;Brunnenstube;Archiv AFU Glarus;E. Schindler, Bauamt Näfels;Versorgung Vorderer Ahornen;;D10;D11;;;erforderlich;2;nein;M. Simmler;25.03.1998;14;01.07.1998;;WAHR;FALSCH;FALSCH;FALSCH
175;Quelle Rütiberg 1;Rütiberg;Näfels;8752;721345;217079;10;Tagwen Näfels;840;50;72121701;im Feld eingemessen;Trinkwasser;WV Gemeinde;Sicker-/Zuleitung;gut;Pilzdeckel;Brunnenstube;Archiv Lienert & Haering AG;E. Schindler, Bauamt Näfels;;;K19;K22;;;provisorich;4;ja;M. Simmler;25.03.1998;15;20.08.1998;;WAHR;FALSCH;FALSCH;FALSCH
177;Anggeloch-Quelle;Mittl. Lochegg;Oberurnen;8868;719605;219653;3;Gde. Oberurnen;1464;0;71921901;Geometeraufnahme;Trinkwasser;WV Gemeinde;Sicker-/Zuleitung;gut;Eisendeckel;Brunnenstube;Archiv Lienert & Haering;F. Stocco, EW Oberurnen;;;7;8;;;definitiv;2;nein;R. Brunner;25.03.1998;1;13.07.1998;;WAHR;FALSCH;FALSCH;FALSCH
178;Quelle Mittlere Lochegg 3;Mittl. Lochegg;Oberurnen;8868;719819;219644;3;Gde. Oberurnen;1397;0;71921904;Geometeraufnahme;Trinkwasser;WV Gemeinde;Sicker-/Zuleitung;gut;Eisendeckel;Brunnenstube/Sammelschacht;Archiv Lienert & Haering AG;F. Stocco, EW Oberurnen;;;13;14;;;definitiv;2;nein;R. Brunner;25.03.1998;2;13.07.1998;;WAHR;FALSCH;FALSCH;FALSCH
179;Quelle Rietboden 1;Mittl. Lochegg;Oberurnen;8868;719944;219806;3;Gde. Oberurnen;1335;0;71921907;Geometeraufnahme;Trinkwasser;WV Gemeinde;Sicker-/Zuleitung;gut;Eisendeckel;Brunnenstube/Sammelschacht;Archiv Lienert & Haering AG;F. Stocco, EW Oberurnen;;;23;24;;;definitiv;1;nein;R. Brunner;25.03.1998;3;13.07.1998;;WAHR;FALSCH;FALSCH;FALSCH
180;Quelle Rietboden 3;Unter Lochegg;Oberurnen;8868;720121;219779;3;Gde. Oberurnen;1294;0;72021902;Geometeraufnahme;Trinkwasser;WV Gemeinde;Sicker-/Zuleitung;gut;Eisendeckel;Brunnenstube;Archiv Lienert & Haering AG;F. Stocco, EW Oberurnen;ausser Betrieb;;25;26;;;definitiv;2;nein;R. Brunner;25.03.1998;4;13.07.1998;;WAHR;FALSCH;FALSCH;FALSCH
181;Quelle Kohlplatz 1;Vorder Berg;Oberurnen;8868;720207;219933;3;Gde. Oberurnen;1265;0;72021901;Geometeraufnahme;Trinkwasser;WV Gemeinde;Sicker-/Zuleitung;gut;Eisendeckel;Brunnenstube;Archiv Lienert & Haering AG;F. Stocco, EW Oberurnen;nicht in Betrieb;;27;28;;;definitiv;3;nein;R. Brunner;25.03.1998;5;13.07.1998;;WAHR;FALSCH;FALSCH;FALSCH
182;Quelle Schwamm 2;Unter Lochegg;Oberurnen;8868;720370;219788;3;Gde. Oberurnen;1212;0;72021905;Geometeraufnahme;Trinkwasser;WV Gemeinde;Sicker-/Zuleitung;gut;Eisendeckel;Brunnenstube;Archiv Lienert & Haering AG;F. Stocco, EW Oberurnen;;;33;34;;;definitiv;3;nein;R. Brunner;25.03.1998;6;13.07.1998;;WAHR;FALSCH;FALSCH;FALSCH
183;Quelle Plänggli 1;Bergli;Oberurnen;8868;721164;219706;4;Gde. Oberurnen;1032;0;72121901;Geometeraufnahme;Trinkwasser;WV Gemeinde;Sicker-/Zuleitung;gut;Eisendeckel;Brunnenstube;Archiv Lienert & Haering AG;F. Stocco, EW Oberurnen;Schachtdeckel defekt;;36;35;;;definitiv;3;nein;R. Brunner;25.03.1998;7;13.07.1998;;WAHR;FALSCH;FALSCH;FALSCH
184;Quelle Plänggli 3;Tschingel;Oberurnen;8868;721175;219734;4;Gde. Oberurnen;1020;0;72121903;Geometeraufnahme;Trinkwasser;WV Gemeinde;Sicker-/Zuleitung;gut;Eisendeckel;Brunnenstube;Archiv Lienert & Haering AG;F. Stocco, EW Oberurnen;nicht mehr in Betrieb;;3;4;;;definitiv;2;nein;R. Brunner;25.03.1998;8;13.07.1998;;WAHR;FALSCH;FALSCH;FALSCH
185;Quelle Lochbach 1;Bergli;Oberurnen;8868;720920;219835;4;Gde. Oberurnen;1080;0;72021906;Geometeraufnahme;Trinkwasser;WV Gemeinde;Sicker-/Zuleitung;gut;Eisendeckel;Brunnenstube;Archiv Lienert & Haering AG;F. Stocco, EW Oberurnen;Nicht mehr in Betrieb;;12;;;;definitiv;1;nein;R. Brunner;25.03.1998;9;13.07.1998;;WAHR;FALSCH;FALSCH;FALSCH
186;Quelle Holenweg;Tschingel;Oberurnen;8868;721615;219710;36;S. Fischli;850;0;72121908;aus Plan gelesen;Trinkwasser;WV Einzelliegenschaft;Sicker-/Zuleitung;sanierungsbedürftig;Betondeckel;Brunnenstube;Archiv AFU Glarus;S. Fischli, Holenweg Oberurnen;;;15;16;;;;2;nein;R. Brunner;25.03.1998;10;13.07.1998;;WAHR;FALSCH;FALSCH;FALSCH
187;Quelle Hanesli Plangge;Unt. Holenweg;Oberurnen;8868;721765;219610;36;Brunnenkorporation;770;0;72121909;aus Plan gelesen;Trinkwasser;WV Weiler/Quartier;Sicker-/Zuleitung;gut;Eisendeckel;Brunnenstube;Archiv AFU Glarus;;;;17;18;;;;1;nein;R. Brunner;25.03.1998;11;13.07.1998;;WAHR;FALSCH;FALSCH;FALSCH
188;Quelle Maschinenhaus;;Oberurnen;8868;;;;Gde. Oberurnen;550;;;aus Plan gelesen;Trinkwasser;Brunnen;;;;;Archiv AFU Glarus;F. Stocco, EW Oberurnen;Wegbrunnen, nicht aufgenommen;;;;;;;;;;25.03.1998;12;;24.08.1998;FALSCH;FALSCH;FALSCH;FALSCH
189;Tilimaa-Quelle;Hinter Sunnenalp;Oberurnen;8868;720885;218770;4;Gde. Oberurnen;1380;0;72021802;im Feld eingemessen;Trinkwasser;Wegbrunnen;Sicker-/Zuleitung;gut;Betondeckel;Brunnenstube;Archiv Lienert & Haering;F. Stocco, EW Oberurnen;;;32;33;;;provisorich;1;nein;R. Brunner;25.03.1998;13;13.07.1998;;WAHR;FALSCH;FALSCH;FALSCH
190;Quelle Sunnealp 1;Hinter Sunnenalp;Oberurnen;8868;720810;218620;4;Gde. Oberurnen;1310;0;72021801;im Feld eingemessen;Trinkwasser;WV Weiler/Quartier;Sicker-/Zuleitung;gut;Eisendeckel;Brunnenstube/Reservoir;Archiv Lienert & Haering;F. Stocco, EW Oberurnen;;;34;35;;;provisorich;5;nein;R. Brunner;25.03.1998;14;13.07.1998;;WAHR;FALSCH;FALSCH;FALSCH
191;Quelle Twing;Twing;Oberurnen;8868;719258;218365;615;Wasserkorporation Schwändital-Platten;1160;0;71921801;im Feld eingemessen;Trinkwasser;WV Weiler/Quartier;Sicker-/Zuleitung;gut;Pilzdeckel;Brunnenstube;Archiv Lienert & Haering;WK Schwändlital, Oberurnen;;;5;;;;definitiv;1;ja;R. Brunner;25.03.1998;15;13.07.1998;;WAHR;FALSCH;FALSCH;FALSCH
192;Quelle Schwändi;Schwändi;Oberurnen;8868;721965;219600;39;Korporation;695;0;72121910;aus Plan gelesen;Brauchwasser;Stallbrunnen;ab Fels;sanierungsbedürftig;Betondeckel;Brunnenstube;Archiv AFU Glarus;;;;19;;;;keine vorh.;;nein;R. Brunner;25.03.1998;16;13.07.1998;;WAHR;FALSCH;FALSCH;FALSCH
193;Bachbord-Quelle;;Niederurnen;8867;720070;220620;;WV Niederurnen;967;;72022001;aus Plan gelesen;Trinkwasser;WV Gemeinde;Stollen / Sickerleitung;sanierngsbedürftig;Türe;Brunnenstube;Archiv Lienert & Haering AG;Herr Brügger, EW Niederurnen;Zuleitungen 1 + Stollen, H.ü.M.geändert auf g Hydrog Bericht vom 2001;;30;31;32;;definitiv;1;Ja;Brunner;25.03.1998;1;17.06.1999;;WAHR;FALSCH;FALSCH;FALSCH
194;Quelle Chriesbaumbrunnen 1;;Niederurnen;8867;718880;220610;;WV Niederurnen;1160;60;71822001;aus Plan gelesen;Trinkwasser;WV Gemeinde;Sicker-/Zuleitung;gut;Pilzdeckel feuerverzinkt;Brunnenstube/Sammelschacht;Archiv Lienert & Haering AG;Herr Brügger, EW Niederurnen;;;36;1;;;definitiv;1;Ja;Brunner;25.03.1998;2;17.06.1999;;WAHR;FALSCH;FALSCH;FALSCH
195;Sevelen-Quelle;;Niederurnen;8867;719880;220630;;WV Niederurnen;1000;;71922001;aus Plan gelesen;Notwasser;WV Gemeinde;Stollen;sanierungsbedürftig;Türe;Brunnenstube;Archiv Lienert & Haering AG;Herr Brügger, EW Niederurnen;;;33;34;35;;erforderlich?;;ja;Brunner;25.03.1998;3;17.06.1999;;WAHR;FALSCH;FALSCH;FALSCH
196;Quelle Ussbühl;Bännli;Bilten;8865;717325;223730;1;Gde. Bilten;700;150;71722301;im Feld eingemessen;Trinkwasser;WV Gemeinde (öffentlich!!);Sicker-/Zuleitung;gut;Tür;Brunnenstube;Archiv Lienert & Haering AG;Herr Winteler, Bauamt Bilten;Gem. Angaben Lebensmittelinspektorat wird genutzt;;B15;B16;;;definitiv;1;Ja;M. Simmler;25.03.1998;1;19.06.1998;;WAHR;FALSCH;FALSCH;FALSCH
197;Gemeindeberg;Hämmerliberg;Bilten;8865;718000;223500;1;Gde. Bilten;870;0;71822301;aus Plan gelesen;Trinkwasser;WV Einzelliegenschaft;Sicker-/Zuleitung;gut;Eisendeckel;Brunnenstube;Archiv AFU Glarus;Herr Winteler, Bauamt Bilten;UV-Aufbereitung;;B22;B23;;;keine vorh.;1;nein;M. Simmler;25.03.1998;2;23.06.1998;;WAHR;FALSCH;FALSCH;FALSCH
198;Hintere Schnyderberg-Quelle;Hämmerliberg;Bilten;8865;718255;223450;1;Gde. Bilten;870;0;71822302;im Feld eingemessen;Trinkwasser;WV Gemeinde;Stollen;gut;Tür;Brunnenstube;Archiv Lienert & Haering AG;Herr Winteler, Bauamt Bilten;;;B20;B21;;;definitiv;;Ja;M. Simmler;25.03.1998;3;23.06.1998;;WAHR;FALSCH;FALSCH;FALSCH
199;Beizlen-Quelle;Hömmerliberg;Bilten;8865;718330;223420;1;Gde. Bilten;890;0;71822303;im Feld eingemessen;Trinkwasser;WV Gemeinde;Sicker-/Zuleitung;gut;Tür;Brunnenstube;Archiv Lienert & Haering AG;Herr Winteler, Bauamt Bilten;;;B24;;;;definitiv;1;Ja;M. Simmler;25.03.1998;4;23.06.1998;;WAHR;FALSCH;FALSCH;FALSCH
200;Rohr-Quelle;im Rohr;Bilten;8865;718540;223245;1;Gde. Bilten;750;0;71822304;im Feld eingemessen;im Moment ungenutzt;;Stollen;gut;Eisendeckel;Brunnenstube;Archiv Lienert & Haering AG;Herr Winteler, Bauamt Bilten;Wasser von Gemeindenetz abgehängt, läuft z.Z. in Dorfbach. Könnte wenn alle Stricke reissen als Not-Not-Notversorgung dienen.;;B12;;;;keine vorh.;;Ja;M. Simmler;25.03.1998;5;19.06.1998;;WAHR;FALSCH;FALSCH;FALSCH
201;Stalden-Quelle unten;Stalden;Bilten;8865;721170;221910;1;Flurgenossenschaft;453.8900146;0;72122101;aus Plan gelesen;Trinkwasser;WV Weiler/Quartier;Sicker-/Zuleitung;gut;Eisendeckel;Brunnenstube;Archiv AFU Glarus;Hans Müller, Schönhof, Bilten;;;C3;C4;;;erforderlich;2;Ja;M. Simmler;25.03.1998;6;23.06.1998;;WAHR;FALSCH;FALSCH;FALSCH
202;Stallquelle;Lediwald;Bilten;8865;717885;224410;23;K. Staub;480;0;71722401;aus Plan gelesen;Brauchwasser;Stall;ab Fels;sanierungsbedürftig;keine vorh.;kein Schacht;Archiv AFU Glarus;Kaspar Staub, Ussbühl, Bilten;;;B29;B30;;;keine vorh.;;nein;M. Simmler;25.03.1998;7;23.06.1998;;WAHR;FALSCH;FALSCH;FALSCH
203;Stallquelle;Ussbüel;Bilten;8865;718080;224420;31;W. Mettler;440;0;71822401;aus Plan gelesen;Brauchwasser;Stall;aufstossend ?;sanierungsbedürftig;Blech-Deckel;Brunnenstube;Archiv AFU Glarus;Waldburga Mettler, alte Landstrasse, Bilten;versiegt zeitweise;;B27;B28;;;keine vorh.;;nein;M. Simmler;25.03.1998;8;23.06.1998;;WAHR;FALSCH;FALSCH;FALSCH
204;Stallquelle/Enteribrunnen;Ussbüel;Bilten;8865;717985;224740;37;K. Blum;420;30;71722402;aus Plan gelesen;Brauchwasser;Stall (Milchkammer);Sicker-/Zuleitung;sanierungsbedürftig;Holz/Plastik;Brunnenstube;Archiv AFU Glarus;Sepp Hofstetter-Blum, Doggen, Benken SG;Tafel kein Trinkwasser am Brunnen;;B25;B26;;;keine vorh.;1;nein;M. Simmler;25.03.1998;9;23.06.1998;;WAHR;FALSCH;FALSCH;FALSCH
205;St. Katharinaquelle;Allmeind;Bilten;8865;718955;223955;55;F. Becker;420;0;71822305;aus Plan gelesen;Brauchwasser;Brunnen;Sicker-/Zuleitung;gut;Betondeckel;Brunnenstube;Archiv AFU Glarus;F. Becker, Loh 1, Bilten;;;B31;;;;keine vorh.;1;nein;M. Simmler;25.03.1998;10;23.06.1998;;WAHR;FALSCH;FALSCH;FALSCH
206;Stöcken;Allmeind;Bilten;8865;718805;224055;53;Wick/Fuellmann;420;20;71822402;aus Plan gelesen;Trinkwasser;WV Einzelliegenschaft;aufstossend;gut;Betondeckel;Brunnenstube;Archiv AFU Glarus;Karl Wick, Schweinemästerei, Stöcken, Bilten;1997 neu gefasst;;B32;;;;keine vorh.;;nein;M. Simmler;25.03.1998;11;23.06.1998;;WAHR;FALSCH;FALSCH;FALSCH
207;Flüssliquelle unten;im Flüssli;Bilten;8865;719235;223125;1;Gde. Bilten;580;0;71922301;aus Plan gelesen;Brauchwasser;Brunnen;Sicker-/Zuleitung;schlecht;Betondeckel;Brunnenstube/Sammelschacht;Archiv AFU Glarus;Herr Winteler, Bauamt Bilten;;;C11;;;;keine vorh.;2;nein;M. Simmler;25.03.1998;12;23.06.1998;;WAHR;FALSCH;FALSCH;FALSCH
208;Unterbiltner Brunnenquelle oben;hinter Wegscheide;Bilten;8865;719450;223270;1;Gde. Bilten;510;0;71922302;aus Plan gelesen;Brauchwasser;Brunnen;Stollen;gut;Türe;Brunnenstube;Archiv AFU Glarus;Herr Winteler, Bauamt Bilten;;;B33;B34;;;keine vorh.;1;nein;M. Simmler;25.03.1998;13;23.06.1998;;WAHR;FALSCH;FALSCH;FALSCH
209;Stallquelle F. Becker;Elmen;Bilten;8865;719640;223285;1;Gde. Bilten;480;5;71922303;aus Plan gelesen;Brauchwasser;Brunnen;Sicker-/Zuleitung;gut;Betondeckel;Brunnenstube;Archiv AFU Glarus;Herr Winteler, Bauamt Bilten;;;C1;C2;;;keine vorh.;1;nein;M. Simmler;25.03.1998;14;23.06.1998;;WAHR;FALSCH;FALSCH;FALSCH
210;Hüttenwasser Sonnenberg;im guätä Täli;Bilten;8865;717870;222995;1;Tagwen Bilten;1130;0;71722201;aus Plan gelesen;Trinkwasser;Alpgebäude;Sicker-/Zuleitung;gut;Betondeckel;Brunnenstube;Archiv AFU Glarus;Herr Winteler, Bauamt Bilten;;;B6;B7;;;liegt in S3;1;nein;M. Simmler;25.03.1998;15;19.06.1998;;WAHR;FALSCH;FALSCH;FALSCH
211;Hüttenwasser Sonnenberg;Sunnenberg;Bilten;8865;717930;223095;1;Tagwen Bilten;1130;10;71722302;aus Plan gelesen;Trinkwasser;Alpgebäude;Sicker-/Zuleitung;gut;Eisendeckel;Brunnenstube;Archiv AFU Glarus;Herr Winteler, Bauamt Bilten;;;B10;B11;;;liegt in S3;2;nein;M. Simmler;25.03.1998;16;19.06.1998;;WAHR;FALSCH;FALSCH;FALSCH
212;Gruenenhüttenquelle;Büelser Wald;Bilten;8865;717075;221780;1;Tagwen Bilten;1220;0;71722101;aus Plan gelesen;Trinkwasser;Alpgebäude;Sicker-/Zuleitung;gut;Betondeckel;Brunnenstube;Archiv AFU Glarus;Herr Winteler, Bauamt Bilten;;;B2;B3;;;keine vorh.;1;nein;M. Simmler;25.03.1998;17;19.06.1998;;WAHR;FALSCH;FALSCH;FALSCH
213;Hüttenwasser Bühls;Büels;Bilten;8865;717410;221475;1;Tagwen Bilten;1370;0;71722102;aus Plan gelesen;Trinkwasser;Alpgebäude;Sicker-/Zuleitung;gut;Betondeckel;Brunnenstube;Archiv AFU Glarus;Herr Winteler, Bauamt Bilten;;;A25;A26;B1;;keine vorh.;1;nein;M. Simmler;25.03.1998;18;19.06.1998;;WAHR;FALSCH;FALSCH;FALSCH
214;Quelle Unter-Niedern;Ober Niederen;Bilten;8865;718450;221640;1;Tagwen Bilten;1420;0;71822101;aus Plan gelesen;Trinkwasser;Alpgebäude;Sicker-/Zuleitung;gut;Eisendeckel;Brunnenstube;Archiv AFU Glarus;Herr Winteler, Bauamt Bilten;fliesst via Brunnen/Reservoir zur Alp Unter-Niedern;;A11;A12;;;keine vorh.;1;nein;M. Simmler;25.03.1998;19;19.06.1998;;WAHR;FALSCH;FALSCH;FALSCH
215;Quelle Jägerhütte;Unter Nideren;Bilten;8865;718105;222015;1;Tagwen Bilten;1200;0;71822201;aus Plan gelesen;Trinkwasser;WV Einzelliegenschaft;Sicker-/Zuleitung;gut;Betondeckel;Brunnenstube;Archiv AFU Glarus;Herr Winteler, Bauamt Bilten;Versorgung Jägerhütte;;A7;A8;;;keine vorh.;2;nein;M. Simmler;25.03.1998;20;19.06.1998;;WAHR;FALSCH;FALSCH;FALSCH
216;Quelle ober Niedern;Silberplangge;Bilten;8865;718650;221425;1;Tagwen Bilten;1550;0;71822102;aus Plan gelesen;Trinkwasser;Alpgebäude;Sicker-/Zuleitung;gut;Eisendeckel;Brunnenstube;Archiv AFU Glarus;Herr Winteler, Bauamt Bilten;;;A15;;;;keine vorh.;1;nein;M. Simmler;25.03.1998;21;19.06.1998;;WAHR;FALSCH;FALSCH;FALSCH
217;Quellen Ober Niedern;Hirzli;Bilten;8865;718830;221580;1;Tagwen Bilten;1520;0;71822103;aus Plan gelesen;Trinkwasser;Alpgebäude;Sicker-/Zuleitung;gut;Eisendeckel;Brunnenstube/Sammelschacht;Archiv AFU Glarus;Herr Winteler, Bauamt Bilten;mehrere Quellaustritte gefasst und in Sammelschacht geleitet;;A16;A17;;;keine vorh.;2;nein;M. Simmler;25.03.1998;22;19.06.1998;;WAHR;FALSCH;FALSCH;FALSCH
218;Stallquelle H. Becker;Elmen;Bilten;8865;719835;223205;1;Gde. Bilten;490;0;71922304;aus Plan gelesen;Brauchwasser;Brunnen;Sicker-/Zuleitung;gut;Betondeckel;Brunnenstube;Archiv AFU Glarus;Herr Winteler, Bauamt Bilten;;;C20;C21;;;keine vorh.;1;nein;M. Simmler;25.03.1998;23;23.06.1998;;WAHR;FALSCH;FALSCH;FALSCH
221;Rüti/Stallquelle;Rüti;Bilten;8865;720715;222445;351;J. Stuessi;430;0;72022201;aus Plan gelesen;Brauchwasser;Stall;aufstossend;schlecht;Betondeckel;Brunnenstube;Archiv AFU Glarus;J. Stüssi-Joos, Mööslistr. 2, Bilten;;;C8;C9;;;keine vorh.;;nein;M. Simmler;25.03.1998;26;23.06.1998;;WAHR;FALSCH;FALSCH;FALSCH
222;Stalden-Quelle oben;Rütiwald (??)--> Stalden?;Bilten;8865;721090;221900;568;Flurgenossenschaft;485.6499939;30;72122102;aus Plan gelesen;Trinkwasser;WV Weiler/Quartier;Sicker-/Zuleitung;gut;Türe;Brunnenstube;Archiv AFU Glarus;Hans Müller, Schönhof, Bilten;;;C5;C6;;;erforderlich;1;ja;M. Simmler;25.03.1998;27;23.06.1998;;WAHR;FALSCH;FALSCH;FALSCH
223;Oberbiltner Brunnenquelle obere;Rütiwald;Bilten;8865;720270;222325;;Gde. Bilten;560;;72022202;aus Plan gelesen;Brauchwasser;Brunnen;ab Fels;sanierungsbedürftig;keine vorh.;kein Schacht;Archiv AFU Glarus;Herr Winteler, Bauamt Bilten;Dorfbrunnen;;C18;C19;;;keine vorh.;;nein;M. Simmler;25.03.1998;28;23.06.1998;;WAHR;FALSCH;FALSCH;FALSCH
224;Quelle Brunnen Siten;Sitenwald;Riedern;8750;722070;211970;;Gde. Riedern;550;10;72221101;aus Plan gelesen;Trinkwasser;Brunnen;Sicker-/Zuleitung;gut;Eisendeckel;Brunnenstube;Archiv AFU Glarus;Ruedi Heer, Werkführer Riedern;Früher als Hausversorgung genutzt;;30;31;;;keine vorh.;2;nein;R. Brunner;25.03.1998;1;14.07.1998;;WAHR;FALSCH;FALSCH;FALSCH
225;;Sitenwald;Riedern;8750;;;;;570;;;aus Plan gelesen;im Moment ungenutzt;;;;;;Archiv AFU Glarus;Ruedi Heer, Werkführer Riedern;Gde. unbekannt, wahrsch. identisch mit Nr. 1;;;;;;;;;;25.03.1998;2;;17.07.1998;FALSCH;FALSCH;FALSCH;FALSCH
226;Kohlgrüebli-Quelle;Sitenwald;Riedern;8750;721265;211795;148;Gde. Netstal;615;;72121101;aus Plan gelesen;Trinkwasser;WV Gemeinde Netstal;Stollen;gut;Türe;Brunnenstube;Archiv Lienert & Haering AG;Hanspeter Spälti, Werkführe Netstal;;;20;21;22;;provisorich;;ja;R. Brunner;25.03.1998;3;17.07.1998;;WAHR;FALSCH;FALSCH;FALSCH
227;Faulenkopf-Quelle;Löntschbort;Glarus;8750;720364;211574;2088;Gde. Netstal;710;;72021101;im Feld eingemessen;Trinkwasser;WV Gemeinde Netstal;Stollen/Zuleitung;gut;;Sammelstube;Archiv Lienert & Haering AG;Kaspar Figi, Werkführer Glarus;Zuleitungen 3 + Stollen;;15;16;;;definitiv;3;ja;R. Brunner;25.03.1998;1;17.07.1998;;WAHR;FALSCH;FALSCH;FALSCH
228;Löntschbord-Quelle;Löntschbort;Glarus;8750;720470;211600;;WV Glarus;750;;72021102;im Feld eingemessen;Trinkwasser;WV Gemeinde;Stollen;SVGW-Konform;Türe;Brunnenstube;Archiv AFU Glarus;Kaspar Figi, Werkführer Glarus;;;5;8;9;;definitiv;;ja;R. Brunner;25.03.1998;2;15.07.1998;;WAHR;FALSCH;FALSCH;FALSCH
229;Löntschbord-Quelle;Löntschbort;Glarus;8750;;;;WV Glarus;750;;;aus Plan gelesen;im Moment ungenutzt;;;;;;Archiv AFU Glarus;;nicht aufgenommen;;;;;;;;;;25.03.1998;3;;15.07.1998;FALSCH;FALSCH;FALSCH;FALSCH
230;Brunnenstübli-Quelle (Auf Sack);Wuest;Glarus;8750;721880;210700;2067;WV Glarus;645;50;72121001;im Feld eingemessen;Trinkwasser;WV Gemeinde;Sicker-/Zuleitung;gut;Pilzdeckel;Brunnenstube;Archiv Lienert & Haering AG;Kaspar Figi, Werkführer Glarus;;;33;;;;definitiv, S3 fehlt!;2;ja;R. Brunner;25.03.1998;4;15.07.1998;;WAHR;FALSCH;FALSCH;FALSCH
231;Quellen im Leimen;Leimen;Glarus;8750;724270;210060;;Bruck- & Büelbrunnenkorporation;500;20;72421001;aus Plan gelesen;Brauchwasser;Fischzucht;Sicker-/Zuleitung;gut;Pilzdeckel;Brunnenstube;Archiv AFU Glarus;Kaspar Figi, Werkführer Glarus;;;;;;;keine vorh.;1;ja;R. Brunner;25.03.1998;5;15.07.1998;;WAHR;FALSCH;FALSCH;FALSCH
232;Löntschbort-Quelle;Löntschbort;Glarus;8750;720050;211020;;WV Glarus;880;0;72021103;aus Plan gelesen;Trinkwasser;Nur Brunnen Sackberg;ab Fels;gut;Eisendeckel;Brunnenstube;Archiv AFU Glarus;Kaspar Figi, Werkführer Glarus;8 Brunnen;;34+35;1;7;;keine vorh.;1;nein;R. Brunner;25.03.1998;23;15.07.1998;;WAHR;FALSCH;FALSCH;FALSCH
233;Gleiter Quellen;Stäfeli;Glarus;8750;720375;209380;;WV Glarus;1130;0;72020901;aus Plan gelesen;Trinkwasser;Restaurant;Sicker-/Zuleitung;gut;Eisendeckel;Brunnenstube/Reservoir;Archiv AFU Glarus;J. Stüssi, Förster Glarus;Rest. Schwammhöchi, Ferienheim Glarus, div. Brunnen;;2;3;;;erforderlich;1;nein;R. Brunner;25.03.1998;7;15.07.1998;;WAHR;FALSCH;FALSCH;FALSCH
234;Weiden-Quelle;Näggeler;Glarus;8750;719325;210325;;Gde. Netstal + NOK (WK Rhodannenberg);920;;71921001;aus Plan gelesen;Trinkwasser;WV Weiler/Quartier/Rest.;Stollen;gut;Türe;Brunnenstube;Archiv AFU Glarus;Kaspar Figi, Werkführer Glarus;Quelle versiegt zeitweise;;14;15;;;erforderlich;;ja;R. Brunner;25.03.1998;8;15.07.1998;;WAHR;FALSCH;FALSCH;FALSCH
235;;Rhodannenberg;Glarus;8750;719250;210720;;NOK, Baden;840;;;aus Plan gelesen;;;;;;;Archiv AFU Glarus;;keine Fassung, sondern Reservoir --> nicht aufgenommen;;;;;;;;;;25.03.1998;9;;15.07.1998;FALSCH;FALSCH;FALSCH;FALSCH
236;Neuer Korporationsstollen;Rhodannenberg;Glarus;8750;719265;210585;2000;NOK, Baden;850;;71921002;aus Plan gelesen;Trinkwasser;WV Weiler/Quartier/Rest.;Stollen;;;;Archiv AFU Glarus;Kaspar Figi, Werkführer Glarus;versorgt Gebiet Näggeler;;24;25;26+27;;erforderlich;;;R. Brunner;25.03.1998;10;16.07.1998;;WAHR;FALSCH;FALSCH;FALSCH
237;Quelle Ober Herberig;Ober Herberig;Glarus;8750;718115;210900;2097;Gde. Netstal;1190;0;71821001;aus Plan gelesen;Trinkwasser;Alpgebäude;Sicker-/Zuleitung;gut;Blech-Deckel;Brunnenstube;Archiv AFU Glarus;Kaspar Figi, Werkführer Glarus;Alp Ober und Unter Herberig;;33;34;;;keine vorh.;2;nein;R. Brunner;25.03.1998;11;16.07.1998;;WAHR;FALSCH;FALSCH;FALSCH
238;Quelle Ober Längenegg 1;Ober Längenegg;Glarus;8750;714950;211360;;Gde. Ennenda;1735;0;71421101;aus Plan gelesen;Trinkwasser;Alpgebäude;Sicker-/Zuleitung;gut;Eisendeckel mit 4 Kant;Brunnenstube;Archiv AFU Glarus;P. Jäger, WV Ennenda;"Alpen Chängel, Ratlis, Ralli, Schwändeli,
Ring nicht eingegossen";;18;19;;;keine vorh.;1;nein;R. Brunner;25.03.1998;12;25.08.1998;;WAHR;FALSCH;FALSCH;FALSCH
239;GWF Vorauen;Zeltplatz Vorauen;Glarus;8750;714500;209300;;"NOK, Baden; Koorp. ???";850;;;aus Plan gelesen;Trinkwasser;Ferienhäuser, Zeltplatz, Rest.;;;;;Archiv AFU Glarus;"Zeltclub, Präs. Leuzinger; Gem. Netstal HP. Spälti";Grundwasserfassung --> nicht aufgenommen, keine;;;;;;keine vorh.;;;;25.03.1998;13;;15.07.1998;FALSCH;FALSCH;FALSCH;FALSCH
240;Blaue Brunnen;Steppelwald;Glarus;8750;;;;NOK, Baden;990;;;aus Plan gelesen;im Moment ungenutzt;;nicht gefasst;;;;Archiv AFU Glarus;;nicht aufgenommen, läuft in See;;;;;;;;;;25.03.1998;14;;15.07.1998;FALSCH;FALSCH;FALSCH;FALSCH
241;Rossbrunnen;Steppelwald;Glarus;8750;;;;;930;;;aus Plan gelesen;im Moment ungenutzt;;nicht gefasst;;;;Archiv AFU Glarus;;nicht aufgenommen;;;;;;;;;;25.03.1998;15;;15.07.1998;FALSCH;FALSCH;FALSCH;FALSCH
242;Fischbach/Hinteres Klöntal;Schwändeli;Glarus;8750;712790;209560;2033;Gde. Netstal/Korp. Klöntal;1070;;71220901;aus Plan gelesen;Trinkwasser;WV Weiler/Quartier;Stollen;schlecht;Türe;Brunnenstube;Archiv Lienert & Haering AG;Hanspeter Spälti, Werkführer Netstal;Katadyn-Anlage;;17;;;;erforderlich;;ja;R. Brunner;25.03.1998;16;17.07.1998;;WAHR;FALSCH;FALSCH;FALSCH
243;Bodenberg;Bodenberg;Glarus;8750;712660;209110;;Fam Hefti;895;0;71220902;aus Plan gelesen;Trinkwasser;WV Einzelliegenschaft;ab Fels;sanierungsbedürftig;Holz;Brunnenstube;Archiv AFU Glarus;Kaspar Figi, Werkführer Glarus;und Ferienhäuser;;14;15;;;erforderlich;1;nein;R. Brunner;25.03.1998;17;25.08.1998;;WAHR;FALSCH;FALSCH;FALSCH
244;Richisauer Schwammhöchi-Quelle;Schwammhöchi;Glarus;8750;;;;Stiftung Kamm;1130;;;aus Plan gelesen;Brauchwasser;Vieh-Tränke;;;;;Archiv AFU Glarus;;nur Weidbrunnen ---> nicht augenommen;;;;;;;;;;25.03.1998;18;;25.08.1998;FALSCH;FALSCH;FALSCH;FALSCH
245;Quelle Richisau;;Glarus;8750;711270;209110;;Stiftung Kamm;1205;;71120901;aus Plan gelesen;Trinkwasser;WV Weiler/Quartier;ab Fels;gut;Türe;Brunnenstube;Archiv AFU Glarus;Kaspar Figi, Werkführer Glarus;versorgt alle Häuser in Richisau, inkl Restaurant;;20;21;;;erforderlich;;ja;R. Brunner;25.03.1998;19;25.08.1998;;WAHR;FALSCH;FALSCH;FALSCH
246;Silbern-Quelle;;Glarus;8750;;;;Gde. Netstal;1300;;;aus Plan gelesen;im Moment ungenutzt;;nicht gefasst;;;;Archiv AFU Glarus;;nicht aufgenommen, Bach;;;;;;;;;;25.03.1998;20;;16.07.1998;FALSCH;FALSCH;FALSCH;FALSCH
247;Käsern-Quelle 1;Chäseren;Glarus;8750;714290;206145;;H. Jud, Rest. Käsern;1320;0;71420601;aus Plan gelesen;Trinkwasser;Restaurant und Gebäude;ab Fels;sanierungsbedürftig;Holz;Brunnenstube;Archiv AFU Glarus;H. Jud, Käsern Glarus;"und Gebäude, Filter im Restaurant 
Baum auf Brunnenstube gefallen";;16;17;;;erforderlich;;nein;R. Brunner;25.03.1998;21;25.08.1998;;WAHR;FALSCH;FALSCH;FALSCH
248;Vordere Schnyderberg-Quelle;Hämmerliberg;Bilten;8865;718265;223450;1;Gde. Bilten;870;;71822306;im Feld eingemessen;Trinkwasser;WV Gemeinde;Stollen;gut;Tür;Brunnenstube;Archiv Lienert & Haering AG;Herr Winteler, Bauamt Bilten;;;B19;;;;definitiv;;Ja;M. Simmler;26.03.1998;29;23.06.1998;;WAHR;FALSCH;FALSCH;FALSCH
249;Untere Schnyderberg-Quelle;Hämmerliberg;Bilten;8865;718330;223490;;Gde. Bilten;850;;71822307;im Feld eingemessen;Trinkwasser;WV Gemeinde;Sicker-/Zuleitung;gut;Tür;Brunnenstube;Archiv Lienert & Haering AG;Herr Winteler, Bauamt Bilten;;;B17;B18;;;definitiv;1;Ja;M. Simmler;26.03.1998;30;23.06.1998;;WAHR;FALSCH;FALSCH;FALSCH
250;Milchgaden-Quelle;Hämmerliberg;Bilten;8865;718540;223420;1;Gde. Bilten;820;;71822308;im Feld eingemessen;Trinkwasser;WV Gemeinde Bilten;Stollen;gut;Tür;Brunnenstube;Archiv Lienert & Haering AG;Herr Winteler, Bauamt Bilten;Not-Notversorgung Gemeinde Bilten!;;B13;B14;;;definitiv;;Ja;M. Simmler;26.03.1998;31;23.06.1998;;WAHR;FALSCH;FALSCH;FALSCH
251;Quelle Mittlere Lochegg 1;;Oberurnen;8868;719700;219666;3;Gde. Oberurnen;1439;0;71921902;Geometeraufnahme;Trinkwasser;WV Gemeinde;Sicker-/Zuleitung;gut;Eisendeckel;Brunnenstube/Sammelschacht;Archiv Lienert & Haering AG;F. Stocco, EW Oberurnen;;;9;10;;;definitiv;2;nein;R. Brunner;26.03.1998;17;13.07.1998;;WAHR;FALSCH;FALSCH;FALSCH
252;Quelle Mittlere Lochegg 2;;Oberurnen;8868;719767;219644;3;Gde. Oberurnen;1409;0;71921903;Geometeraufnahme;Trinkwasser;WV Gemeinde;Sicker-/Zuleitung;gut;Eisendeckel;Brunnenstube/Sammelschacht;Archiv Lienert & Haering AG;F. Stocco, EW Oberurnen;;;11;12;;;definitiv;1;nein;R. Brunner;26.03.1998;18;13.07.1998;;WAHR;FALSCH;FALSCH;FALSCH
253;Quelle Mattegg;Mattegg;Oberurnen;8868;719901;219733;3;Gde. Oberurnen;1379;0;71921905;Geometeraufnahme;Trinkwasser;Einzelfassung Campingplatz;Sicker-/Zuleitung;gut;Eisendeckel;Brunnenstube/Sammelschacht;Archiv Lienert & Haering AG;F. Stocco, EW Oberurnen;;;15;16;;;definitiv;1;nein;R. Brunner;26.03.1998;30;13.07.1998;;WAHR;FALSCH;FALSCH;FALSCH
254;Quelle Rietboden 2;Rietboden;Oberurnen;8868;719982;219798;3;Gde. Oberurnen;1320;0;71921906;Geometeraufnahme;Trinkwasser;WV Gemeinde;Sicker-/Zuleitung;gut;Eisendeckel;Brunnenstube/Sammelschacht;Archiv Lienert & Haering AG;F. Stocco, EW Oberurnen;;;17;18;;;definitiv;2;nein;R. Brunner;26.03.1998;19;13.07.1998;;WAHR;FALSCH;FALSCH;FALSCH
255;Quelle Längenböden 1;Längenböden;Oberurnen;8868;719868;219864;3;Gde. Oberurnen;1358;0;71921909;Geometeraufnahme;Trinkwasser;WV Gemeinde;Sicker-/Zuleitung;gut;Eisendeckel;Brunnenstube;Archiv Lienert & Haering AG;F. Stocco, EW Oberurnen;;;21;22;;;definitiv;2;nein;R. Brunner;26.03.1998;20;13.07.1998;;WAHR;FALSCH;FALSCH;FALSCH
256;Quelle Längenböden 2;Längenböden;Oberurnen;8868;719877;219843;3;Gde. Oberurnen;1357;0;71921908;Geometeraufnahme;Trinkwasser;WV Gemeinde;Sicker-/Zuleitung;gut;Eisendeckel;Brunnenstube;Archiv Lienert & Haering AG;F. Stocco, EW Oberurnen;;;19;20;;;definitiv;1;nein;R. Brunner;26.03.1998;21;13.07.1998;;WAHR;FALSCH;FALSCH;FALSCH
257;Quelle Kohlplatz 2;Untere Lochegg;Oberurnen;8868;720340;219838;3;Gde. Oberurnen;1204;;72021903;Geometeraufnahme;Trinkwasser;WV Gemeinde;Sicker-/Zuleitung;gut;Türe;Brunnenstube/Sammelschacht;Archiv Lienert & Haering AG;F. Stocco, EW Oberurnen;;;29;30;;;definitiv;3;ja;R. Brunner;26.03.1998;22;13.07.1998;;WAHR;FALSCH;FALSCH;FALSCH
258;Quelle Schwamm 1;Untere Lochegg;Oberurnen;8868;720348;219805;3;Gde. Oberurnen;1209;0;72021904;Geometeraufnahme;Trinkwasser;WV Gemeinde;Sicker-/Zuleitung;gut;Eisendeckel;Brunnenstube;Archiv Lienert & Haering AG;F. Stocco, EW Oberurnen;Nicht mehr in Betrieb;;31;32;;;definitiv;1;nein;R. Brunner;26.03.1998;23;13.07.1998;;WAHR;FALSCH;FALSCH;FALSCH
259;Quelle Lochbach 2;;Oberurnen;8868;720945;219832;4;Gde. Oberurnen;1073;10;72021907;Geometeraufnahme;Trinkwasser;WV Gemeinde;Sicker-/Zuleitung;gut;Eisendeckel;Brunnenstube/Sammelschacht;Archiv Lienert & Haering AG;F. Stocco, EW Oberurnen;Nicht mehr in Betrieb;;10;11;;;definitiv;1;nein;R. Brunner;26.03.1998;24;13.07.1998;;WAHR;FALSCH;FALSCH;FALSCH
260;Quelle Lochbach 3;;Oberurnen;8868;721132;219773;4;Gde. Oberurnen;1013;0;72121905;Geometeraufnahme;Trinkwasser;WV Gemeinde;Sicker-/Zuleitung;gut;Eisendeckel;Brunnenstube/Sammelschacht;Archiv Lienert & Haering AG;F. Stocco, EW Oberurnen;Nicht mehr in Betrieb;;9;;;;definitiv;1;nein;R. Brunner;26.03.1998;25;13.07.1998;;WAHR;FALSCH;FALSCH;FALSCH
261;Quelle Lochbach 4;Ob. Tschingel;Oberurnen;8868;721162;219772;4;Gde. Oberurnen;1003;0;72121906;Geometeraufnahme;Notwasser;WV Gemeinde;Sicker-/Zuleitung;gut;Eisendeckel;Brunnenstube/Sammelschacht;Archiv Lienert & Haering AG;F. Stocco, EW Oberurnen;Nicht mehr in Betrieb;;14;;;;definitiv;1;nein;R. Brunner;26.03.1998;26;13.07.1998;;WAHR;FALSCH;FALSCH;FALSCH
262;Quelle Lochbach 5;Ob. Tschingel;Oberurnen;8868;721151;219756;4;Gde. Oberurnen;1018;0;72121907;Geometeraufnahme;Trinkwasser;WV Gemeinde;Sicker-/Zuleitung;gut;Betondeckel;Brunnenstube;Archiv Lienert & Haering AG;F. Stocco, EW Oberurnen;Nicht mehr in Betrieb;;7;8;;;definitiv;1;nein;R. Brunner;26.03.1998;27;13.07.1998;;WAHR;FALSCH;FALSCH;FALSCH
263;Quelle Plänggli 2;Bergli;Oberurnen;8868;721168;219734;4;Gde. Oberurnen;1024;;72121902;Geometeraufnahme;Trinkwasser;WV Gemeinde;Sicker-/Zuleitung;gut;Türe;Brunnenstube/Sammelschacht;Archiv Lienert & Haering AG;F. Stocco, EW Oberurnen;;;1;2;;;definitiv;3;ja;R. Brunner;26.03.1998;28;13.07.1998;;WAHR;FALSCH;FALSCH;FALSCH
264;Quelle Stellhütte;Oberer Tschingel;Oberurnen;8868;721182;219705;4;Gde. Oberurnen;1023;0;72121904;Geometeraufnahme;Trinkwasser;WV Gemeinde (abgehängt);Sicker-/Zuleitung;gut;Eisendeckel;Brunnenstube;Archiv Lienert & Haering AG;F. Stocco, EW Oberurnen;Gem. Angaben Lebensmittelinspektorat nicht mehr für WV Gemeinde! Abgesprochen!;;5;6;;;definitiv;1;nein;R. Brunner;26.03.1998;29;13.07.1998;;WAHR;FALSCH;FALSCH;FALSCH
265;Obere Fachtwald-Quelle;Fachtwald;Mollis;8753;725254;216730;;Gde. Mollis;722;0;72521605;Geometeraufnahme;Trinkwasser;WV Gemeinde;Sicker-/Zuleitung;gut;Eisendeckel 4 kant. Schrauben;Brunnenstube;Archiv Lienert & Haering AG;Ernst Bühler, Werkführer Mollis;;;;;;;definitiv;1;;Brunner;26.03.1998;29;28.06.1999;;WAHR;FALSCH;FALSCH;FALSCH
266;Mittlere Fachtwald-Quelle;Fachtwald;Mollis;8753;725236;216724;;Gde. Mollis;716;;72521606;Geometeraufnahme;Trinkwasser;WV Gemeinde;;gut;;;Archiv Lienert & Haering AG;Ernst Bühler, Werkführer Mollis;;;;;;;definitiv;;;Brunner;26.03.1998;30;28.06.1999;;WAHR;FALSCH;FALSCH;FALSCH
267;Untere Fachtwald-Quelle;Fachtwald;Mollis;8753;725218;216745;;Gde. Mollis;701;;72521607;Geometeraufnahme;Trinkwasser;WV Gemeinde;;gut;;;Archiv Lienert & Haering AG;Ernst Bühler, Werkführer Mollis;;;;;;;definitiv;1;;Brunner;26.03.1998;31;28.06.1999;;WAHR;FALSCH;FALSCH;FALSCH
268;Quelle Facht;;Mollis;8753;725147;216600;;Gde. Mollis;668;30;72521612;Geometeraufnahme;Trinkwasser;WV Gemeinde;Sicker-/Zuleitung;gut;Pilzdeckel;Brunnenstube;Archiv Lienert & Haering AG;Ernst Bühler, Werkführer Mollis;;;25;26;;;definitiv;1;ja;Brunner;26.03.1998;32;28.06.1999;;WAHR;FALSCH;FALSCH;FALSCH
269;Quelle Bächruns 3;im Bächrüsli;Mollis;8753;725330;216420;;Gde. Mollis;780;0;72521608;im Feld eingemessen;Trinkwasser;WV Gemeinde;Sicker-/Zuleitung;gut;Eisendeckel 4kant. Schrauben;Brunnenstube;Archiv Lienert & Haering AG;Ernst Bühler, Werkführer Mollis;"Anzahl Zuleitungen: 1Quelle + 2Zuleitungen
Leitung im Schacht kurzgeschlossen
-Sammelschacht";;31;32;;;definitiv;;Ja;Brunner;26.03.1998;33;28.06.1999;;WAHR;FALSCH;FALSCH;FALSCH
270;Quelle Neurüt;Nüürüt;Mollis;8753;725430;218793;924;Gde. Mollis;870;;72521802;im Feld eingemessen;Trinkwasser;WV Gemeinde;Sicker-/Zuleitung;gut;Türe;Brunnenstube;Archiv Lienert & Haering AG;Ernst Bühler, Werkführer Mollis;;;13;14;15;;definitiv;1;Ja;Brunner;26.03.1998;1;28.06.1999;;WAHR;FALSCH;FALSCH;FALSCH
271;Quelle Rütiberg 2;Rütiberg;Näfels;8752;721335;217073;10;Tagwen Näfels;840;50;72121702;im Feld eingemessen;Trinkwasser;WV Gemeinde;Sicker-/Zuleitung;gut;Pilzdeckel;Brunnenstube;Archiv Lienert & Haering AG;E. Schindler, Bauamt Näfels;;;K21;;;;provisorich;2;ja;M. Simmler;26.03.1998;17;20.08.1998;;WAHR;FALSCH;FALSCH;FALSCH
272;Quelle Rütiberg 3;Rütiberg;Näfels;8752;721328;217066;10;Tagwen Näfels;840;50;72121703;im Feld eingemessen;Trinkwasser;WV Gemeinde;Sicker-/Zuleitung;gut;Pilzdeckel;Brunnenstube;Archiv Lienert & Haering AG;E. Schindler, Bauamt Näfels;;;K23;K24;;;provisorich;2;ja;M. Simmler;26.03.1998;18;20.08.1998;;WAHR;FALSCH;FALSCH;FALSCH
273;Quelle Rütiberg 4;Rütiberg;Näfels;8752;721317;217061;10;Tagwen Näfels;840;50;72121704;im Feld eingemessen;Trinkwasser;WV Gemeinde;Sicker-/Zuleitung;gut;Pilzdeckel;Brunnenstube;Archiv Lienert & Haering AG;E. Schindler, Bauamt Näfels;;;K20;;;;provisorich;1;ja;M. Simmler;26.03.1998;19;20.08.1998;;WAHR;FALSCH;FALSCH;FALSCH
274;Quelle Wychlenberg;;Elm;8767;;;;Erben K. Rhyner-Freitag, Auen;1220;;;aus Plan gelesen;im Moment ungenutzt;;;;;;Archiv AFU Glarus;;nicht gefasst;;;;;;;;;;08.04.1998;1;;15.06.1999;FALSCH;FALSCH;FALSCH;FALSCH
275;;Erbs-Grundboden;Elm;8767;;;;Tagwen Elm;1210;;;aus Plan gelesen;im Moment ungenutzt;;;;;;Archiv AFU Glarus;;;;;;;;;;;;08.04.1998;2;;15.06.1999;FALSCH;FALSCH;FALSCH;FALSCH
276;Quelle Brunnenloch;Flur;Elm;8767;729190;195640;;Tagwen Elm;1200;;72919501;aus Plan gelesen;Brauchwasser;Ställe;;;;;Archiv AFU Glarus;Samuel Hefti, EW Elm;überdeckt;;;;;;keine vorh.;;;Brunner;08.04.1998;3;18.08.1999;;WAHR;FALSCH;FALSCH;FALSCH
277;Quelle Hinterhausweidli;Hinterhausweidli;Elm;8767;729520;196380;;R. Elmer, Steinibach;1170;;72919603;aus Plan gelesen;Trinkwasser;WV Einzelliegenschaft;;;;;Archiv AFU Glarus;R. Elmer, Steinibach Elm;überdeckt --> Lawinenholz;;;;;;keine vorh.;;;;08.04.1998;4;18.08.1999;;WAHR;FALSCH;FALSCH;FALSCH
278;;Studenweid;Elm;8767;;;;M. Rhyner, Steinibach;1190;;;aus Plan gelesen;im Moment ungenutzt;WV Weiler/Quartier;;;;;Archiv AFU Glarus;;;;;;;;keine vorh.;;;;08.04.1998;5;;18.08.1999;FALSCH;FALSCH;FALSCH;FALSCH
279;Quelle Studenweid;Studenweid;Elm;8767;729500;196410;;Fam. Disch-Rhyner;1220;;72919604;aus Plan gelesen;Trinkwasser;WV Einzelligenschaft;;;;;Archiv AFU Glarus;Fam. Disch-Rhyner, Elm;überdeckt-->unter Terrain, nicht gefunden;;;;;;keine vorh.;;;Brunner;08.04.1998;6;18.08.1999;;WAHR;FALSCH;FALSCH;FALSCH
280;Quelle Ziegerritt II;Ziegeritt;Elm;8767;729716;197098;;Gde. Elm;1438;10;72919702;im Feld eingemessen;Trinkwasser;WV Gemeinde;Sicker-/Zuleitung;gut;Pilzdeckel;Brunnenstube/Sammelschacht;Archiv AFU Glarus;Samuel Hefti, EW Elm;;;32;33;;;definitiv;2;ja;Brunner;08.04.1998;7;18.08.1999;;WAHR;FALSCH;FALSCH;WAHR
281;Quelle Freitag;Rüfi-Höschetli;Elm;8767;730400;196920;;R. Freitag, Egg;1110;0;73019601;aus Plan gelesen;Trinkwasser;WV Einzelliegenschaft;offener Graben;schlecht;Steinplatte;Brunnenstube;Archiv AFU Glarus;Ruedi Freitag, Höschetli Elm;;;10;11;;;keine vorh.;0;nein;Brunner;08.04.1998;8;18.08.1999;;WAHR;FALSCH;FALSCH;FALSCH
282;Quelle Meinradszell Ost;;Elm;8767;729960;196240;;Gde. Elm;1090;100;72919601;im Feld eingemessen;Trinkwasser;WV Gemeinde;Sicker-/Zuleitung;gut;Eisendeckel feuerverzinkt;Brunnenstube;Archiv AFU Glarus;Samuel Hefti, EW Elm;;;6;7;;;definitiv;1;ja;Brunner;08.04.1998;9;15.06.1999;;WAHR;FALSCH;FALSCH;FALSCH
283;Quellen Laisbach;Eggli;Elm;8767;730910;197125;;Gde. Elm;1070;;73019701;im Feld eingemessen;Trinkwasser;WV Gemeinde;Sicker-/Zuleitung;gut;Tor;Brunnenstube;Archiv AFU Glarus;Samuel Hefti, EW Elm;;;4;5;;;definitiv;1;ja;Brunner;08.04.1998;10;15.06.1999;;WAHR;FALSCH;FALSCH;FALSCH
284;Quelle Elmag - Rain 1;Wiese;Elm;8767;731750;197720;;Beat Elmer;995;10;73119701;aus Plan gelesen;Trinkwasser;WV Einzelliegenschaft;;gut;Eisen 4kant. Schrauben;Brunnenstube;Archiv AFU Glarus;Beat Elmer, Elm;;;25;26;;;keine vorh.;1;nein;Brunner;08.04.1998;11;15.06.1999;;WAHR;FALSCH;FALSCH;FALSCH
285;;Wiese;Elm;8767;;;;Elmag AG, diverse;980;;;aus Plan gelesen;im Moment ungenutzt;;;;;;Archiv AFU Glarus;;trocken;;;;;;;;;;08.04.1998;12;;15.06.1999;FALSCH;FALSCH;FALSCH;FALSCH
286;Quelle Nesslenboden;Nesslenboden;Elm;8767;727448;194705;;EMD;1401;40;72719401;im Feld eingemessen;Trinkwasser;WV Waffenplatz;Sicker-/Zuleitung;gut;Pilzdeckel;Brunnenstube/Sammelschacht;Archiv AFU Glarus;Hanspeter Müller, Ausbildungsabschnitt Büro Matt;plus Zuleitung Rinderboden;;3;4;;;definitiv;1;ja;Brunner;08.04.1998;30;18.08.1999;;WAHR;FALSCH;FALSCH;FALSCH
287;Quelle Rinderboden;Rinderboden;Elm;8767;726390;194725;;EMD;1559;5;72619401;im Feld eingemessen;Trinkwasser;WV Waffenplatz;Sicker-/Zuleitung;gut;Betondeckel;Brunnenstube;Archiv AFU Glarus;Hanspeter Müller, Ausbildungsabschnitt Büro Matt;Leitung kurzgeschlossen, nur Überlauf;;1;2;;;definitiv;1;nein;Brunner;08.04.1998;31;18.08.1999;;WAHR;FALSCH;FALSCH;FALSCH
288;Quelle Chamm Ost;Erbs (auf der Matt);Elm;8767;727540;195900;;;1780;;;aus Plan gelesen;Trinkwasser;WV Weiler/Quartier;;;;Brunnenstube;Archiv AFU Glarus;;Qualität gut;;;;;;;;;;08.04.1998;32;;;FALSCH;FALSCH;FALSCH;FALSCH
289;Quelle Chamm West;Erbs (auf der Matt);Elm;8767;727520;195900;;;1780;;;aus Plan gelesen;Trinkwasser;WV Weiler/Quartier;;;;Brunnenstube;Archiv AFU Glarus;;Qualität schlecht!?;;;;;;;;;;08.04.1998;33;;;FALSCH;FALSCH;FALSCH;FALSCH
290;Quelle Obtrittweg (Quelle Weg);Ober-Erbs auf der Matt);Elm;8767;727510;195760;;Gde. Elm;1730;10;72719501;aus Plan gelesen;Trinkwasser;WV Weiler/Quartier;Sicker-/Zuleitung;gut;Pilzdeckel;Brunnenstube;Archiv AFU Glarus;Kaspar Elmer Gemeindepräsident Elm;;;26;27;;;keine vorh.;1;ja;Brunner;08.04.1998;34;18.08.1999;;WAHR;FALSCH;FALSCH;FALSCH
291;Quelle Chüetal;Erbs;Elm;8767;727490;195670;;;1710;;;aus Plan gelesen;im Moment ungenutzt;;;;;Brunnenstube;Archiv AFU Glarus;;Frage LMI: ist das wirklich eine Quelle?;;;;;;;;;;08.04.1998;35;;18.08.1999;FALSCH;FALSCH;FALSCH;FALSCH
292;;Wiese;Elm;8767;;;;Untere Dörflibrunnenkorporation;980;;;aus Plan gelesen;Brauchwasser;Brunnen;;;;;Archiv AFU Glarus;;Brunnen im Garten;;;;;;;;;;08.04.1998;13;;15.06.1999;FALSCH;FALSCH;FALSCH;FALSCH
293;Quelle Dörflibrunnen;Hinterbach;Elm;8767;;;;diverse;980;;;aus Plan gelesen;;;;;;;Archiv AFU Glarus;;Dörflibrunnen;;;;;;;;;;08.04.1998;14;;15.06.1999;FALSCH;FALSCH;FALSCH;FALSCH
294;Quelle Gandweid;Gandweid;Elm;8767;;;;diverse;980;;;aus Plan gelesen;Brauchwasser;Stallbrunnen;;;;;Archiv AFU Glarus;;;;;;;;;;;;08.04.1998;15;;15.06.1999;FALSCH;FALSCH;FALSCH;FALSCH
295;;Müsli;Elm;8767;;;;diverse;960;;;aus Plan gelesen;im Moment ungenutzt;;;;;;Archiv AFU Glarus;;2 Quellen;;;;;;;;;;08.04.1998;16;;15.06.1999;FALSCH;FALSCH;FALSCH;FALSCH
296;Quelle Bleiken;Bleiken;Elm;8767;731480;198740;;Hüslibrunnenkorporation;1185;0;73119801;aus Plan gelesen;Trinkwasser;WV Weiler/Quartier;Sicker-/Zuleitung;gut;Eisen 4 kant.;Brunnenstube;Archiv AFU Glarus;Samuel Hefti, EW Elm,;;;23;24;;;erforderlich;2;nein;Brunner;08.04.1998;17;15.06.1999;;WAHR;FALSCH;FALSCH;FALSCH
297;Quelle Brunnadern;Brunnadern;Elm;8767;731800;199030;;Brunnenkorp. Schwendiweid;990;0;73119901;aus Plan gelesen;Trinkwasser;WV Weiler/Quartier;Sicker-/Zuleitung;genügend;Holz;Brunnenstube;Archiv AFU Glarus;Christoph Hefti, Schwendiweg Elm;;;20;21;;;keine vorh.;2;nein;Brunner;08.04.1998;18;18.08.1999;;WAHR;FALSCH;FALSCH;FALSCH
298;Quelle Brändenberg;Brändenberg;Elm;8767;731520;199320;;Brunnenkorporation Sulzbach;1120;0;73119902;aus Plan gelesen;Trinkwasser;Weiler Sulzbach;Aufstossend/ Zuleitung;gut;Eternit;Sammelschacht;Archiv AFU Glarus;Kaspar Rhyner, Burg elm;;;22;23;;;keine vorh.;4;nein;Brunner;08.04.1998;19;18.08.1999;;WAHR;FALSCH;FALSCH;FALSCH
299;Quelle Hörelibrunnen (Alprüteli);Alprüteli (Horelibrunnen);Elm;8767;733180;198100;;Gde. Elm;1195;0;73319801;im Feld eingemessen;Trinkwasser;WV Gemeinde Elm (neu) Ferienhaus, Ställe;Sicker-/Zuleitung;;Holz;Brunnenstube;Archiv AFU Glarus;Samuel Hefti, EW Elm;"wird 1999 neu gefasst
-für WV";;1;;;;definitiv;1;nein;Brunner;08.04.1998;20;15.06.1999;;WAHR;FALSCH;FALSCH;FALSCH
300;Quelle Brünnen II;Empächli;Elm;8767;730520;197960;;Gde. Elm;1480;100;73019702;im Feld eingemessen;Trinkwasser;WV Gemeinde;Sicker-/Zuleitung;;Pilzdeckel feuerverzinkt;Brunnenstube/Reservoir;Archiv AFU Glarus;Samuel Hefti, EW Elm;;;12;;;;definitiv;2;;Brunner;08.04.1998;21;15.06.1999;;WAHR;FALSCH;FALSCH;FALSCH
301;Kapuztinerquelle ELMAG MW 3;Gschwend-Gstöck;Elm;8767;732185;197240;;Elmag AG;1100;;73219701;aus Plan gelesen;Mineralquelle;Mineralwasser;Stollen;;;;Plan Loretan/Elmag;Hr. Bay;Hauptwasserquelle, kleiner Stollen;;;;;;erforderlich!!;;;;08.04.1998;22;;;WAHR;WAHR;FALSCH;WAHR
302;Quelle Brünnen I;Empächli;Elm;8767;730475;197955;;Gde. Elm;1490;;73019707;im Feld eingemessen;Trinkwasser;WV Gemeinde;Sicker-/Zuleitung;;;;Archiv AFU Glarus;Samuel Hefti, EW Elm;2 Quellen - nur 1 Schacht (Brünnen 2);;;;;;definitiv;1;;;08.04.1998;24;;15.06.1999;WAHR;WAHR;FALSCH;FALSCH
303;Quelle Pleus;Pleus;Elm;8767;729220;198600;;Gde. Elm;1849;40;72919801;im Feld eingemessen;Trinkwasser;WV Gemeinde;Sicker-/Zuleitung;gut;Pilzdeckel feuerverzinkt;Brunnenstube;Archiv AFU Glarus;Samuel Hefti, EW Elm;;;13;14;;;definitiv;1;ja;Brunner;08.04.1998;25;15.06.1999;;WAHR;FALSCH;FALSCH;FALSCH
304;Quelle Zigeritt I;Zigeritt;Elm;8767;729714;197123;;Gde. Elm;1445;10;72919701;im Feld eingemessen;Trinkwasser;WV Gemeinde;Sicker-/Zuleitung;gut;Pilzdeckel;Brunnenstube;Archiv AFU Glarus;Samuel Hefti, EW Elm;;;30;31;;;definitiv;1;ja;Brunner;08.04.1998;26;18.08.1999;;WAHR;FALSCH;FALSCH;WAHR
305;Quelle Zigeritt III;Zigeritt;Elm;8767;729723;197086;;Gde. Elm;1432;0;72919703;im Feld eingemessen;Trinkwasser;WV Gemeinde;Sicker-/Zuleitung;gut;Pilzdeckel;Brunnenstube;Archiv AFU Glarus;Samuel Hefti, EW Elm;;;34;35;36;;definitiv;1;ja;Brunner;08.04.1998;27;18.08.1999;;WAHR;FALSCH;FALSCH;WAHR
306;Quelle Zigeritt IV;Zigeritt;Elm;8767;729715;197050;;Gde. Elm;1415;;;im Feld eingemessen;Trinkwasser;WV Gemeinde;Sicker-/Zuleitung;;;;Archiv AFU Glarus;Samuel Hefti, EW Elm;kein Schacht;;;;;;definitiv;1;;;08.04.1998;28;;18.08.1999;FALSCH;FALSCH;FALSCH;FALSCH
307;Quelle Mainradzell West;;Elm;8767;729920;196230;;Gde. Elm;1095;100;72919602;im Feld eingemessen;Trinkwasser;WV Gemeinde;Sicker-/Zuleitung;gut;Eisendeckel mit 4 Kant;Brunnenstube;Archiv AFU Glarus;Samuel Hefti, EW Elm;;;8;9;;;definitiv;1;ja;Brunner;08.04.1998;29;15.06.1999;;WAHR;FALSCH;FALSCH;FALSCH
308;Quelle Loch 2;Loch;Matt;8766;730450;201535;702;Gde. Matt;1315;;73020101;aus Plan gelesen;Trinkwasser;WV Gemeinde;Sicker-/Zuleitung;gut;Eisentor;Brunnenstube;Archiv Lienert & Haering AG;Christoph Marti, Werkführer Matt;;;8;9;;;definitiv;5;ja;Brunner;08.04.1998;1;18.10.1999;;WAHR;FALSCH;FALSCH;FALSCH
309;Quelle Stutz 1;Stutz;Matt;8766;730930;201710;702;Gde. Matt;1080;;73020107;aus Plan gelesen;Trinkwasser;WV Gemeinde;Sicker-/Zuleitung;gut;Eisentor;Brunnenstube;Archiv Lienert & Haering AG;Christoph Marti, Werkführer Matt;"1 Quellfassung ständig in Betrieb 
Schlauch nur im Winter in Betrieb
Zuleitung von Quellen Loch";;4;5;;;definitiv;1;ja;Brunner;08.04.1998;2;18.10.1999;;WAHR;FALSCH;FALSCH;FALSCH
310;Quelle Schnabel;Schnabel;Matt;8766;732370;202350;;Gde. Matt;885;;73220202;aus Plan gelesen;Trinkwasser;2 Dorfbrunnen;ab Fels;gut;Eisentor;Brunnenstube;Archiv AFU Glarus;Christoph Marti, Werkführer Matt;nicht ins Netz gespiesen, nur im Notfall;;4;5;;;keine vorh.;1;ja;Brunner;08.04.1998;3;18.10.1999;;WAHR;FALSCH;FALSCH;FALSCH
311;Quelle Langriet;Weiden;Matt;8766;733530;204060;396;Wasserversorgung Weissenberg;1700;90;73320402;aus Plan gelesen;Trinkwasser;WV Weiler/Quartier Weissenberge;Sicker-/Zuleitung;gut;Eisendeckel;Brunnenstube;Archiv AFU Glarus;Stauffacher Fridolin, Weissenberg Matt;;;3;4;;;erforderlich;1;ja;Brunner;08.04.1998;4;20.08.1999;;WAHR;FALSCH;FALSCH;FALSCH
312;Quelle Weiden;Weiden;Matt;8766;733210;204030;396;Wasserversorgung Weissenberg;1655;60;73320403;aus Plan gelesen;Trinkwasser;WV Weiler/Quartier Weissenberge;Sicker-/Zuleitung;gut;Eisendeckel;Brunnenstube;Archiv AFU Glarus;Stauffacher Fridolin, Weissenberg Matt;;;2;1;5;;erforderlich;1;ja;Brunner;08.04.1998;5;20.08.1999;;WAHR;FALSCH;FALSCH;FALSCH
313;Quelle Stübli;Stübli;Matt;8766;731420;201860;280;Brunnengemeinschaft Brummbach;935;0;73120101;aus Plan gelesen;Trinkwasser;1 Ferienhaus, 2 Ställe, 1 Brunnen;Sicker-/Zuleitung;gut;Betondeckel;Brunnenstube;Archiv AFU Glarus;Hans Maduz-Marti, Sand;Neufassung;;2;3;;;keine vorh.;2;nein;Brunner;08.04.1998;6;18.10.1999;;WAHR;FALSCH;FALSCH;FALSCH
314;Quelle Stalden;Stalden;Matt;8766;732120;201990;245;Hans Elmer- Mattle;860;;73220101;aus Plan gelesen;Trinkwasser;Einzelliegenschaft;ab Fels/ aufstossend;sanierungsbedürftig/ schlecht;Eisentor;Brunnenstube;Archiv AFU Glarus;Hans Elmer-Mattle, Matt;;;6;7;;;keine vorh.;0;nein;Brunner;08.04.1998;7;18.10.1999;;WAHR;FALSCH;FALSCH;FALSCH
315;Quelle Stutzhütte;Stutzhütte Alp Krauchtal;Matt;8766;736080;207500;700;Gde. Matt;1670;0;73620701;aus Plan gelesen;Trinkwasser;Alpgebäude;ab Fels;genügend;Holz;Brunnenstube;Archiv AFU Glarus;Christoph Marti, Werkführer Matt;;;19;;;;keine vorh.;0;nein;Brunner;08.04.1998;16;20.08.1999;;WAHR;FALSCH;FALSCH;FALSCH
316;Quelle Steinhüttli;Steinhüttli Alp Krauchtal;Matt;8766;735700;207180;700;Gde. Matt;1640;0;73520701;aus Plan gelesen;Trinkwasser;Alpgebäude;ab Fels;genügend;Holz;Brunnenstube;Archiv AFU Glarus;Christoph Marti, Werkführer Matt;;;20;21;;;keine vorh.;0;nein;Brunner;08.04.1998;17;20.08.1999;;WAHR;FALSCH;FALSCH;FALSCH
317;Quelle Werbenhütte;Werbenhütte Alp Krauchtal;Matt;8766;736140;206320;700;Gde. Matt;1640;0;73620601;aus Plan gelesen;Trinkwasser;Alpgebäude;Sicker-/Zuleitung;gut;Eisendeckel;Brunnenstube;Archiv AFU Glarus;Christoph Marti, Werkführer Matt;;;22;23;;;keine vorh.;2;nein;Brunner;08.04.1998;18;20.08.1999;;WAHR;FALSCH;FALSCH;FALSCH
318;Quelle Vorderegg-Oberstafel;Vorderegg-Oberstafel;Matt;8766;733960;204180;700;Gde. Matt;1845;10;73320404;aus Plan gelesen;Trinkwasser;Alpgebäude;Sicker-/Zuleitung;gut;Holz;Brunnenstube;Archiv AFU Glarus;Christoph Marti, Werkführer Matt;;;23;24;;;keine vorh.;2;nein;Brunner;08.04.1998;8;18.10.1999;;WAHR;FALSCH;FALSCH;FALSCH
319;Quelle Schluchenwald;Schluchenwald;Matt;8766;729970;201660;707;Heiri Marti, Berglialp;1420;;72920102;aus Plan gelesen;Trinkwasser;Alpgebäude;;;;Brunnenstube;Archiv AFU Glarus;Heiri Marti, Sand Matt;"für Unterstafel Bergli
Quellschacht überdeckt, nicht gefunden";;;;;;keine vorh.;;;Brunner;08.04.1998;19;18.10.1999;;WAHR;FALSCH;FALSCH;FALSCH
320;Quelle Rietboden;Rietboden;Matt;8766;730500;202630;707;Heiri Marti, Berglialp;1560;;73020201;aus Plan gelesen;Trinkwasser;Alpgebäude;ab Fels;gut;Eisentor;Brunnenstube;Archiv AFU Glarus;Heiri Marti, Sand Matt;für Mittelstafel Alp Bergli;;21;22;;;keine vorh.;0;nein;Brunner;08.04.1998;20;18.10.1999;;WAHR;FALSCH;FALSCH;FALSCH
321;Quelle Berglialp Ober Stafel;Ober Stafel Alp Bergli;Matt;8766;729340;201640;707;Heiri Marti, Berglialp;1625;0;72920101;aus Plan gelesen;Trinkwasser;Alpgebäude;ab Fels;gut;Betondeckel;Brunnenstube;Archiv AFU Glarus;Heiri Marti, Sand Matt;;;19;20;;;keine vorh.;0;nein;Brunner;08.04.1998;21;18.10.1999;;WAHR;FALSCH;FALSCH;FALSCH
322;Quelle Hinteregg Ober Stafel  2;Ober Stafel Hinteregg;Matt;8766;734790;204400;700;Gde. Matt;1810;0;73420402;aus Plan gelesen;Trinkwasser;Alpgebäude;Sicker-/Zuleitung;gut;Betondeckel;Brunnenstube;Archiv AFU Glarus;Christoph Marti, Werkführer Matt;;;23;24;;;keine vorh.;3;nein;Brunner;08.04.1998;9;18.10.1999;;WAHR;FALSCH;FALSCH;FALSCH
323;Quelle Unter Stafel Vorderegg;Unter Stafel Vorderegg;Matt;8766;735270;203880;700;Gde. Matt;1550;0;73520301;aus Plan gelesen;Trinkwasser;Alpgebäude;ab Fels;gut;Holz;Brunnenstube;Archiv AFU Glarus;Christoph Marti, Werkführer Matt;;;33;34;;;keine vorh.;;nein;Brunner;08.04.1998;10;18.10.1999;;WAHR;FALSCH;FALSCH;FALSCH
324;Quelle Hinteregg Unter Stafel;Hinteregg Unter Stafel;Matt;8766;735390;203940;700;Gde. Matt;1525;0;73520302;aus Plan gelesen;Trinkwasser;Alpgebäude;Sicker-/Zuleitung;gut;Eisendeckel mit 4 Kant;Brunnenstube;Archiv AFU Glarus;Christoph Marti, Werkführer Matt;;;31;32;;;keine vorh.;1;nein;Brunner;08.04.1998;11;18.10.1999;;WAHR;FALSCH;FALSCH;FALSCH
325;Quelle Stollenrus Alp Krauchtal Unter Staffel 2;Stollenrus Alp Krauchtal;Matt;8766;736320;205600;700;Gde. Matt;1630;0;73620502;aus Plan gelesen;Trinkwasser;Alpgebäude;ab Fels;genügend;Holz;Brunnenstube;Archiv AFU Glarus;Christoph Marti, Werkführer Matt;Hintere Winggelhütten;;24;25;;;keine vorh.;1;nein;Brunner;08.04.1998;12;20.08.1999;;WAHR;FALSCH;FALSCH;FALSCH
326;Quelle Riseten Ober Stafel 1;Ober Stafel Riseten;Matt;8766;736980;203680;700;Gde. Matt;1940;20;73620301;aus Plan gelesen;Trinkwasser;Alpgebäude;Sicker-/Zuleitung;gut;Betondeckel;Brunnenstube/Reservoir;Archiv AFU Glarus;Christoph Marti, Werkführer Matt;;;9;12;;;keine vorh.;2;nein;Brunner;08.04.1998;13;20.08.1999;;WAHR;FALSCH;FALSCH;FALSCH
327;Quelle Riseten Mittel Stafel 1;Mittler Stafel Riseten;Matt;8766;736750;204270;700;Gde. Matt;1750;0;73620401;aus Plan gelesen;Trinkwasser;Alpgebäude;ab Fels/ Boden;gut;Holz;Brunnenstube;Archiv AFU Glarus;Christoph Marti, Werkführer Matt;;;15;16;;;keine vorh.;0;nein;Brunner;08.04.1998;14;20.08.1999;;WAHR;FALSCH;FALSCH;FALSCH
328;Quelle Riseten Unter Stafel;Unter Stafel Riseten;Matt;8766;735900;203810;700;Gde. Matt;1445;;73520303;aus Plan gelesen;Trinkwasser;Alpgebäude;Sicker-/Zuleitung;gut;Holz;Brunnenstube;Archiv AFU Glarus;Christoph Marti, Werkführer Matt;;;2;3;;;keine vorh.;1;nein;Brunner;08.04.1998;15;18.10.1999;;WAHR;FALSCH;FALSCH;FALSCH
329;Quelle Lanzerie;Lanzerie Alp Krauchtal;Matt;8766;;;700;Gde. Matt;1520;;;aus Plan gelesen;im Moment ungenutzt;;;;;;Archiv AFU Glarus;Christoph Marti, Werkführer Matt;;;;;;;;;;;08.04.1998;22;;20.08.1999;FALSCH;FALSCH;FALSCH;FALSCH
330;;Bruch;Matt;8766;;;700;Gde. Matt;1270;;;aus Plan gelesen;im Moment ungenutzt;;nicht gefasst;;;;Archiv AFU Glarus;Christoph Marti, Werkführer Matt;;;;;;;keine vorh.;;;;08.04.1998;23;;20.08.1999;FALSCH;FALSCH;FALSCH;FALSCH
331;Quelle Bruchhüttli;Bruch ob Hüttli;Matt;8766;734370;202740;700;Gde. Matt;1200;0;73420201;aus Plan gelesen;Trinkwasser;Wegbrunnen;ab Fels;gut;Holz;Brunnenstube;Archiv AFU Glarus;Christoph Marti, Werkführer Matt;;;7;8;;;keine vorh.;0;nein;Brunner;08.04.1998;24;20.08.1999;;WAHR;FALSCH;FALSCH;FALSCH
333;Quelle Höfli;Höfli;Engi;8765;729500;205450;;Vontobel Heidi, Höfli;770;;72920502;aus Plan gelesen;im Moment ungenutzt;In Bach, Fischweiher;ab Fels;genügend;grosser Stein;;Archiv AFU Glarus;Vontobel Heidi, Höfli, Engi;;;9;10;;;keine vorh.;;nein;Brunner;08.04.1998;2;19.08.1999;;WAHR;FALSCH;FALSCH;FALSCH
334;Quelle Vordere Wartstalden;Wartstalden;Engi;8765;727763;206287;;Gde. Schwanden;794.3400269;0;72720603;Geometeraufnahmen;Trinkwasser;WV Gemeinde Schwanden;Stollen;gut;Eisendeckel;Brunnenstube;Archiv Lienert & Haering AG;J. Tschudi, WV Schwanden;Eigentliche Fassung ca. 300 m im Berg innen;;H24;H25;;;provisorich;1;ja;M. Simmler;08.04.1998;3;04.08.1998;;WAHR;FALSCH;FALSCH;FALSCH
335;Quelle Hinterer Wartstalden;Wartstalden;Engi;8765;728672;205931;;Gde. Schwanden;756.3099976;50;72820501;Geometeraufnahmen;Trinkwasser;WV Gemeinde Schwanden;Stollen;gut;Pilzdeckel;Brunnenstube;Archiv Lienert & Haering AG;J. Tschudi, WV Schwanden;eigentliche Fassung mehrere 100 m im Berg innen;;H26;H27;H28;;provisorisch;1;ja;M. Simmler;08.04.1998;4;04.08.1998;;WAHR;FALSCH;FALSCH;FALSCH
336;Quelle im Knie;Bifang;Engi;8765;730050;205370;;Brunnenkorporation Knie;815;0;73020501;aus Plan gelesen;Trinkwasser;6 Liegenschaften;ab Fels;gut;Eisentor;Brunnenstube;Archiv AFU Glarus;Kurt Klingenfuss, Zürich;;;;;;;erforderlich;0;ja;;08.04.1998;5;19.08.1999;;WAHR;FALSCH;FALSCH;FALSCH
337;Quelle im Holderbergli;Bifang;Engi;8765;730010;205470;;diverse;850;0;73020502;aus Plan gelesen;Trinkwasser;4 Liegenschaften;Sicker-/Zuleitung;genügend;Eisendeckel;Brunnenstube;Archiv AFU Glarus;Leonard Marti-Meili, Holderberg, Engi;;;15;16;;;keine vorh.;1;nein;Brunner;08.04.1998;6;19.08.1999;;WAHR;FALSCH;FALSCH;FALSCH
338;Quelle im Bergli;Bergli;Engi;8765;729930;205550;;M. Baumgartner-Marti;880;0;72920503;aus Plan gelesen;Trinkwasser;Einzelliegenschaft mit Stall;Aufstossend;schlecht;Blech;Brunnenstube;Archiv AFU Glarus;M. Baumgartner-Marti, Bergli, Engi;;;13;14;;;keine vorh.;0;nein;Brunner;08.04.1998;7;19.08.1999;;WAHR;FALSCH;FALSCH;FALSCH
339;Quelle Brunnengaden;Brunnengaden;Engi;8765;730263;205550;;Gde. Engi;880;;73020503;im Feld eingemessen;Trinkwasser;WV Gemeinde;Stollen/ ab Fels;gut;Türe;Brunnenstube;Archiv Lienert & Haering AG;Fux Ernst, Werkführer;;;11;12;;;definitiv;1;ja;Brunner;08.04.1998;8;19.08.1999;;WAHR;FALSCH;FALSCH;FALSCH
340;Quelle im Malissand 1;;Engi;8765;730590;205790;;Weberei Sernftal (Weseta);980;0;73020506;aus Plan gelesen;Trinkwasser;Wohnhäuser, Weberei;;gut;Eisentor;Brunnenstube;Archiv AFU Glarus;Weseta Engi;"-3 Quellschächte
verschlossen";;28;;;;erforderlich;;ja;Brunner;08.04.1998;9;19.10.1999;;WAHR;FALSCH;FALSCH;FALSCH
341;Quelle im Salenstutz;;Engi;8765;;;;Gde. Engi;1000;;;aus Plan gelesen;Brauchwasser;Brunnen;;;;;Archiv AFU Glarus;Fux Ernst, Werkführer;nicht aufgenommen;;;;;;;;;;08.04.1998;10;;19.08.1999;FALSCH;FALSCH;FALSCH;FALSCH
342;Quelle Müslenrus;Müslenrunse/Gufelstock;Engi;8765;730670;206310;;Brunnenkorp. Gufelstock, Gde. Engi;1130;0;73020601;aus Plan gelesen;Trinkwasser;Ferienhäuser;ab Fels;gut;Eisentor;Brunnenstube;Archiv AFU Glarus;Fux Ernst, Werkführer Engi;verschlossen;;30;;;;erforderlich;0;ja;Brunner;08.04.1998;18;19.10.1999;;WAHR;FALSCH;FALSCH;FALSCH
343;;Schiterrunse;Engi;8765;730380;206980;;Gde. Engi;1550;;73020603;aus Plan gelesen;;;;;;;Archiv AFU Glarus;Fux Ernst, Werkführer;;;;;;;;;;;08.04.1998;19;;;WAHR;WAHR;FALSCH;FALSCH
344;Quelle Üeblital;Üeblital;Engi;8765;731265;207050;;Gde. Engi;1185;30;73120701;im Feld eingemessen;Trinkwasser;WV Gemeinde;Sicker-/Zuleitung;gut;Pilzdeckel;Brunnenstube;Archiv Lienert & Haering AG;Fux Ernst, Werkführer;;;21;22;;;definitiv;1;ja;Brunner;08.04.1998;20;19.08.1999;;WAHR;FALSCH;FALSCH;FALSCH
345;;in den Brünnen;Engi;8765;;;;Gde. Engi;1090;;;aus Plan gelesen;im Moment ungenutzt;;;;;;Archiv AFU Glarus;Fux Ernst, Werkführer;ungenutzt,;;;;;;;;;;08.04.1998;21;;19.08.1999;FALSCH;FALSCH;FALSCH;FALSCH
346;;;Engi;8765;;;;O. Haller, Leinsiten;820;;;aus Plan gelesen;Brauchwasser;Brunnen;;;;;Archiv AFU Glarus;Kurt Haller, Leinsiten;nicht aufgenommen;;;;;;;;;;08.04.1998;11;;19.08.1999;FALSCH;FALSCH;FALSCH;FALSCH
347;Quelle i.d. Leinsiten;;Engi;8765;;;;O. Haller, Leinsiten;900;;;aus Plan gelesen;im Moment ungenutzt;;;;;;Archiv AFU Glarus;Kurt Haller, Leinsiten;nicht aufgenommen;;;;;;;;;;08.04.1998;12;;19.08.1999;FALSCH;FALSCH;FALSCH;FALSCH
348;Quelle Hüttenboden;Hüttenboden;Engi;8765;731410;205290;;H. Marti, Berg;1250;0;73120501;aus Plan gelesen;Trinkwasser;Einzelliegenschaft;ab Fels;genügend;Schieferplatte;Brunnenstube;Archiv AFU Glarus;Fux Ernst, Werkführer, Engi;;;30;31;;;keine vorh.;0;nein;Brunner;08.04.1998;13;19.08.1999;;WAHR;FALSCH;FALSCH;FALSCH
349;Quelle Wagenplatz;Wagenplatz;Engi;8765;731350;205190;;Schul Blumer Brämer Brunnenkorporation;1195;0;73120502;aus Plan gelesen;;3 Dorfbrunnen + Stall;Sicker-/Zuleitung;gut;Plastiktank;Brunnenstube;Archiv AFU Glarus;Mathias Marti, Riegelgasse, Engi;;;32;33;34;;keine vorh.;2;nein;Brunner;08.04.1998;14;19.08.1999;;WAHR;FALSCH;FALSCH;FALSCH
350;Quelle i.d. Brunnadern;;Engi;8765;731340;205400;;Gde. Engi;1220;;;aus Plan gelesen;im Moment ungenutzt;;;;;;Archiv AFU Glarus;Fux Ernst, Werkführer Engi;;;;;;;;;;;08.04.1998;15;;19.10.1999;FALSCH;FALSCH;FALSCH;FALSCH
351;Quelle i.d. kalten Brünnen;;Engi;8765;;;;Gde. Engi;1300;;;aus Plan gelesen;im Moment ungenutzt;;;;;;Archiv AFU Glarus;;ungenutzt, nicht aufgenommen;;;;;;;;;;08.04.1998;16;;19.08.1999;FALSCH;FALSCH;FALSCH;FALSCH
352;Planggenruskorporation;Buechwald;Schwanden;8762;;;;Blanggenbrunnenkorporation;900;;;aus Plan gelesen;Brauchwasser;Brunnen (Viehtränke);Bachwasserfassung;;Holz;;Archiv AFU Glarus;J. Tschudi, Werkführer Schwanden;nur Viehtränke --> nicht aufgenommen;;;;;;keine vorh.;;nein;;15.04.1998;1;;28.08.1998;FALSCH;FALSCH;FALSCH;FALSCH
353;Hinterruskorporation;Äschen;Schwanden;8762;;;;Hinterrunsenkorporation;910;;;aus Plan gelesen;;;;;;;Archiv AFU Glarus;H. R. Streiff;gemäss Gemeinde ungenutzt, nicht aufgenommen;;;;;;keine vorh.;;;;16.04.1998;4;;09.10.1998;FALSCH;FALSCH;FALSCH;FALSCH
354;Quelle Leuggelen;Leuggelenwald;Schwanden;8762;722525;205845;;Leuggelbrunnenkorporation;950;0;72220515;aus Plan gelesen;Brauchwasser;Brunnen (Viehtränke), Rest. Leuggelen;Sicker-/Zuleitung;gut;Türe;Brunnenstube;Archiv AFU Glarus;J. Tschudi, Werkführer Schwanden;;;L30;L31;;;keine vorh.;1;ja;M. Simmler;16.04.1998;5;09.10.1998;;WAHR;FALSCH;FALSCH;FALSCH
355;Quelle Hellwald 1;Hellwald;Schwanden;8762;724754;204363;;Gde. Schwanden;1116.680054;;;Geometeraufnahmen;Trinkwasser;WV Gemeinde;;;;;Archiv Lienert & Haering AG;J. Tschudi, Werkführer Schwanden;Quelle neu mit Hellwald 2 gefasst;;;;;;definitiv;;;;16.04.1998;6;;04.08.1998;FALSCH;FALSCH;FALSCH;FALSCH
356;Quelle Hellwald 2;Hellwald;Schwanden;8762;724756;204360;;Gde. Schwanden;1118.640015;40;72420401;Geometeraufnahmen;Trinkwasser;WV Gemeinde;Sicker-/Zuleitung;SVGW-Konform;Pilzdeckel;Brunnenstube/Sammelschacht;Archiv Lienert & Haering AG;J. Tschudi, Werkführer Schwanden;;;G8;G9;G10+1;;definitiv;3;ja;M. Simmler;16.04.1998;7;04.08.1998;;WAHR;FALSCH;FALSCH;FALSCH
357;Quelle Hellwald 3;Hellwald;Schwanden;8762;724770;204360;;Gde. Schwanden;1121.170044;;;Geometeraufnahmen;Trinkwasser;WV Gemeinde;;;;kein Schacht;Archiv Lienert & Haering AG;J. Tschudi, Werkführer Schwanden;Quelle läuft direkt in Sammelbrunnenstube 10;;;;;;definitiv;;;M. Simmler;16.04.1998;8;04.08.1998;;WAHR;FALSCH;FALSCH;FALSCH
358;Quelle Hellwald 4;Hellwald;Schwanden;8762;724783;204374;;Gde. Schwaden;1120.959961;0;72420402;Geometeraufnahmen;Trinkwasser;WV Gemeinde;Sicker-/Zuleitung;gut;Eisendeckel;Kontrollschacht;Archiv Lienert & Haering AG;J. Tschudi, Werkführer Schwanden;Quelle läuft via Kontrollschacht in Sammelbrunnenstube 10;;G6;G7;;;definitiv;1;ja;M. Simmler;16.04.1998;9;04.08.1998;;WAHR;FALSCH;FALSCH;FALSCH
359;Quelle Hellwald 15;Hellwald;Schwanden;8762;724674;204458;;Gde. Schwanden;1054.280029;70;72420403;Aus Plan gelesen;Trinkwasser;WV Gemeinde;Sicker-/Zuleitung;SVGW-Konform;Pilzdeckel;Brunnenstube;Archiv Lienert & Haering AG;J. Tschudi, Werkführer Schwanden;Quelle läuft direkt in Sammelbrunnenstube 10;;G12;G13;;;definitiv;2;ja;M. Simmler;16.04.1998;10;04.08.1998;;WAHR;FALSCH;FALSCH;FALSCH
360;Quelle Tobel 20;Tobel;Schwanden;8762;724489;204514;;Gde. Schwanden;963.6900024;0;72420404;Geometeraufnahmen;Trinkwasser;WV Gemeinde;Sicker-/Zuleitung;gut;Eisendeckel;Kontrollschacht;Archiv Lienert & Haering AG;J. Tschudi, Werkführer Schwanden;Quelle läuft via Kontrollschacht in Sammelbrunnenstube 19;;G14;G15;;;definitiv;1;ja;M. Simmler;16.04.1998;11;04.08.1998;;WAHR;FALSCH;FALSCH;FALSCH
361;Quelle Tobel 21;Tobel;Haslen;8773;724457;204516;;Gde. Schwanden;948.75;10;72420405;Geometeraufnahmen;Trinkwasser;WV Gemeinde Schwanden;Sicker-/Zuleitung;gut;Eisendeckel;Kontrollschacht;Archiv Lienert & Haering AG;J. Tschudi, WV Gde. Schwanden;Quelle läuft via Kontrollschacht in Sammelbrunnenstube 19;;G16;G17;;;definitiv;1;ja;M. Simmler;16.04.1998;1;04.08.1998;;WAHR;FALSCH;FALSCH;FALSCH
362;Quelle Tobel 22;Tobel;Haslen;8773;724441;204555;;Gde. Schwanden;924.4099731;10;72420406;Geometeraufnahmen;Trinkwasser;WV Gemeinde Schwanden;Sicker-/Zuleitung;gut;Eisendeckel;Kontrollschacht;Archiv Lienert & Haering AG;J. Tschudi, WV Gde. Schwanden;Quelle läuft via Kontrollschacht in Sammelbrunnenstube 23;;G18;G19;;;definitiv;1;ja;M. Simmler;16.04.1998;2;04.08.1998;;WAHR;FALSCH;FALSCH;FALSCH
363;Quelle Tobel 25;Tobel;Haslen;8773;724378;204638;;Gde. Schwanden;871.5499878;0;72420407;Geometeraufnahmen;Trinkwasser;WV Gemeinde Schwanden;Sicker-/Zuleitung;gut;Eisendeckel;Kontrollschacht;Archiv Lienert & Haering AG;J. Tschudi, WV Gde. Schwanden;Quelle läuft via Kontrollschacht in Sammelbrunnenstube 24;;H1;H2;;;definitiv;1;ja;M. Simmler;16.04.1998;3;04.08.1998;;WAHR;FALSCH;FALSCH;FALSCH
364;Quelle Tobel 24;Tobel;Haslen;8773;;;;Gde. Schwanden;880.5300293;;;Geometeraufnahmen;im Moment ungenutzt;WV Gemeinde Schwanden;nicht gefasst;;;;Archiv Lienert & Haering AG;J. Tschudi, WV Gde. Schwanden;gemäss J. Tschudi nicht mehr gefasst, da versiegt --> nicht aufgenommen;;;;;;definitiv;;;;16.04.1998;4;;04.08.1998;FALSCH;FALSCH;FALSCH;FALSCH
365;Quelle Schwändibord 35;Schwändibord;Haslen;8773;724319;204607;;Gde. Schwanden;908.3599854;5;72420408;Geometeraufnahmen;Trinkwasser;WV Gemeinde Schwanden;Sicker-/Zuleitung;gut;Eisendeckel;Kontrollschacht;Archiv Lienert & Haering AG;J. Tschudi, WV Gde. Schwanden;Quelle läuft via Kontrollschacht in Sammelbrunnenstube 24;;G20;G21;;;definitiv;1;ja;M. Simmler;16.04.1998;5;04.08.1998;;WAHR;FALSCH;FALSCH;FALSCH
366;Quelle Schwändibord 36.1;Schwändibord;Haslen;8773;724300;204628;;Gde. Schwanden;907.25;30;72420409;Geometeraufnahmen;Trinkwasser;WV Gemeinde Schwanden;Stollen;SVGW-Konform;Eisentüre;Brunnenstube;Archiv Lienert & Haering AG;J. Tschudi, WV Gde. Schwanden;"Quelle läuft via Durchlaufrinne im Stollen in Sammelbrunnenstube 39; neu direkt in Sammelbrunnenstube";;G22;G23;;;definitiv;1;ja;M. Simmler;16.04.1998;;04.08.1998;;WAHR;FALSCH;FALSCH;FALSCH
367;Quelle Schwändibord 37;Schwändibord;Haslen;8773;724282;204641;;Gde. Schwanden;902;;;Geometeraufnahmen;Trinkwasser;WV Gemeinde Schwanden;;;;;Archiv Lienert & Haering AG;J. Tschudi, WV Gde. Schwanden;kein Schacht, Quelle läuft direkt in Sammelbrunnenstube 39;;;G25;;;definitiv;;;M. Simmler;16.04.1998;7;04.08.1998;;WAHR;FALSCH;FALSCH;FALSCH
368;Quelle Schwändibord 38;Schwändibord;Haslen;8773;724283;204718;;Gde. Schwanden;848.7000122;50;72420410;Geometeraufnahmen;Trinkwasser;WV Gemeinde Schwanden;Sicker-/Zuleitung;SVGW-Konform;Pilzdeckel;Brunnenstube;Archiv Lienert & Haering AG;J. Tschudi, WV Gde. Schwanden;Quelle läuft direkt in Sammelbrunnenstube 38;;H3;H4;;;definitiv;1;ja;M. Simmler;16.04.1998;8;04.08.1998;;WAHR;FALSCH;FALSCH;FALSCH
369;Quelle Weidrunse 45;Weidrunse;Schwanden;8762;724462;205131;;Gde. Schwanden;804.4199829;20;72420501;Geometeraufnahmen;Trinkwasser;WV Gemeinde;Stollen;SVGW-Konform;Türe;kein Schacht;Archiv Lienert & Haering AG;J. Tschudi, Werkführer Schwanden;Quelle läuft via Durchlaufrinne in Sammelbrunnenstube 45;;H5;H6;H7;;definitiv;;ja;M. Simmler;16.04.1998;12;04.08.1998;;WAHR;FALSCH;FALSCH;FALSCH
370;Quelle Wagenrunse 56;Wagenrunse;Schwanden;8762;724998;205716;;Gde. Schwanden;693.6699829;10;72420502;Geometeraufnahmen;Trinkwasser;WV Gemeinde;Stollen;gut;Türe;kein Schacht;Archiv Lienert & Haering AG;J. Tschudi, Werkführer Schwanden;;;H11;H10;;;definitiv;2;ja;M. Simmler;16.04.1998;13;04.08.1998;;WAHR;FALSCH;FALSCH;FALSCH
371;Quelle Wagenrunse 57;Wagenrunse;Schwanden;8762;724976;205718;;Gde. Schwanden;685.8800049;10;72420503;Geometeraufnahmen;Trinkwasser;WV Gemeinde;Sicker-/Zuleitung;gut;Türe;Brunnenstube/Sammelschacht;Archiv Lienert & Haering AG;J. Tschudi, Werkführer Schwanden;;;H9;H10;H12;;definitiv;2;ja;M. Simmler;16.04.1998;14;04.08.1998;;WAHR;FALSCH;FALSCH;FALSCH
372;Ginzenquelle;Ginzen;Schwanden;8762;;;;;610;;;aus Plan gelesen;im Moment ungenutzt;;nicht gefasst;;;;Archiv AFU Glarus;J. Tschudi, Werkführer Schwanden;nicht aufgenommen;;;;;;;;;;16.04.1998;15;;04.08.1998;FALSCH;FALSCH;FALSCH;FALSCH
373;Nüenhüttli;Neuenhüttli;Schwanden;8762;725750;204110;;Gde. Schwanden;920;10;72520401;aus Plan gelesen;Trinkwasser;Alpgebäude;Sicker-/Zuleitung;gut;Eisendeckel;Brunnenstube;Archiv AFU Glarus;J. Tschudi, Werkführer Schwanden;Versorgung Unterstafel Alp, nur kleiner Teil des Wassers gefasst;;H22;H23;;;keine vorh.;1;nein;M. Simmler;16.04.1998;162;04.08.1998;;WAHR;FALSCH;FALSCH;FALSCH
374;Niederen Laui;Laui;Schwanden;8762;;;;;940;;;aus Plan gelesen;im Moment ungenutzt;;nicht gefasst;;;;Archiv AFU Glarus;J. Tschudi, Werkführer Schwanden;nicht aufgenommen;;;;;;;;;;16.04.1998;17;;04.08.1998;FALSCH;FALSCH;FALSCH;FALSCH
375;Niederen Unterstafel;Kies;Schwanden;8762;;;;;1000;;;aus Plan gelesen;im Moment ungenutzt;;nicht gefasst;;;;Archiv AFU Glarus;J. Tschudi, Werkführer Schwanden;nicht aufgenommen;;;;;;;;;;16.04.1998;18;;04.08.1998;FALSCH;FALSCH;FALSCH;FALSCH
376;Grütquelle 1/68;Grüt;Schwanden;8762;724745;205749;;Gde. Schwanden;643.9500122;10;72420504;Geometeraufnahmen;Trinkwasser;WV Gemeinde;Sicker-/Zuleitung;sanierungsbedürftig;Blech-Deckel;Brunnenstube;Archiv Lienert & Haering AG;J. Tschudi, Werkführer Schwanden;;;H14;H15;;;definitiv;1;nein;M. Simmler;16.04.1998;19;04.08.1998;;WAHR;FALSCH;FALSCH;FALSCH
377;Grütquelle 2/70;Grüt;Schwanden;8762;724752;205761;;Gde. Schwanden;645;;;;Trinkwasser;WV Gemeinde;;;;unbekannt;Archiv Lienert & Haering AG;J. Tschudi, Werkführer Schwanden;Quelle noch nicht gefunden, Schüttung im Reservoir gemessen;;;;;;definitiv;;;M. Simmler;16.04.1998;20;04.08.1998;;WAHR;FALSCH;FALSCH;FALSCH
378;Quelle Felezen 80;Zusingen;Haslen;8773;723990;205021;41;Gde. Schwanden;680.3900146;0;72320501;Geometeraufnahmen;Trinkwasser;WV Gemeinde Schwanden;Sicker-/Zuleitung;gut;Eisendeckel;Brunnenstube;Archiv Lienert & Haering AG;J. Tschudi, WV Gde. Schwanden;;;F10;F11;;;definitiv;3;nein;M. Simmler;16.04.1998;9;04.08.1998;;WAHR;FALSCH;FALSCH;FALSCH
379;Quelle Ottigen 81;Zusingen;Haslen;8773;723887;205023;;Gde. Schwanden;639.1500244;5;72320502;Geometeraufnahmen;Trinkwasser;WV Gemeinde Schwanden;Sicker-/Zuleitung;gut;Eisendeckel;Brunnenstube;Archiv Lienert & Haering AG;J. Tschudi, WV Gde. Schwanden;;;F12;F13;;;definitiv;1;ja;M. Simmler;16.04.1998;10;04.08.1998;;WAHR;FALSCH;FALSCH;FALSCH
380;Quelle Alpweg 82;Zusingen;Haslen;8773;723938;205121;;Gde. Schwanden;617.6900024;5;72320503;Geometeraufnahmen;Trinkwasser;WV Gemeinde Schwanden;Sicker-/Zuleitung;sanierungsbedürftig;Blech-Deckel;Brunnenstube;Archiv Lienert & Haering AG;J. Tschudi, WV Gde. Schwanden;Fassung wahrscheinlich defekt (Leitungsbruch);;H18;H19;;;definitiv;2;ja;M. Simmler;16.04.1998;11;04.08.1998;;WAHR;FALSCH;FALSCH;FALSCH
381;;;Mühlehorn;8874;732600;219320;;;540;;;aus Plan gelesen;;;;;;;Archiv AFU Glarus;;;;;;;;;;;;16.04.1998;1;;;FALSCH;FALSCH;FALSCH;FALSCH
383;;;Mühlehorn;8874;732540;219190;;;600;;;aus Plan gelesen;;;;;;;Archiv AFU Glarus;;;;;;;;;;;;16.04.1998;3;;;FALSCH;FALSCH;FALSCH;FALSCH
384;;;Mühlehorn;8874;732670;219160;;;600;;;aus Plan gelesen;;;;;;;Archiv AFU Glarus;;;;;;;;;;;;16.04.1998;4;;;FALSCH;FALSCH;FALSCH;FALSCH
385;;;Mühlehorn;8874;732320;218840;;;780;;;aus Plan gelesen;;;;;;;Archiv AFU Glarus;;;;;;;;;;;;16.04.1998;5;;;FALSCH;FALSCH;FALSCH;FALSCH
386;;;Mühlehorn;8874;732580;218580;;;780;;;aus Plan gelesen;;;;;;;Archiv AFU Glarus;;;;;;;;;;;;16.04.1998;6;;;FALSCH;FALSCH;FALSCH;FALSCH
387;Alp Bigligen;Alp Bigligen;Mühlehorn;8874;732390;216330;;Gde. Obstalden;1620;0;73221601;aus Plan gelesen;Trinkwasser;Alpgebäude;ab Fels;gut;Steine;Brunnenstube;Archiv AFU Glarus;J. Grob, Obstalden;;;K30;K31;;;keine vorh.;1;nein;M. Simmler;16.04.1998;57;21.08.1998;;WAHR;FALSCH;FALSCH;FALSCH
388;Kaltenbrunnen;Kaltenbrunnen;Mühlehorn;8874;731900;217790;;Gde. Obstalden;1290;10;73121701;aus Plan gelesen;Trinkwasser;Alpgebäude;Sicker-/Zuleitung;gut;Betondeckel;Brunnenstube;Archiv AFU Glarus;J. Grob, Obstalden;;;K26;K27;;;keine vorh.;1;nein;M. Simmler;16.04.1998;58;21.08.1998;;WAHR;FALSCH;FALSCH;FALSCH
389;Rietboden;Rietboden;Mühlehorn;8874;732150;216680;;Gde. Obstalden;1520;;73221602;aus Plan gelesen;Trinkwasser;Alpgebäude;ab Fels;sanierungsbedürftig;Steine;kein Schacht;Archiv AFU Glarus;J. Grob, Obstalden;;;K28;K29;;;keine vorh.;;nein;M. Simmler;16.04.1998;59;21.08.1998;;WAHR;FALSCH;FALSCH;FALSCH
390;;;Mühlehorn;8874;731970;216100;;;1700;;;aus Plan gelesen;;;;;;;Archiv AFU Glarus;;;;;;;;;;;;16.04.1998;10;;;FALSCH;FALSCH;FALSCH;FALSCH
391;;;Mühlehorn;8874;732230;216080;;;1680;;;aus Plan gelesen;;;;;;;Archiv AFU Glarus;;;;;;;;;;;;16.04.1998;11;;;FALSCH;FALSCH;FALSCH;FALSCH
392;;;Mühlehorn;8874;732500;215910;;;1740;;;aus Plan gelesen;;;;;;;Archiv AFU Glarus;;;;;;;;;;;;16.04.1998;12;;;FALSCH;FALSCH;FALSCH;FALSCH
393;Quelle Fegis 1;Auenalp Fegis;Haslen;8773;724456;203328;310;Gde. Haslen;1308.47998;0;72420301;Geometeraufnahmen;Trinkwasser;WV Gemeinde Schwanden ??;Sicker-/Zuleitung;gut;Eisendeckel mit Schrauben;Brunnenstube;Archiv Lienert & Haering AG;P. Muhl, Werkführer Gde. Haslen;Neufassung 1985;;24;25;;;definitiv;1;nein;R. Brunner;16.04.1998;12;21.07.1998;;WAHR;FALSCH;FALSCH;FALSCH
394;Quelle Fegis 2;Auenalp Fegis;Haslen;8773;724436;203364;310;Gde. Haslen;1302.420044;0;72420302;Geometeraufnahmen;Trinkwasser;WV Gemeinde Schwanden ??;Sicker-/Zuleitung;gut;Eisendeckel mit Schrauben;Brunnenstube;Archiv Lienert & Haering AG;P. Muhl, Werkführer Gde.Haslen;Neufassung 1985;;26;27;;;definitiv;1;nein;R. Brunner;16.04.1998;13;21.07.1998;;WAHR;FALSCH;FALSCH;FALSCH
395;Quelle Fegis 3;Auenalp Fegis;Haslen;8773;724406;203314;310;Gde. Haslen;1286.969971;0;72420303;Geometeraufnahmen;Trinkwasser;WV Gemeinde Schwanden ??;Sicker-/Zuleitung;gut;Eisendeckel mit Schrauben;Brunnenstube;Archiv Lienert & Haering AG;P. Muhl, Werkführer Gde.Haslen;Neufassung 1985;;28;29;;;definitiv;1;nein;R. Brunner;16.04.1998;14;21.07.1998;;WAHR;FALSCH;FALSCH;FALSCH
396;Quelle Täliberg;Täliberg;Haslen;8773;724118;203600;259;Gde. Haslen;1098.060059;15;72420304;Geometeraufnahmen;Trinkwasser;WV Gemeinde Haslen;Sicker-/Zuleitung;gut;Pilzdeckel;Brunnenstube;Archiv Lienert & Haering AG;P. Muhl, Werkführer Gde.Haslen;Neufassung 1990;;5;6;;;definitiv;1;ja;R. Brunner;16.04.1998;15;21.07.1998;;WAHR;FALSCH;FALSCH;FALSCH
397;Quelle Cholboden;Cholboden;Haslen;8773;723895;203350;259;Gde. Haslen;980;15;72320301;im Feld eingemessen;Trinkwasser;WV Gemeinde Haslen;Sicker-/Zuleitung;gut;Pilzdeckel;Brunnenstube;Archiv Lienert & Haering AG;P. Muhl, Werkführer Gde.Haslen;Neufassung 1985;;9;10;;;definitiv;1;ja;R. Brunner;16.04.1998;16;21.07.1998;;WAHR;FALSCH;FALSCH;FALSCH
398;Quelle Stollen;Lehmrunse;Haslen;8773;723755;203778;259;Gde. Haslen;889.7000122;;72320302;Geometeraufnahmen;Trinkwasser;WV Gemeinde Haslen;Stollen;gut;Tür;Brunnenstube;Archiv Lienert & Haering AG;P. Muhl, Werkführer Gde.Haslen;Neufassung 1986;;10;12;13;;definitiv;;ja;R. Brunner;16.04.1998;17;22.07.1998;;WAHR;FALSCH;FALSCH;FALSCH
399;Quelle Felsen;Lehmrunse;Haslen;8773;723775;203793;259;Gde. Haslen;890.3400269;;72320303;Geometeraufnahmen;Trinkwasser;WV Gemeinde Haslen;ab Fels;gut;Tür;Brunnenstube;Archiv Lienert & Haering AG;P. Muhl, Werkführer Gde.Haslen;Neufassung 1986;;9;11;;;definitiv;;ja;R. Brunner;16.04.1998;18;22.07.1998;;WAHR;FALSCH;FALSCH;FALSCH
400;Quelle Ottenloch 1;Ottenloch;Haslen;8773;723659;203952;259;Gde. Haslen;838.0700073;0;72320304;Geometeraufnahmen;Notwasser;WV Gemeinde Haslen;Sicker-/Zuleitung;gut;Eisendeckel mit Schrauben;Brunnenstube;Archiv Lienert & Haering AG;P. Muhl, Werkführer Gde.Haslen;Neufassung 1986, seit 1992 Notwasser;;14;15;;;definitiv;1;nein;R. Brunner;16.04.1998;19;22.07.1998;;WAHR;FALSCH;FALSCH;FALSCH
401;Quelle Ottenloch 2;Ottenloch;Haslen;8773;723645;203948;259;Gde. Haslen;826.7299805;0;72320305;Geometeraufnahmen;Notwasser;WV Gemeinde Haslen;Sicker-/Zuleitung;gut;Eisendeckel mit Schrauben;Brunnenstube;Archiv Lienert & Haering AG;P. Muhl, Werkführer Gde.Haslen;Neufassung 1986, seit 1992 Notwasser;;16;17;;;definitiv;1;ja;R. Brunner;16.04.1998;20;22.07.1998;;WAHR;FALSCH;FALSCH;FALSCH
402;Quelle Ottenloch 3;Ottenloch;Haslen;8773;723643;203946;259;Gde. Haslen;824.5900269;0;72320306;Geometeraufnahmen;Notwasser;WV Gemeinde Haslen;Sicker-/Zuleitung;gut;Eisendeckel mit Schrauben;Brunnenstube;Archiv Lienert & Haering AG;P. Muhl, Werkführer Gde.Haslen;Neufassung 1986, seit 1992 Notwasser;;18;19;;;definitiv;1;ja;R. Brunner;16.04.1998;21;22.07.1998;;WAHR;FALSCH;FALSCH;FALSCH
403;Quelle Hofer;Höhe;Haslen;8773;723345;204170;259;Gde. Haslen;715;;72320401;im Feld eingemessen;Trinkwasser;WV Gemeinde Haslen;ab Fels;gut;Tür;Brunnenstube;Archiv Lienert & Haering AG;P. Muhl, Werkführer Gde.Haslen;Neufassung 1985;;6;7;;;definitiv;1;ja;R. Brunner;16.04.1998;22;21.07.1998;;WAHR;FALSCH;FALSCH;FALSCH
404;Quelle Strebigen;Auenbergwald;Haslen;8773;724564;204334;310;Gde. Haslen;1084.170044;30;72420412;Geometeraufnahmen;Trinkwasser;WV Gemeinde Haslen;Sicker-/Zuleitung;gut;Pilzdeckel;Brunnenstube;Archiv Lienert & Haering AG;P. Muhl, Werkführer Gde.Haslen;Neufassung 1995;;7;8;;;definitiv;1;ja;R. Brunner;16.04.1998;23;22.07.1998;;WAHR;FALSCH;FALSCH;FALSCH
405;;Waid;Haslen;8773;;;;;1000;;;aus Plan gelesen;;;;;;;Archiv AFU Glarus;;vermutlich Kontrollschacht von Cholboden/Täliberg --> nicht aufgenommen;;;;;;;;;;16.04.1998;24;;22.07.1998;FALSCH;FALSCH;FALSCH;FALSCH
406;Quelle Erdgaden;Erdgaden;Haslen;8773;723120;203575;379;R. Huber, Zürich;810;10;72320307;aus Plan gelesen;Trinkwasser;Ferienhäuser;Sicker-/Zuleitung;gut;Stahlblech-Deckel;Brunnenstube/Reservoir;Archiv AFU Glarus;"P. Muhl, Werkführer Gde.Haslen; R. Huber, Zürich";;;20;21;;;keine vorh.;1;nein;R. Brunner;16.04.1998;25;21.07.1998;;WAHR;FALSCH;FALSCH;FALSCH
407;Quelle Alpweg (Weber);Alpweg;Haslen;8773;724150;205145;40;G. Weber, Haslen;670;0;72420506;aus Plan gelesen;Trinkwasser;WV Einzelliegenschaft;Sicker-/Zuleitung;gut;Betondeckel;Brunnenstube;Archiv AFU Glarus;"P. Muhl, Werkführer Gde. Haslen; G. Weber, Haslen";;;27;28;;;keine vorh.;2;nein;R. Brunner;16.04.1998;29;22.07.1998;;WAHR;FALSCH;FALSCH;FALSCH
408;Stallquelle Bühl;Bühl;Haslen;8773;723765;205090;43;H.J. Jenny, Sool;550;0;72320505;aus Plan gelesen;Trinkwasser;Brunnen;Sicker-/Zuleitung;gut;Betondeckel;Brunnenstube;Archiv AFU Glarus;"P. Muhl, Werkführer Gde.Haslen; H.J. Jenny, Sool";Sanierung 1997, Stall und Hausbrunnen;;5;6;;;keine vorh.;1;nein;R. Brunner;16.04.1998;27;21.07.1998;;WAHR;FALSCH;FALSCH;FALSCH
409;Hausquelle Isler, Felezen;Felezen;Haslen;8773;723990;204930;41;Rolf Isler, Haslen;725;0;72320402;aus Plan gelesen;Trinkwasser;WV Einzelliegenschaft;Sicker-/Zuleitung;gut;Betondeckel;Brunnenstube;Archiv AFU Glarus;"P. Muhl, Werkführer Gde.Haslen; Rolf Isler, Haslen";wird zur Zeit saniert, ev. zusätzliche Fassung;;23;24;;;keine vorh.;1;nein;R. Brunner;16.04.1998;28;22.07.1998;;WAHR;FALSCH;FALSCH;FALSCH
410;Quelle Ottigenwald;Ottigenwald;Haslen;8773;723800;204980;43;H.J. Jenny, Sool;600;0;72320403;aus Plan gelesen;Brauchwasser;Stallbrunnen;Sicker-/Zuleitung;gut;Blechleiste;Brunnenstube;Archiv AFU Glarus;"P. Muhl, Werkführer Gde.Haslen; H.J. Jenny, Sool";Sanierung 1988;;3;4;;;keine vorh.;2;nein;R. Brunner;16.04.1998;26;21.07.1998;;WAHR;FALSCH;FALSCH;FALSCH
411;Fabrikquellen;Sand;Haslen;8773;;;43;D. Jenni & Cie;650;10;;aus Plan gelesen;im Moment ungenutzt;;Sicker-/Zuleitung;;Beggu-Deckel;Brunnenstube;Archiv AFU Glarus;"P. Muhl, Werkführer Gde.Haslen; D. Jenni & Cie";Fabrikkanal, nicht aufgenommen;;;;;;keine vorh.;2;nein;;16.04.1998;30;;21.07.1998;FALSCH;FALSCH;FALSCH;FALSCH
412;Fabrikquelle;Kappeli;Haslen;8773;723505;204895;259;D. Jenni & Cie;542;;72320404;aus Plan gelesen;Trinkwasser;Brunnen;Sicker-/Zuleitung;gut;Türe;Brunnenstube;Archiv AFU Glarus;"P. Muhl, Werkführer Gde.Haslen; D. Jenni & Cie";;;32;33;;;keine vorh.;3;ja;R. Brunner;16.04.1998;31;21.07.1998;;WAHR;FALSCH;FALSCH;FALSCH
413;Korporationsquelle;Schwändi;Haslen;8773;724270;204700;360;Korporation Schlattberg;880;0;72420413;aus Plan gelesen;Trinkwasser;Ferienhäuser, Skihaus Schwanden (TV Stäfa);Sicker-/Zuleitung/Hohlgraben;schlecht;Eisendeckel mit Schrauben;Brunnenstube;Archiv AFU Glarus;"P. Muhl, Werkführer Gde.Haslen; L. Stüssi (Eigentümer)";"nicht Skihaus Skic. Altstätten; versorgt 3 FH + 2 EFH+Skihaus, Wasserqualität unsicher, jedoch kaum menschliche Einflüsse weiter oben.";;20;21;22;;erforderlich;1;nein;R. Brunner;16.04.1998;32;22.07.1998;;WAHR;FALSCH;FALSCH;FALSCH
414;Stallquelle;Matteli;Haslen;8773;;;282;L. Schiesser, Haslen;560;;;aus Plan gelesen;Brauchwasser;Vieh-Tränke;Sicker-/Zuleitung;;;kein Schacht;Archiv AFU Glarus;;Stall wird abgerissen, nicht aufgenommen;;;;;;keine vorh.;1;;;16.04.1998;34;;21.07.1998;FALSCH;FALSCH;FALSCH;FALSCH
415;Quelle Matt;Matt;Haslen;8773;722510;203610;283;A. Bosshard, Dietlikon;560;10;72220301;aus Plan gelesen;Trinkwasser;WV Einzelliegenschaft;Sicker-/Zuleitung;gut;Betondeckel;Brunnenstube;Archiv AFU Glarus;"P. Muhl, Werkführer Gde.Haslen; A. Bosshard, Dietlikon";wird gepumpt;;23;24;;;keine vorh.;1;nein;R. Brunner;16.04.1998;33;21.07.1998;;WAHR;FALSCH;FALSCH;FALSCH
416;Quelle Waid I;Waid;Haslen;8773;;;263;Gemeinde Haslen;650;20;;aus Plan gelesen;im Moment ungenutzt;;Sicker-/Zuleitung;gut;Eisendeckel;Brunnenstube;Archiv AFU Glarus;P. Muhl, Werkführer Gde.Haslen;Evtl. Nutzung als Kühlwasser für Steinfräsen Ricetti AG, nicht aufgenommen;;;;;;keine vorh.;7;ja;;16.04.1998;35;;21.07.1998;FALSCH;FALSCH;FALSCH;FALSCH
417;Quelle Waid II;Waid;Haslen;8773;;;206;Gemeinde Haslen;650;40;;aus Plan gelesen;im Moment ungenutzt;;Sicker-/Zuleitung;;Eisendeckel;Brunnenstube;Archiv AFU Glarus;P. Muhl, Werkführer Gde.Haslen;Evtl. Nutzung als Kühlwasser für Steinfräsen Ricetti AG, nicht aufgenommen;;;;;;keine vorh.;4;ja;;16.04.1998;36;;21.07.1998;FALSCH;FALSCH;FALSCH;FALSCH
418;Stallquelle Hösli;Kuhbödeli;Haslen;8773;723090;204025;242;S. Hösli, Haslen;620;0;72320405;aus Plan gelesen;Brauchwasser;Stallbrunnen;Sicker-/Zuleitung;gut;Betondeckel;Brunnenstube;Archiv AFU Glarus;"P. Muhl Werkführer Gde.Haslen; S. Hösli, Haslen";;;30;31;;;keine vorh.;1;nein;R. Brunner;16.04.1998;37;21.07.1998;;WAHR;FALSCH;FALSCH;FALSCH
419;Quelle Skihaus 1;Lindenboden;Haslen;8773;723275;203390;336;TV Dietlikon;930;0;72320308;aus Plan gelesen;Trinkwasser;WV Einzelliegenschaft;Sicker-/Zuleitung;gut;Betondeckel+Blechdeckel;Brunnenstube;Archiv AFU Glarus;"P. Muhl Werkführer Gde.Haslen; TV Dietlikon";;;13;15;;;keine vorh.;1;nein;R. Brunner;16.04.1998;38;21.07.1998;;WAHR;FALSCH;FALSCH;FALSCH
420;Stallquellen Pfäffeli;Pfäffeli;Haslen;8773;723000;203255;340;S. Hösli, Haslen;880;10;72320309;aus Plan gelesen;Trinkwasser;WV Einzelliegenschaft;Sicker-/Zuleitung;gut;Betondeckel;Brunnenstube;Archiv AFU Glarus;"p. Muhl Werkführer Gde.Haslen; S. Hösli Haslen";;;17;19;;;keine vorh.;2;nein;R. Brunner;16.04.1998;39;21.07.1998;;WAHR;FALSCH;FALSCH;FALSCH
421;Quelle Rauchegg;Rauchegg;Haslen;8773;723150;203900;325;A. Burgener, Rotkreuz;720;5;72320310;aus Plan gelesen;Trinkwasser;Ferienhäuser;Sicker-/Zuleitung;gut;Eisendeckel mit 4 Kant;Brunnenstube;Archiv AFU Glarus;P. Muhl, Werkführer Gde.Haslen;;;22;23;;;keine vorh.;2;nein;R. Brunner;16.04.1998;40;21.07.1998;;WAHR;FALSCH;FALSCH;FALSCH
422;Quelle Tobeleggli;Tobeleggli;Haslen;8773;723210;204020;259;Gemeinde Haslen;650;0;72320407;aus Plan gelesen;Brauchwasser;Brunnen;Sicker-/Zuleitung;gut;Eisendeckel mit 4 Kant;Brunnenstube;Archiv AFU Glarus;P. Muhl, Werkführer Gde.Haslen;ehemals Quelle Ottenloch;;25;26;27;;keine vorh.;1;nein;R. Brunner;16.04.1998;41;21.07.1998;;WAHR;FALSCH;FALSCH;FALSCH
423;Blumerberg-Quelle 2A;Blumerberg;Nidfurn;8772;722217;205246;174;Gde. Nidfurn;837;10;72220501;im Feld eingemessen;Trinkwasser;WV Gemeinde Nidfurn;Sicker-/Zuleitung;gut;Betondeckel;Brunnenstube;Archiv Lienert & Haering AG;J. Hefti, Werkführer Nidfurn;;;14;;;;definitiv;1;nein;R. Brunner;16.04.1998;1;20.07.1998;;WAHR;FALSCH;FALSCH;FALSCH
424;Blumerberg-Quelle 2B;Blumerberg;Nidfurn;8772;722212;205248;174;Gde. Nidfurn;838;10;72220502;im Feld eingemessen;Trinkwasser;WV Gemeinde Nidfurn;Sicker-/Zuleitung;gut;Betondeckel;Brunnenstube;Archiv Lienert & Haering AG;J. Hefti, Werkführer Nidfurn;;;12;13;;;definitiv;1;nein;R. Brunner;16.04.1998;2;20.07.1998;;WAHR;FALSCH;FALSCH;FALSCH
425;Bord-Quelle B1;Blumerberg;Nidfurn;8772;722217;205265;174;Gde. Nidfurn;838;;72220503;im Feld eingemessen;Trinkwasser;WV Gemeinde Nidfurn;Sicker-/Zuleitung;gut;Türe;Brunnenstube;Archiv Lienert & Haering AG;J. Hefti, Werkführer Nidfurn;;;10;11;;;definitiv;1;ja;R. Brunner;16.04.1998;3;20.07.1998;;WAHR;FALSCH;FALSCH;FALSCH
426;Bord-Quelle B2;Blumerberg;Nidfurn;8772;722204;205308;174;Gde. Nidfurn;847;;72220504;im Feld eingemessen;Trinkwasser;WV Gemeinde Nidfurn;Hohlgraben;gut;Türe;Brunnenstube;Archiv Lienert & Haering AG;J. Hefti, Werkführer Nidfurn;;;2;3;;;definitiv;2;ja;R. Brunner;16.04.1998;4;20.07.1998;;WAHR;FALSCH;FALSCH;FALSCH
427;Bord-Quelle B3;Blumerberg;Nidfurn;8772;722195;205323;174;Gde. Nidfurn;859;0;72220505;im Feld eingemessen;Trinkwasser;WV Gemeinde Nidfurn;Sicker-/Zuleitung;gut;Eisendeckel mit 4 Kant;Brunnenstube;Archiv Lienert & Haering AG;J. Hefti, Werkführer Nidfurn;;;4;5;;;definitiv;1;nein;R. Brunner;16.04.1998;5;20.07.1998;;WAHR;FALSCH;FALSCH;FALSCH
428;Bord-Quelle B5;Blumerberg;Nidfurn;8772;722265;205310;174;Gde. Nidfurn;861;;72220506;im Feld eingemessen;Trinkwasser;WV Gemeinde Nidfurn;Hohlgraben;gut;Türe;Brunnenstube;Archiv Lienert & Haering AG;J. Hefti, Werkführer Nidfurn;;;6;7;;;definitiv;1;ja;R. Brunner;16.04.1998;6;20.07.1998;;WAHR;FALSCH;FALSCH;FALSCH
429;Bord-Quelle B6;Blumerberg;Nidfurn;8772;722287;205334;174;Gde. Nidfurn;871;;72220507;im Feld eingemessen;Trinkwasser;vieh-Tränke, WV Gemeinde Nidfurn;Hohlgraben;gut;Türe;Brunnenstube;Archiv Lienert & Haering AG;J. Hefti, Werkführer Nidfurn;;;8;9;;;definitiv;1;ja;R. Brunner;16.04.1998;7;20.07.1998;;WAHR;FALSCH;FALSCH;FALSCH
430;Tränkiloch-Quelle T1;Tränkiloch;Nidfurn;8772;722135;205404;178;Gde. Nidfurn;894;;72220508;im Feld eingemessen;Trinkwasser;WV Gemeinde Nidfurn;Hohlgraben;gut;Türe;Brunnenstube;Archiv Lienert & Haering AG;J. Hefti, Werkführer Nidfurn;;;36;1;;;definitiv;1;ja;R. Brunner;16.04.1998;8;20.07.1998;;WAHR;FALSCH;FALSCH;FALSCH
431;Tränkiloch-Quelle T3;Tränkiloch;Nidfurn;8772;722116;205417;178;Gde. Nidfurn;899;;72220509;im Feld eingemessen;Trinkwasser;WV Gemeinde Nidfurn;Stollen;gut;Türe;Brunnenstube;Archiv Lienert & Haering AG;J. Hefti, Werkführer Nidfurn;;;35;;;;definitiv;1;ja;R. Brunner;16.04.1998;9;20.07.1998;;WAHR;FALSCH;FALSCH;FALSCH
432;Tränkiloch-Quelle T4;Tränkiloch;Nidfurn;8772;722123;205418;178;Gde. Nidfurn;901;;72220510;im Feld eingemessen;Trinkwasser;WV Gemeinde Nidfurn;Stollen/ Hohlgraben;gut;Türe;Brunnenstube;Archiv Lienert & Haering AG;J. Hefti, Werkführer Nidfurn;;;32;33;34;;definitiv;2;ja;R. Brunner;16.04.1998;10;20.07.1998;;WAHR;FALSCH;FALSCH;FALSCH
433;Quelle Blumerberg 3a;Blumerberg;Nidfurn;8772;;;;;850;;;aus Plan gelesen;im Moment ungenutzt;;;;;;Archiv AFU Glarus;;1988 stillgelegt, existiert nicht;;;;;;;;;;16.04.1998;11;;20.07.1998;FALSCH;FALSCH;FALSCH;FALSCH
434;Quelle Ranzberg 2a;Ranzberg;Nidfurn;8772;;;168;Gde. Nidfurn;840;;;aus Plan gelesen;im Moment ungenutzt;;;;;;Archiv AFU Glarus;J. Hefti, Werkführer Nidfurn;1988 stillgelegt, nicht aufgenommen;;;;;;;;;;16.04.1998;12;;20.07.1998;FALSCH;FALSCH;FALSCH;FALSCH
435;Quelle Ranzberg 1a;Ranzberg;Nidfurn;8772;;;168;Gde. Nidfurn;840;;;aus Plan gelesen;im Moment ungenutzt;;;;;;Archiv AFU Glarus;J. Hefti, Werkführer Nidfurn;1988 stillgelegt, nicht aufgenommen;;;;;;;;;;16.04.1998;13;;20.07.1998;FALSCH;FALSCH;FALSCH;FALSCH
436;;;Nidfurn;8772;;;;;840;;;aus Plan gelesen;im Moment ungenutzt;;;;;;Archiv AFU Glarus;;Gde. unbekannt, wahrsch. identisch mit Ranzberg 1a;;;;;;;;;;16.04.1998;14;;20.07.1998;FALSCH;FALSCH;FALSCH;FALSCH
437;;;Nidfurn;8772;;;;;840;;;aus Plan gelesen;im Moment ungenutzt;;;;;;Archiv AFU Glarus;;Gde. unbekannt, wahrsch. identisch mit Ranzberg 2a;;;;;;;;;;16.04.1998;15;;20.07.1998;FALSCH;FALSCH;FALSCH;FALSCH
438;Brunnenseeli;Brunnen;Nidfurn;8772;722570;204740;;Daniel Jenny, Fabrik;560;;72220401;aus Plan gelesen;Brauchwasser;Brunnen;Wasseraustritt;sanierungsbedürftig;keine vorh.;kein Schacht;Archiv AFU Glarus;J. Hefti, Werkführer Nidfurn;;;21;22;;;keine vorh.;;nein;R. Brunner;16.04.1998;17;20.07.1998;;WAHR;FALSCH;FALSCH;FALSCH
439;Quelle Schadenbann / Aeschenköpf;Aeschenköpf;Nidfurn;8772;721665;204630;161;Gde. Leuggelbach;1025;;72120403;im Feld eingemessen;Trinkwasser;WV Gemeinde Leuggelbach;Sicker-/Zuleitung;gut;Türe;Sammelschacht;Archiv Lienert & Haering AG;"Hp. Marthy, Stegerboden, Leuggelbach; St. Wirth, Stegerboden, Leuggelbach, H. Tresch, Hauptstrasse";auf Boden Gemeinde Nidfurn, gehört aber zu Gemeinde Leuggelbach!;;16;17;;;definitiv;5;ja;R. Brunner;16.04.1998;16;20.07.1998;;WAHR;FALSCH;FALSCH;FALSCH
440;Quelle Ijen;Ijen;Leuggelbach;8772;721420;204750;122;Kraftwerke Sernf-Niederen;1140;;72120401;aus Plan gelesen;Brauchwasser;Energieerzeugung;;;;;Archiv AFU Glarus;"Kraftwerke Sernf-Niederen; Hr. Diethelm, Schwanden";nicht aufgenommen;;;;;;keine vorh.;;;Brunner;16.04.1998;1;20.07.1998;;WAHR;FALSCH;FALSCH;FALSCH
441;;Schlattberg;Leuggelbach;8772;;;;E. Rosenberg-Disch;700;;;aus Plan gelesen;;;;;;;Archiv AFU Glarus;;H. Tresch Gemeindepräsident: Quelle nicht mehr bestehend --> nicht aufgenommen;;;;;;;;;;16.04.1998;2;;20.07.1998;FALSCH;FALSCH;FALSCH;FALSCH
442;;Nesslen;Luchsingen;8775;;;;Gde. Luchsingen;690;;;aus Plan gelesen;im Moment ungenutzt;;;;;Reservoir;Archiv AFU Glarus;Fritz Dönni, Werkführer Gde. Luchsingen;Reservoir --> nicht aufgenommen;;;;;;;;;;16.04.1998;1;;04.09.1998;FALSCH;FALSCH;FALSCH;FALSCH
443;;Tugberg;Luchsingen;8775;;;;Gde. Luchsingen;750;;;aus Plan gelesen;im Moment ungenutzt;;;;;Reservoir;Archiv AFU Glarus;Fritz Dönni, Werkführer Gde. Luchsingen;Reservoir --> nicht aufgenommen;;;;;;;;;;16.04.1998;2;;28.09.1998;FALSCH;FALSCH;FALSCH;FALSCH
444;Quelle Schlattberg;;Luchsingen;8775;;;;J. Kuratli, Ebnat-Kappel;920;;;aus Plan gelesen;Trinkwasser;WV Weiler/Quartier;;;;Reservoir;Archiv AFU Glarus;;Reservoir --> nicht aufgenommen;;;;;;;;;;16.04.1998;3;;04.09.1998;FALSCH;FALSCH;FALSCH;FALSCH
445;Quelle Schlattberg 4;Schlattberg;Luchsingen;8775;720645;202600;;J. Kuratli, Ebnat-Kappel;990;0;72020204;aus Plan gelesen;Trinkwasser;WV Weiler/Quartier;Sicker-/Zuleitung;gut;Betondeckel;Brunnenstube/Sammelschacht;Archiv AFU Glarus;;;;25;26;;;keine vorh.;2;nein;R. Brunner;16.04.1998;4;04.09.1998;;WAHR;FALSCH;FALSCH;FALSCH
446;Quelle Schlattberg 5;Schlattberg;Luchsingen;8775;;;;J. Kuratli, Ebnat-Kappel;990;0;;aus Plan gelesen;Trinkwasser;WV Weiler/Quartier;;;;;Archiv AFU Glarus;;nur Kontrollschacht --> nicht aufgenommen;;;;;;keine vorh.;1;nein;Brunner;16.04.1998;5;;04.09.1998;FALSCH;FALSCH;FALSCH;FALSCH
447;Quelle Zetries;Zetries;Luchsingen;8775;;;;;870;;;aus Plan gelesen;im Moment ungenutzt;;;;;;Archiv AFU Glarus;;ev. Nutzung für Gde. diskutiert, nicht aufgenommen;;;;;;;;;;16.04.1998;6;;27.08.1998;FALSCH;FALSCH;FALSCH;FALSCH
448;Vordere Tugberg-Quelle;Tugberg;Luchsingen;8775;721055;202770;;Gde. Luchsingen;790;;72120205;im Feld eingemessen;Trinkwasser;WV Gemeinde Luchsingen;Stollen ca. 30 m;sanierngsbedürftig;Türe;Brunnenstube;Archiv AFU Glarus;Fritz Dönni, Werkführer Gde. Luchsingen;;;34;35;36;;definitiv;1;ja;R. Brunner;16.04.1998;7;04.09.1998;;WAHR;FALSCH;FALSCH;FALSCH
449;Mittlere Tugberg-Quelle;Tugberg;Luchsingen;8775;721045;202740;;Gde. Luchsingen;795;;72120206;im Feld eingemessen;Trinkwasser;WV Gemeinde Luchsingen;Sicker-/Zuleitung/ Hohlgraben;sanierngsbedürftig;Tor;Brunnenstube;Archiv AFU Glarus;Fritz Dönni, Werkführer Gde. Luchsingen;;;32;33;;;definitiv;1;ja;R. Brunner;16.04.1998;8;04.09.1998;;WAHR;FALSCH;FALSCH;FALSCH
450;Hintere Tugberg-Quelle;Tugberg;Luchsingen;8775;721042;202735;;Gde. Luchsingen;795;;72120207;im Feld eingemessen;Trinkwasser;WV Gemeinde Luchsingen;ab Fels;sanierngsbedürftig;Tor;Brunnenstube;Archiv AFU Glarus;Fritz Dönni, Werkführer Gde. Luchsingen;wird 1999 saniert;;31;;;;definitiv;1;ja;R. Brunner;16.04.1998;9;04.09.1998;;WAHR;FALSCH;FALSCH;FALSCH
451;Nesslenquelle Seeli;Nesslen;Luchsingen;8775;720890;203115;;Gde. Luchsingen;750;;72020301;im Feld eingemessen;Trinkwasser;WV Gemeinde Luchsingen;ab Fels;gut;Tor;Brunnenstube;Archiv AFU Glarus;Fritz Dönni, Werkführer Gde. Luchsingen;;;23;24;25 +;;definitiv;;ja;R. Brunner;16.04.1998;10;27.08.1998;;WAHR;FALSCH;FALSCH;FALSCH
452;Nesslenquelle Stollen;Nesslen;Luchsingen;8775;720880;203090;;Gde. Luchsingen;745;;72020302;im Feld eingemessen;Trinkwasser;WV Gemeinde Luchsingen;Stollen;gut;Tor;Brunnenstube;Archiv AFU Glarus;Fritz Dönni, Werkführer Gde. Luchsingen;;;2;3;;;definitiv;;ja;R. Brunner;16.04.1998;11;27.08.1998;;WAHR;FALSCH;FALSCH;FALSCH
453;Untere Nesslenquelle 1, oben;;Luchsingen;8775;720920;203060;;Gde. Luchsingen;740;0;72020303;im Feld eingemessen;im Moment ungenutzt;;Sicker-/Zuleitung;gut;Eisendeckel;Brunnenstube;Archiv AFU Glarus;Fritz Dönni, Werkführer Gde. Luchsingen;trocken kein Zulauf, vom Netz abgehängt;;4;5;;;keine vorh.;1;ja;R. Brunner;16.04.1998;12;27.08.1998;;WAHR;FALSCH;FALSCH;FALSCH
454;Untere Nesslenquelle 2, unten;;Luchsingen;8775;720905;203115;;Gde. Luchsingen;735;0;72020304;im Feld eingemessen;im Moment ungenutzt;;Sicker-/Zuleitung;gut;Eisendeckel;Brunnenstube;Archiv AFU Glarus;Fritz Dönni, Werkführer Gde. Luchsingen;vom Netz abgehängt;;6;7;;;keine vorh.;1;ja;R. Brunner;16.04.1998;13;27.08.1998;;WAHR;FALSCH;FALSCH;FALSCH
455;Quelle Chlettenboden 1;Chlettenboden;Hätzingen;8776;722261;202248;;Gde. Hätzingen;811.7299805;;72220201;Geometeraufnahmen;Trinkwasser;WV Gemeinde;Sicker-/Zuleitung;gut;Tür;Brunnenstube;Archiv Lienert & Haering AG;Beat Aebli, Werkführer Gde.Hätzingen;;;3;4;;;erforderlich;1;ja;R. Brunner;16.04.1998;1;28.09.1998;;WAHR;FALSCH;FALSCH;FALSCH
456;Quelle Chlettenboden 2;Chlettenboden;Hätzingen;8776;722284;202224;;Gde. Hätzingen;832.3099976;;72220202;Geometeraufnahmen;Trinkwasser;WV Gemeinde;Sicker-/Zuleitung;gut;Tür;Brunnenstube;Archiv Lienert & Haering AG;Beat Aebli, Werkführer Gde.Hätzingen;;;1;2;;;erforderlich;1;ja;R. Brunner;16.04.1998;2;28.09.1998;;WAHR;FALSCH;FALSCH;FALSCH
457;Quelle Chlettenboden 3;Chlettenboden;Hätzingen;8776;722249;202225;;Gde. Hätzingen;813.2999878;;72220203;Geometeraufnahmen;Trinkwasser;WV Gemeinde;Sicker-/Zuleitung;gut;Tür;Brunnenstube;Archiv Lienert & Haering AG;Beat Aebli, Werkführer Gde.Hätzingen;;;5;6;;;erforderlich;1;ja;R. Brunner;16.04.1998;3;28.09.1998;;WAHR;FALSCH;FALSCH;FALSCH
458;Quelle Chlettenboden 4;Chlettenboden;Hätzingen;8776;722240;202229;;Gde. Hätzingen;808.4099731;;72220204;Geometeraufnahmen;Trinkwasser;WV Gemeinde;Sicker-/Zuleitung;gut;Tür;Brunnenstube;Archiv Lienert & Haering AG;Beat Aebli, Werkführer Gde.Hätzingen;;;7;8;;;erforderlich;1;ja;R. Brunner;16.04.1998;4;28.09.1998;;WAHR;FALSCH;FALSCH;FALSCH
459;Geissgässli 1 + 2;Geissgässli;Hätzingen;8776;722288;202485;;Gde. Hätzingen;769.3499756;40;72220205;Geometeraufnahmen;Trinkwasser;WV Gemeinde;Sicker-/Zuleitung;SVGW-Konform;Pilzdeckel;Sammelschacht;Archiv Lienert & Haering AG;Beat Aebli, Werkführer Gde.Hätzingen;Quellen saniert Juli 1997;;19;20;;;erforderlich;2;ja;R. Brunner;16.04.1998;5;28.09.1998;;WAHR;FALSCH;FALSCH;FALSCH
460;Quelle Schlatt;;Hätzingen;8776;722180;202476;;Gde. Hätzingen;718.4799805;;72220206;Geometeraufnahmen;Trinkwasser;WV Gemeinde;Sicker-/Zuleitung;gut;Tür;Brunnenstube;Archiv Lienert & Haering AG;Beat Aebli, Werkführer Gde.Hätzingen;zusätzlich Nutzung durch Privatpersonen (Stall, Ferienhaus);;17;18;;;erforderlich;2;ja;R. Brunner;16.04.1998;6;28.09.1998;;WAHR;FALSCH;FALSCH;FALSCH
461;Quelle Buholz;Buholz;Hätzingen;8776;722115;202374;;Gde. Hätzingen;694.0100098;;72220207;Geometeraufnahmen;Trinkwasser;WV Gemeinde;Sicker-/Zuleitung;gut;Tür;Brunnenstube/Sammelschacht;Archiv Lienert & Haering AG;Beat Aebli, Werkführer Gde.Hätzingen;;;13;14;;;erforderlich;1;ja;R. Brunner;16.04.1998;7;28.09.1998;;WAHR;FALSCH;FALSCH;FALSCH
462;Quelle Schlettli;Schlettli;Hätzingen;8776;721997;202234;;Gde. Hätzingen;703.0100098;;72120201;Geometeraufnahmen;Trinkwasser;WV Gemeinde;Sicker-/Zuleitung;gut;Tür;Brunnenstube;Archiv Lienert & Haering AG;Beat Aebli, Werkführer Gde.Hätzingen;;;11;12;;;definitiv;1;ja;R. Brunner;16.04.1998;8;28.09.1998;;WAHR;FALSCH;FALSCH;FALSCH
463;;;Hätzingen;8776;;;;;750;;;aus Plan gelesen;im Moment ungenutzt;;;;;;Archiv AFU Glarus;Beat Aebli, Werkführer Gde.Hätzingen;Quelle verschüttet, ungenutzt --> nicht aufgenommen;;;;;;;;;;16.04.1998;9;;28.09.1998;FALSCH;FALSCH;FALSCH;FALSCH
464;Quelle Au;Au;Hätzingen;8776;721270;202040;;Gde. Hätzingen;580;60;72120202;Geometeraufnahmen;Notwasser;WV Gemeinde Hätzingen (Notwasser);Sicker-/Zuleitung;gut;Pilzdeckel;Brunnenstube;Archiv Lienert & Haering AG;Beat Aebli, Werkführer Gde.Hätzingen;Nur für Notfälle (abgeschrieben);;33;;;;provisorisch;1;ja;R. Brunner;16.04.1998;10;28.09.1998;;WAHR;FALSCH;FALSCH;FALSCH
465;Quelle Gramis;Gramis;Hätzingen;8776;722585;203150;;Reto Tscholl;675;0;72220303;aus Plan gelesen;Trinkwasser;WV Einzelliegenschaft;Sicker-/Zuleitung;gut;Eisendeckel mit 4 Kant;Brunnenstube;Archiv AFU Glarus;Beat Aebli, Werkführer Gde.Hätzingen;;;23;;;;keine vorh.;1;nein;R. Brunner;16.04.1998;11;28.09.1998;;WAHR;FALSCH;FALSCH;FALSCH
466;;Hoschet;Hätzingen;8776;;;;F. Oprecht/F. Hefti;600;;;aus Plan gelesen;Brauchwasser;Brunnen;;;;;Archiv AFU Glarus;Beat Aebli, Werkführer Gde.Hätzingen;Weidbrunnen --> nicht aufgenommen;;;;;;;;;;16.04.1998;12;;28.09.1998;FALSCH;FALSCH;FALSCH;FALSCH
467;Quelle Egghaus;Geisgässli;Hätzingen;8776;722040;202680;;A. Hefti;580;0;72220208;aus Plan gelesen;Trinkwasser;WV Einzelliegenschaft;Sicker-/Zuleitung;gut;Eisendeckel;Brunnenstube/Reservoir;Archiv AFU Glarus;Beat Aebli, Werkführer Gde.Hätzingen;A. Hefti, Spenglerei/Sanitär;;26;;;;keine vorh.;1;nein;R. Brunner;16.04.1998;13;28.09.1998;;WAHR;FALSCH;FALSCH;FALSCH
468;Quelle Rinderstampf;Rinderstampf;Hätzingen;8776;721805;202270;;R.+H. Hefti;610;0;72120203;aus Plan gelesen;Trinkwasser;Brunnen;Sicker-/Zuleitung;gut;Betondeckel;Brunnenstube;Archiv AFU Glarus;Beat Aebli, Werkführer Gde.Hätzingen;2 Stallbrunnen, Dorfbrunnen;;27;28;;;keine vorh.;1;nein;R. Brunner;16.04.1998;14;28.09.1998;;WAHR;FALSCH;FALSCH;FALSCH
469;Quelle Damigen;Damigen;Hätzingen;8776;722405;202955;;Jakob Marti;600;0;72220209;aus Plan gelesen;Brauchwasser;Stallbrunnen;Sicker-/Zuleitung;sanierungsbedürftig;Holz;Brunnenstube;Archiv AFU Glarus;Jakob Marti, Nidfurn;2 Ställe;;24;25;;;keine vorh.;2;nein;R. Brunner;16.04.1998;15;28.09.1998;;WAHR;FALSCH;FALSCH;FALSCH
470;Quelle Hätzigä;Hätzigä;Hätzingen;8776;721850;202120;;Schiesser/Zimmermann;670;0;72120204;aus Plan gelesen;Brauchwasser;Stallbrunnen;ab Fels;sanierungsbedürftig;Holz;Brunnenstube;Archiv AFU Glarus;Beat Aebli, Werkführer Gde.Hätzingen;;;29;30;;;keine vorh.;;nein;R. Brunner;16.04.1998;16;28.09.1998;;WAHR;FALSCH;FALSCH;FALSCH
471;Quelle Obzaunen;Obzaunen;Hätzingen;8776;721880;201800;;Hch. Rhyner;710;0;72120101;aus Plan gelesen;Brauchwasser;Stallbrunnen;Sicker-/Zuleitung;gut;Betondeckel;Brunnenstube;Archiv AFU Glarus;Beat Aebli, Werkführer Gde.Hätzingen;;;31;32;;;keine vorh.;1;nein;R. Brunner;16.04.1998;17;28.09.1998;;WAHR;FALSCH;FALSCH;FALSCH
472;;Chämi;Hätzingen;8776;;;;Gde. Hätzingen;800;;;aus Plan gelesen;;;;;;;Archiv AFU Glarus;;Gemeinde unbekannt --> nicht aufgenommen;;;;;;;;;;16.04.1998;18;;28.09.1998;FALSCH;FALSCH;FALSCH;FALSCH
473;Quelle Obere Rufi;;Diesbach;8777;;;;Gde. Diesbach;1180;;;aus Plan gelesen;im Moment ungenutzt;;Stollen;;;;Archiv AFU Glarus;;nicht aufgenommen;;;;;;keine vorh.;;;;16.04.1998;1;;22.07.1998;FALSCH;FALSCH;FALSCH;FALSCH
474;Quelle Alpeli 1;Alpeli;Diesbach;8777;721990;200160;;Gde. Diesbach;980;;72120001;im Feld eingemessen;Trinkwasser;WV Gemeinde;Stollen;gut;Türe;Brunnenstube;Archiv Lienert & Haering AG;Herr Schurter Präsident WV Diesbach, Paul Hunold Werkführer Diesbach;;;29;30;31;;provisorisch;1;ja;R. Brunner;16.04.1998;2;22.07.1998;;WAHR;FALSCH;FALSCH;FALSCH
475;Quelle Alpeli 2;Alpeli;Diesbach;8777;721985;200160;;Gde. Diesbach;980;;72120002;im Feld eingemessen;Trinkwasser;WV Gemeinde;Stollen;gut;Türe;Brunnenstube;Archiv Lienert & Haering AG;Herr Schurter Präsident WV Diesbach;;;32;;;;provisorisch;1;ja;R. Brunner;16.04.1998;6;22.07.1998;;WAHR;FALSCH;FALSCH;FALSCH
476;Quelle Alpeli 3;Alpeli;Diesbach;8777;721980;200160;;Gde. Diesbach;980;;72120003;im Feld eingemessen;Trinkwasser;WV Gemeinde;Sicker-/Zuleitung;gut;Türe;Brunnenstube;Archiv AFU Glarus;Herr Schurter Präsident WV Diesbach;;;33;;;;provisorisch;1;ja;R. Brunner;16.04.1998;7;22.07.1998;;WAHR;FALSCH;FALSCH;FALSCH
477;Quelle Altenboden;Lattegg;Diesbach;8777;722880;200965;;Gde. Diesbach;1550;0;72220001;aus Plan gelesen;Trinkwasser;Ferienhäuser;ab Fels;sanierungsbedürftig;Holz;Brunnenstube;Archiv AFU Glarus;"F. Dürst-Frey; W. Schurter Präsident WV Diesbach";Forsthütte Altenboden;;34;;;;keine vorh.;;nein;R. Brunner;16.04.1998;3;22.07.1998;;WAHR;FALSCH;FALSCH;FALSCH
478;Quelle Ruesdili;Schwamm;Diesbach;8777;723420;199870;;Gde. Diesbach;1630;;72319901;aus Plan gelesen;Trinkwasser;WV Weiler/Quartier;unbekannt;gut;Türe mit 4 Kant;Brunnenstube;Archiv AFU Glarus;Paul Hunold, Werkführer Diesbach;"Ruesdili-Hütte; Alp Bodmen Sennhütte";;4;5;;;keine vorh.;;ja;R. Brunner;16.04.1998;4;03.09.1998;;WAHR;FALSCH;FALSCH;FALSCH
479;Kalte Brünnen;Kalte Brünnen;Diesbach;8777;;;;Gde. Diesbach;1590;;;aus Plan gelesen;im Moment ungenutzt;;;;;;Archiv AFU Glarus;;nicht aufgenommen;;;;;;keine vorh.;;;;16.04.1998;5;;22.07.1998;FALSCH;FALSCH;FALSCH;FALSCH
480;Quelle Bann;Bann;Betschwanden;8777;721500;200270;;Gde. Betschwanden;940;;;aus Plan gelesen;im Moment ungenutzt;;;;;;Archiv AFU Glarus;Thomas Zweifel, Werkführer Betschwanden;nicht aufgenommen;;;;;;keine vorh.;;;;16.04.1998;1;;03.09.1998;FALSCH;FALSCH;FALSCH;FALSCH
481;Quelle Tannenwäldli;Tannenwäldli;Betschwanden;8777;720590;201070;;Gde. Betschwanden;650;;;aus Plan gelesen;Trinkwasser;WV Weiler/Quartier;;;;;Archiv AFU Glarus;Thomas Zweifel, Werkführer Betschwanden;identisch Quelle Kyburz, Aufnahme mit P. Hunold, Diesbach;;;;;;keine vorh.;;;;16.04.1998;2;;03.09.1998;FALSCH;FALSCH;FALSCH;FALSCH
482;Quelle Niederenberg;Niederenberg;Betschwanden;8777;721790;200490;;Gde. Betschwanden;1020;;;aus Plan gelesen;Brauchwasser;Vieh-Tränke;;;;;Archiv AFU Glarus;Thomas Zweifel, Werkführer Betschwanden;nicht aufgenommen;;;;;;keine vorh.;;;;16.04.1998;3;;03.09.1998;FALSCH;FALSCH;FALSCH;FALSCH
483;Quelle Schwändeli;Oberschwändeli;Betschwanden;8777;720295;201140;;Gde. Betschwanden;975;0;72020105;aus Plan gelesen;Trinkwasser;WV Einzelliegenschaft;Sicker-/Zuleitung;gut;Betondeckel;Brunnenstube;Archiv AFU Glarus;Thomas Zweifel, Werkführer Betschwanden;;;27;28;;;keine vorh.;1;nein;R. Brunner;16.04.1998;4;03.09.1998;;WAHR;FALSCH;FALSCH;FALSCH
484;Quelle Alplen;Alplen;Betschwanden;8777;719990;201260;92;Gde. Betschwanden;1200;;;aus Plan gelesen;im Moment ungenutzt;Vieh-Tränke;;;;;Archiv AFU Glarus;Thomas Zweifel, Werkführer Betschwanden;schlechte Qualität, nicht aufgenommen;;;;;;keine vorh.;;;;16.04.1998;5;;03.09.1998;FALSCH;FALSCH;FALSCH;FALSCH
485;Quelle Mettlen;Mettlen;Betschwanden;8777;721110;199960;;Gde. Betschwanden;840;0;72119901;aus Plan gelesen;Trinkwasser;WV Einzelliegenschaft;Bachwasserfassung;gut;Holz;Brunnenstube;Archiv AFU Glarus;Thomas Zweifel, Werkführer Betschwanden;Fassung überdeckt;;3;;;;keine vorh.;;nein;R. Brunner;16.04.1998;6;03.09.1998;;WAHR;FALSCH;FALSCH;FALSCH
486;Quelle Schlatt;Schlatt;Betschwanden;8777;720300;200315;;Bohnenblust;630;40;72020001;aus Plan gelesen;Trinkwasser;WV Einzelliegenschaft;Sicker-/Zuleitung;gut;Betonbretter;Brunnenstube;Archiv AFU Glarus;Thomas Zweifel, Werkführer Betschwanden;;;34;35;;;keine vorh.;1;nein;R. Brunner;16.04.1998;7;03.09.1998;;WAHR;FALSCH;FALSCH;FALSCH
487;Quelle Schlatt;Schlatt;Betschwanden;8777;720400;200370;;Bohnenblust;610;0;72020002;aus Plan gelesen;Brauchwasser;Stallbrunnen;Wasseraustritt;sanierungsbedürftig;Holzfass;Brunnenstube;Archiv AFU Glarus;Thomas Zweifel, Werkführer Betschwanden;;;1;2;;;keine vorh.;1;nein;R. Brunner;16.04.1998;8;03.09.1998;;WAHR;FALSCH;FALSCH;FALSCH
488;Quelle Zopfisol;Zopfisol;Betschwanden;8777;720270;200750;;Gde. Betschwanden/Fux/Kündig;815;0;72020003;aus Plan gelesen;im Moment ungenutzt;;Sicker-/Zuleitung;sanierungsbedürftig;Holz;Brunnenstube;Archiv AFU Glarus;Thomas Zweifel, Werkführer Betsch, gem. Angaben Th. Z. vom 11.2001 besteht keine Verwendung mehr;Häuser Fux + Kündig;;29;30;;;keine vorh.;2;nein;R. Brunner;16.04.1998;9;03.09.1998;;WAHR;FALSCH;FALSCH;FALSCH
489;Quelle Schlettli;Schlettli;Betschwanden;8777;720500;200540;;E. Wanner-Herger, Adliswil;620;;;aus Plan gelesen;Brauchwasser;Vieh-Tränke;;schlecht;;Brunnenstube;Archiv AFU Glarus;Thomas Zweifel, Werkführer Betschwanden;nicht aufgenommen;;;;;;keine vorh.;;;;16.04.1998;10;;03.09.1998;FALSCH;FALSCH;FALSCH;FALSCH
490;Stelliboden;Stelliboden;Diesbach;8777;723170;201110;;Fam. Legler;1660;50;72320102;aus Plan gelesen;Trinkwasser;Ferienhäuser;Sicker-/Zuleitung;Gut;Blechkiste;Brunnenstube;Feldaufnahmen;;;;36;36;;;keine vorh.;1;nein;R. Brunner;22.07.1998;6;22.07.1998;;WAHR;FALSCH;FALSCH;FALSCH
491;Quelle Obermargeln;Obermargglen;Betschwanden;8777;720176;200344;4;Gde. Betschwanden;675;;72020004;im Feld eingemessen;Trinkwasser;WV Gemeinde Betschwanden;Stollen;gut;Türe;Brunnenstube;Archiv Lienert & Haering AG;Thomas Zweifel, Werkführer Betschwanden;;;31;32;33;;provisorisch;;ja;R. Brunner;16.04.1998;1;03.09.1998;;WAHR;FALSCH;FALSCH;FALSCH
492;Quelle a;;Rüti;8782;;;4;Gde. Betschwanden;;;;;im Moment ungenutzt;;nicht gefasst;;;;Archiv Lienert & Haering AG;Thomas Zweifel, Werkführer Betschwanden;nicht aufgenommen;;;;;;definitiv;;;;16.04.1998;2;;03.09.1998;FALSCH;FALSCH;FALSCH;FALSCH
493;Quelle b;;Rüti;8782;;;4;Gde. Betschwanden;;;;;im Moment ungenutzt;;nicht gefasst;;;;Archiv Lienert & Haering AG;Thomas Zweifel, Werkführer Betschwanden;nicht aufgenommen;;;;;;definitiv;;;;16.04.1998;3;;03.09.1998;FALSCH;FALSCH;FALSCH;FALSCH
494;Marglen Schacht C Q lV  (Q2?);Eggli;Rüti;8782;720126;200284;7;Gde. Rüti;715;20;72020006;im Feld eingemessen;Trinkwasser;WV Gemeinde;Sicker-/Zuleitung;gut;Pilzdeckel;Brunnenstube;Archiv Lienert & Haering AG;E. Streiff, Werkführer Rüti;Schacht C;;27;28;;;provisorisch;1;ja;R. Brunner;16.04.1998;5;23.07.1998;;WAHR;FALSCH;FALSCH;FALSCH
495;Marglen Schacht B Q ll (Stollen-Q Q1, zugedeckt);Eggli;Rüti;8782;720138;200296;8;Gde. Rüti;712;30;72020005;im Feld eingemessen;Trinkwasser;WV Gemeinde;Sicker-/Zuleitung;gut;Pilzdeckel;Brunnenstube;Archiv Lienert & Haering AG;E. Streiff, Werkführer Rüti;Schacht B;;22;23;;;provisorisch;1;ja;R. Brunner;16.04.1998;4;23.07.1998;;WAHR;FALSCH;FALSCH;FALSCH
496;Marglen Schacht D Q V + Vl (Q3?);Eggli;Rüti;8782;720118;200306;4;Gde. Rüti;718;20;72020007;im Feld eingemessen;Trinkwasser;WV Gemeinde;Sicker-/Zuleitung;gut;Pilzdeckel;Brunnenstube;Archiv Lienert & Haering AG;E. Streiff, Werkführer Rüti;Schacht D;;29;30;;;provisorisch;2;ja;R. Brunner;16.04.1998;6;23.07.1998;;WAHR;FALSCH;FALSCH;FALSCH
497;Marglen Q lll (Hintere-Stollen-Q4);Eggli;Rüti;8782;720132;200318;4;Gde. Rüti;714;;72020008;im Feld eingemessen;Trinkwasser;WV Gemeinde;Stollen;gut;Türe;Brunnenstube;Archiv Lienert & Haering AG;E. Streiff, Werkführer Rüti;;;24;25;26;;provisorisch;;ja;R. Brunner;16.04.1998;7;23.07.1998;;WAHR;FALSCH;FALSCH;FALSCH
498;Maienegg;Maienegg;Rüti;8782;720600;199950;;Gde. Rüti;670;0;72019901;aus Plan gelesen;Trinkwasser;WV Einzelliegenschaft;ab Fels;sanierungsbedürftig;Blech-Deckel;brunnenstube;Archiv AFU Glarus;E. Streiff, Werkführer Rüti;;;34;35;36;;keine vorh.;;nein;R. Brunner;16.04.1998;8;23.07.1998;;WAHR;FALSCH;FALSCH;FALSCH
499;Quelle Stüssi Durnägeli;Fuchsloch;Rüti;8782;720365;198910;;F.+ P. Stüssi;800;0;72019801;aus Plan gelesen;Brauchwasser;Stallbrunnen;ab Fels;gut;Betondeckel;Brunnenstube;Archiv AFU Glarus;;Ställe Stüssi + Schindler;;34;35;;;keine vorh.;1;nein;R. Brunner;16.04.1998;9;26.08.1998;;WAHR;FALSCH;FALSCH;FALSCH
500;Tschingelguet;Bergguetbad;Rüti;8782;719300;199325;;F. Kundert;720;0;71919901;aus Plan gelesen;Brauchwasser;Stallbrunnen;sicker-/Zuleitung;sanierungsbedürftig;Holz;Brunnenstube/Reservoir;Archiv AFU Glarus;;wird später ev. für Hausversorgung (Stall) genutzt;;20;21;;;keine vorh.;1;nein;R. Brunner;16.04.1998;10;23.07.1998;;WAHR;FALSCH;FALSCH;FALSCH
501;Quelle Schlettli;Schlatt;Rüti;8782;720145;200020;;Egger;670;;72020009;aus Plan gelesen;Trinkwasser;Ferienhaus;Hohlgraben;sanierungsbedürftig;keine vorh.;kein Schacht;Archiv AFU Glarus;;;;31;32;;;keine vorh.;;nein;R. Brunner;16.04.1998;11;23.07.1998;;WAHR;FALSCH;FALSCH;FALSCH
502;Quelle Restiberg;Restiberg;Rüti;8782;720425;198325;;Ferienheim Blaukreuz;1090;0;72019802;aus Plan gelesen;Trinkwasser;WV Weiler/Quartier;unbekannt;gut;Stahlblech-Deckel;Brunnenstube;Archiv AFU Glarus;;;;28;29;;;erforderlich;;ja;R. Brunner;16.04.1998;12;26.08.1998;;WAHR;FALSCH;FALSCH;FALSCH
503;Tannenboden-Quelle;Looch;Braunwald;8784;718602;199560;;Stüssi Tannenboden;1180;0;71819902;aus Plan gelesen;Trinkwasser;WV Einzelliegenschaft;Sicker-/Zuleitung;gut;Eisendeckel mit 4 Kant;Brunnenstube;Archiv AFU Glarus;Balz Dürst, Werkführer Braunwald;Schacht nicht aufgebracht;;13;12;;;erforderlich;;nein;R. Brunner;16.04.1998;58;30.09.1998;;WAHR;FALSCH;FALSCH;FALSCH
504;Quelle Alp Durnachtal;Heustafel;Linthal;8783;723095;196435;;Gde. Rüti;1930;0;72319601;aus Plan gelesen;Trinkwasser;Alpgebäude;ab Fels;gut;Eisendeckel;Brunnenstube;Archiv AFU Glarus;Eugen Streiff, Werkführer Gde.Rüti;Fassung überdeckt, 1994 neu gefasst;;22;23;;;keine vorh.;;nein;R. Brunner;16.04.1998;14;26.08.1998;;WAHR;FALSCH;FALSCH;FALSCH
505;Hälsli;Alp Bodmen;Rüti;8782;721700;198855;;Gde. Rüti;1710;0;72119801;aus Plan gelesen;Trinkwasser;Alpgebäude;ab Fels;gut;keine vorh.;Brunnenstube;Archiv AFU Glarus;E. Streiff, Werkführer Rüti;Alp Halsli (Mittelstafel Alp Bodmen) via Widder;;14;15;;;keine vorh.;;nein;R. Brunner;16.04.1998;15;23.07.1998;;WAHR;FALSCH;FALSCH;FALSCH
506;Quelle Oberer Bodenberg;;Niederurnen;8867;719020;220700;;Müller-Mächler Georg;1030;0;71922002;aus Plan gelesen;Trinkwasser;Einzelliegenschaft + 2 Ferienhäuser;Aufstossend;genügend;Eternit;Brunnenstube;Archiv AFU Glarus;Müller Georg, Herrenberg Niederurnen;für Strittmatters Hüsli und oberer Stall;;20;21;;;keine vorh.;0;nein;Brunner;16.04.1998;4;17.08.1999;;WAHR;FALSCH;FALSCH;FALSCH
507;Quelle Ober Stafel 1;;Braunwald;8784;717310;201445;;Braunwaldbahn AG;1780;0;71720101;im Feld eingemessen;Trinkwasser;Restaurant + Alpgebäude;Sicker-/Zuleitung;gut;Eisendeckel mit 4 Kant;Brunnenstube;Archiv Lienert & Haering AG;Balz Dürst, Werkführer Braunwald;;;35;36;;;provisorich;1;nein;R. Brunner;16.04.1998;1;02.09.1998;;WAHR;FALSCH;FALSCH;FALSCH
508;Quelle Ober Stafel 2;;Braunwald;8784;717355;201455;;Braunwaldbahn AG;1780;0;71720102;im Feld eingemessen;Trinkwasser;Restaurant;Sicker-/Zuleitung;gut;Eisendeckel mit 4 Kant;Brunnenstube;Archiv Lienert & Haering AG;Balz Dürst, Werkführer Braunwald;;;33;34;;;provisorich;1;nein;R. Brunner;16.04.1998;2;02.09.1998;;WAHR;FALSCH;FALSCH;FALSCH
509;Quelle Obere Platten Nr. 1;Obere Platten;Braunwald;8784;717995;201685;;Gde. Braunwald;1800;0;71720105;im Feld eingemessen;Trinkwasser;WV Gemeinde;Sicker-/Zuleitung;gut;Eisendeckel mit 4 Kant;Brunnenstube;Archiv Lienert & Haering AG;Balz Dürst, Werkführer Braunwald;;;27;28;;;definitiv;1;nein;R. Brunner;16.04.1998;3;02.09.1998;;WAHR;FALSCH;FALSCH;FALSCH
510;Quelle Kaltenbrunnen;untere Platten;Braunwald;8784;718145;201595;;Gde. Braunwald;1680;;71820101;im Feld eingemessen;Trinkwasser;WV Gemeinde;Sicker-/Zuleitung;gut;Türe;Brunnenstube;Archiv Lienert & Haering AG;Balz Dürst, Werkführer Braunwald;;;10;11;;;definitiv;1;ja;R. Brunner;16.04.1998;4;02.09.1998;;WAHR;FALSCH;FALSCH;FALSCH
511;Alp-Quelle;Alp-Unterstafel, Ohren;Braunwald;8784;719130;201360;;Gde. Braunwald;1520;40;71920102;aus Plan gelesen;Trinkwasser;WV Gemeinde;Sicker-/Zuleitung;gut;Pilzdeckel;Brunnenstube;Archiv AFU Glarus;Balz Dürst, Werkführer Braunwald;Gehört zur Versorgung von Kneugrat, befindet sich aber direkt oberhalb Unter-Stafel;;12;13;;;definitiv;1;ja;R. Brunner;16.04.1998;5;02.09.1998;;WAHR;FALSCH;FALSCH;FALSCH
512;Priestloch-Quelle;Rietberg;Braunwald;8784;717920;199420;245;Streiff-Rietberg;1220;0;71719901;aus Plan gelesen;Trinkwasser;WV Weiler/Quartier;ab Fels;gut;Betondeckel;Brunnenstube;Archiv AFU Glarus;Balz Dürst, Werkführer Braunwald;zusätzliche Ableitung zum Pumpenschacht der WV bei der Höhenklinik  --> Notwasserversorgung der WV;;9;10;;;erforderlich;;nein;R. Brunner;16.04.1998;6;30.09.1998;;WAHR;FALSCH;FALSCH;FALSCH
513;Looch-Quelle;Unter-Looch;Braunwald;8784;718600;199560;155;Gredinger, Alpenblick;1180;0;71819901;aus Plan gelesen;Trinkwasser;WV Weiler/Quartier;Sicker-/Zuleitung;gut;Eisendeckel mit 4 Kant;Brunnenstube;Archiv AFU Glarus;Balz Dürst, Werkführer Braunwald;Quelle für Gebiet Tannenboden, zusätzliche Ableitung zum Pumpenschacht der WV bei der Höhenklinik --> Notwasserversorgung der WV;;11;12;;;erforderlich;1;nein;R. Brunner;16.04.1998;7;30.09.1998;;WAHR;FALSCH;FALSCH;FALSCH
514;Schwettiberg-Quelle 1;Sytli;Braunwald;8784;719212;200932;26;Gde. Braunwald;1445;0;71920001;aus Plan gelesen;Trinkwasser;WV Gemeinde Braunwald ???;Sicker-/Zuleitung;gut;Eisendeckel;Brunnenstube;Archiv AFU Glarus;Balz Dürst, Werkführer Braunwald;;;21;22;;;erforderlich;1;nein;R. Brunner;16.04.1998;8;02.09.1998;;WAHR;FALSCH;FALSCH;FALSCH
515;Hüttenquelle;Alp-Unterstafel;Braunwald;8784;;;;Hch. Zweifel;;;;;im Moment ungenutzt;;;;;;Archiv AFU Glarus;Balz Dürst, Werkführer Braunwald;gemäss Gde. nicht mehr genutzt --> nicht aufgenommen;;;;;;;;;;16.04.1998;9;;02.09.1998;FALSCH;FALSCH;FALSCH;FALSCH
516;Sitli-Obschräenquellen;Oberschräen;Braunwald;8784;719150;200895;30;Fritz Schuler;1440;0;71920002;aus Plan gelesen;Trinkwasser;WV Einzelliegenschaft;Sicker-/Zuleitung;sanierungsbedürftig;Eisendeckel;Brunnenstube;Archiv AFU Glarus;Balz Dürst, Werkführer Braunwald;;;24;;;;keine vorh.;1;nein;R. Brunner;16.04.1998;10;02.09.1998;;WAHR;FALSCH;FALSCH;FALSCH
517;Schwettiberg-Quelle 2;Schwettiberg;Braunwald;8784;719215;200930;;Gde. Braunwald;1445;0;71920003;aus Plan gelesen;Trinkwasser;WV Gemeinde Braunwald ???;Sicker-/Zuleitung;gut;Eisendeckel;Brunnenstube/Sammelschacht;Archiv AFU Glarus;Balz Dürst, Werkführer Braunwald;;;21;23;;;erforderlich;1;nein;R. Brunner;16.04.1998;11;02.09.1998;;WAHR;FALSCH;FALSCH;FALSCH
518;Milzschwändiquellen;Milzschwandi;Braunwald;8784;;;;Alpkorporation;;;;;im Moment ungenutzt;;;;;;Archiv AFU Glarus;Balz Dürst, Werkführer Braunwald;Bach, Gde. unbekannt --> nicht aufgenommen;;;;;;keine vorh.;;;;16.04.1998;12;;02.09.1998;FALSCH;FALSCH;FALSCH;FALSCH
519;Gyseneggquellen;Schindlerberg;Braunwald;8784;;;;Fam Schuler, Gysenegg;;;;;Brauchwasser;Brunnen;;;;;Archiv AFU Glarus;Balz Dürst, Werkführer Braunwald;Weidbrunnen --> nicht aufgenommen;;;;;;keine vorh.;;;;16.04.1998;13;;30.09.1998;FALSCH;FALSCH;FALSCH;FALSCH
520;Spritzbachquellen;Unter Looch;Braunwald;8784;;;;Gredinger;;;;;im Moment ungenutzt;;;;;;Archiv AFU Glarus;Balz Dürst, Werkführer Braunwald;gemäss Gde. ungenutzt --> nicht aufgenommen;;;;;;keine vorh.;;;;16.04.1998;14;;30.09.1998;FALSCH;FALSCH;FALSCH;FALSCH
521;Quelle Egglibrünnen 1;Egglibrünnen;Braunwald;8784;717585;199490;;J. Streiff, Tschudiberg;1220;30;71719902;aus Plan gelesen;Trinkwasser;WV Einzelliegenschaft;Sicker-/Zuleitung;gut;Betondeckel;Brunnenstube/Reservoir;Archiv AFU Glarus;Balz Dürst, Werkführer Braunwald;wird gepumpt;;36;1;2;;keine vorh.;1;ja;R. Brunner;16.04.1998;15;30.09.1998;;WAHR;FALSCH;FALSCH;FALSCH
522;Brächalpquellen;Brächalp-Unterstafel;Braunwald;8784;;;;Alpkorporation;1170;;;aus Plan gelesen;Brauchwasser;Viehtränke;;;;;Archiv AFU Glarus;Balz Dürst, Werkführer Braunwald;Viehtränke --> nicht aufgenommen;;;;;;keine vorh.;;;;16.04.1998;16;;30.09.1998;FALSCH;FALSCH;FALSCH;FALSCH
523;Quelle Schiesser Bräch ober Stafel;Brächalp ober Stafel;Braunwald;8784;716495;200180;;Schiesser + Kündig;1605;0;71620003;aus Plan gelesen;Trinkwasser;Alpgebäude;ab Fels;sanierungsbedürftig;Holz;Brunnenstube;Archiv AFU Glarus;Balz Dürst, Werkführer Braunwald;;;8;9;;;keine vorh.;0;nein;R. Brunner;16.04.1998;17;02.09.1998;;WAHR;FALSCH;FALSCH;FALSCH
524;Heulochquellen;Heuloch;Braunwald;8784;;;;Alpkorporation Brächalp;;;;;im Moment ungenutzt;;;;;;Archiv AFU Glarus;Balz Dürst, Werkführer Braunwald;gemäss Gde. ungenutzt --> nicht aufgenommen;;;;;;;;;;16.04.1998;18;;02.09.1998;FALSCH;FALSCH;FALSCH;FALSCH
525;Zilibachquellen;;Braunwald;;;;;Alpkorporation Brächalp;;;;;im Moment ungenutzt;;;;;;Archiv AFU Glarus;;gemäss Gde. ungenutzt --> nicht aufgenommen;;;;;;;;;;16.04.1998;19;;02.09.1998;FALSCH;FALSCH;FALSCH;FALSCH
526;Quelle Oberbann/Wasserstein 1;Wasserstein;Linthal;8783;719065;196905;764;Wasserkorporation Auen;980;20;71919601;aus Plan gelesen;Trinkwasser;WV Weiler/Quartier;ab Fels;gut;Pilzdeckel;Brunnenstube;Archiv Lienert & Haering AG;Peter Schiesser, WK Auen Linthal;Betonabdeckung;;32;31;;;definitiv;1;ja;R. Brunner;16.04.1998;3;31.08.1998;;WAHR;FALSCH;FALSCH;FALSCH
527;Quelle Oberbann/Wasserstein 2;Wasserstein;Linthal;8783;719055;196900;764;Wasserkorporation Auen;980;10;71919602;aus Plan gelesen;Trinkwasser;WV Weiler/Quartier;Sicker-/Zuleitung;gut;Pilzdeckel;Brunnenstube;Archiv Lienert & Haering AG;Peter Schiesser, WK Auen Linthal;Betonabdeckung seit 1996;;33;34;;;definitiv;1;ja;R. Brunnger;16.04.1998;4;31.08.1998;;WAHR;FALSCH;FALSCH;FALSCH
528;Quelle Oberbann/Wasserstein 3;Wasserstein;Linthal;8783;719050;196885;764;Wasserkorporation Auen;980;0;71919603;aus Plan gelesen;Trinkwasser;WV Weiler/Quartier;Sicker-/Zuleitung;gut;Pilzdeckel;Brunnenstube;Archiv Lienert & Haering AG;Peter Schiesser, WK Auen Linthal;;;29;30;;;definitiv;1;ja;R. Brunner;16.04.1998;5;31.08.1998;;WAHR;FALSCH;FALSCH;FALSCH
529;Quelle im Wässerli 2;Im Wässerli;Linthal;8783;719670;195630;764;Wasserkorporation Auen;1220;0;71919501;aus Plan gelesen;Trinkwasser;WV Weiler/Quartier;Sicker-/Zuleitung;gut;Pilzdeckel;Brunnenstube/Sammelschacht;Archiv Lienert & Haering AG;Peter Schiesser, WK Auen Linthal;;;3;4;;;definitiv;1;ja;R. Brunner;16.04.1998;6;31.08.1998;;WAHR;FALSCH;FALSCH;FALSCH
530;Quelle im Wässerli 3;Im Wässerli;Linthal;8783;719690;195615;764;Wasserkorporation Auen;1220;0;71919502;aus Plan gelesen;Trinkwasser;WV Weiler/Quartier;Sicker-/Zuleitung;gut;Pilzdecke mit 4 Kant;Brunnenstube;Archiv Lienert & Haering AG;Peter Schiesser, WK Auen Linthal;;;9;10;;;definitiv;1;ja;R. Brunner;16.04.1998;7;31.08.1998;;WAHR;FALSCH;FALSCH;FALSCH
531;Quelle im Wässerli 4;Im Wässerli;Linthal;8783;719695;195630;764;Wasserkorporation Auen;1225;0;71919503;aus Plan gelesen;Trinkwasser;WV Weiler/Quartier;Sicker-/Zuleitung;gut;Betondeckel;Brunnenstube;Archiv Lienert & Haering AG;Peter Schiesser, WK Auen Linthal;;;7;8;;;definitiv;2;nein;R. Brunner;16.04.1998;8;31.08.1998;;WAHR;FALSCH;FALSCH;FALSCH
532;Quelle im Wässerli 5;Im Wässerli;Linthal;8783;719705;195615;764;Wasserkorportion Auen;1250;10;71919504;aus Plan gelesen;Trinkwasser;WV Weiler/Quartier;Sicker-/Zuleitung;gut;Pilzdeckel mit 4 Kant;Brunnenstube;Archiv Lienert & Haering AG;Peter Schiesser, WK Auen Linthal;;;5;6;;;definitiv;1;ja;R. Brunner;16.04.1998;9;31.08.1998;;WAHR;FALSCH;FALSCH;FALSCH
533;Quelle Brettegg 1;Brettegg;Linthal;8783;719395;195560;764;Wasserkorporation Auen;1220;0;71919505;aus Plan gelesen;Trinkwasser;WV Weiler/Quartier;ab Fels;gut;Pilzdeckel;Brunnenstube;Archiv Lienert & Haering AG;Peter Schiesser, WK Auen Linthal;;;11;12;13;;definitiv;2;ja;R. Brunner;16.04.1998;10;31.08.1998;;WAHR;FALSCH;FALSCH;FALSCH
534;Quelle Brettegg 2;;Linthal;8783;;;764;;1220;;;aus Plan gelesen;;;;;;;Archiv Lienert & Haering AG;;Schacht existiert nicht, fliesst in 719/195-105;;;;;;;;;;16.04.1998;11;;31.08.1998;FALSCH;FALSCH;FALSCH;FALSCH
535;A 16, Quelle Siten (Lauener);Siten;Linthal;8783;719625;198005;;A. Lauener;740;0;71919801;aus Plan gelesen;Brauchwasser;Stallbrunnen;Sicker-/Zuleitung;gut;Eisendeckel;Brunnenstube;Archiv AFU Glarus;A. Lauener   643 11 84;;;22;23;24;;keine vorh.;1;nein;R. Brunner;16.04.1998;1;01.09.1998;;WAHR;FALSCH;FALSCH;FALSCH
536;Quelle Chäferloch 1;Chäferloch;Linthal;8783;718829;197033;131;Gde. Linthal;810;10;71819701;Geometeraufnahmen;Trinkwasser;WV Gemeinde Linthal;Sicker-/Zuleitung;gut;Pilzdeckel;Brunnenstube;Archiv Lienert & Haering AG;Hansheiri Stüssi, Werkführer Linthal;Brandschen Reservoir;;35;36;;;definitiv;1;ja;R. Brunner;16.04.1998;2;31.08.1998;;WAHR;FALSCH;FALSCH;FALSCH
537;Quelle Chäferloch 2;Chäferloch;Linthal;8783;718797;197026;131;Gde. Linthal;800;0;71819702;Geometeraufnahmen;Trinkwasser;WV Gemeinde Linthal;Sicker-/Zuleitung;gut;Eisendeckel mit 4 Kant;Brunnenstube/Sammelschacht;Archiv Lienert & Haering AG;Hansheiri Stüssi, Werkführer Linthal;Brandschen Reservoir;;1;2;;;definitiv;1;ja;R. Brunner;16.04.1998;35;31.08.1998;;WAHR;FALSCH;FALSCH;FALSCH
538;B7, Quelle Bodenberg;;Linthal;8783;718790;195260;;diverse;945;0;71819501;aus Plan gelesen;Trinkwasser;WV Weiler/Quartier;Sicker-/Zuleitung;gut;Eisendeckel;Brunnenstube;Archiv AFU Glarus;Werner Ronner   643 18 77;;;22;23;;;keine vorh.;1;nein;R, Brunner;16.04.1998;12;31.08.1998;;WAHR;FALSCH;FALSCH;FALSCH
539;D1;;Linthal;8783;718200;194140;;B. Zweifel/S. Blumer;900;;;aus Plan gelesen;Brauchwasser;Vieh-Tränke;;;;;Archiv AFU Glarus;Heinrich Zweifel   643 18 13;nur Viehtränke --> nicht aufgenommen;;;;;;;;;;16.04.1998;13;;31.08.1998;FALSCH;FALSCH;FALSCH;FALSCH
540;D2;;Linthal;8783;718040;194170;;B. Zweifel/S. Blumer;800;;;aus Plan gelesen;Brauchwasser;Vieh-Tränke;;;;;Archiv AFU Glarus;Heinrich Zweifel   643 18 13;Viehtränke --> nicht aufgenommen;;;;;;;;;;16.04.1998;14;;31.08.1998;FALSCH;FALSCH;FALSCH;FALSCH
541;D4, Quelle Obbortberg;Obbortberg;Linthal;8783;718665;194200;623;Jörg Lauffer;1075;0;71819401;aus Plan gelesen;Trinkwasser;Restaurant, Ferienhaus;ab Fels;gut;zugemauert;kein Schacht;Archiv AFU Glarus;Jörg Lauffer   643 30 56;Restaurant Obbort, Ferienhaus Keller;;21;;;;erforderlich;;nein;R. Brunner;16.04.1998;15;31.08.1998;;WAHR;FALSCH;FALSCH;FALSCH
542;D14, Quelle Hinter Eggli;Hinter Eggli;Linthal;8783;718860;194620;617;M. Reithebuch, Obbort;1150;0;71819402;aus Plan gelesen;Trinkwasser;WV Einzelliegenschaft;Sicker-/Zuleitung;sanierungsbedürftig;Betondeckel;Brunnenstube;Archiv AFU Glarus;Hansruedi Reithebuch   643 31 34;Bachwasser läuft in Schacht;;19;20;;;keine vorh.;2;nein;R. Brunner;16.04.1998;16;31.08.1998;;WAHR;FALSCH;FALSCH;FALSCH
543;D16;;Linthal;8783;718500;194650;618;G. Hässig, Effretikon;950;;;aus Plan gelesen;;;Bachwasserfassung;;;;Archiv AFU Glarus;Gottlieb Hässig-Streiff, Lindenstr. 13, 8307  Effretikon;Bachwasserfassung --> nicht aufgenommen;;;;;;;;;;16.04.1998;17;;31.08.1998;FALSCH;FALSCH;FALSCH;FALSCH
544;D19, Quelle oberer Bodenberg;Bodenberg;Linthal;8783;718750;195120;;B. Zweifel, Boden;970;0;71819502;aus Plan gelesen;Brauchwasser;Stallbrunnen;unbekannt;sanierungsbedürftig;Holz;Brunnenstube;Archiv AFU Glarus;Hansheiri Zweifel, Linthal 643 31 84;;;24;25;;;keine vorh.;;nein;R. Brunner;16.04.1998;18;31.08.1998;;WAHR;FALSCH;FALSCH;FALSCH
545;D21;;Linthal;8783;718480;193310;;Soldenhoff, Bödeli;900;;;aus Plan gelesen;;;;;;;Archiv AFU Glarus;Hansheiri Zweifel, Linthal  643 31 84;identisch mit Quelle 718/195-101;;;;;;;;;;16.04.1998;19;;31.08.1998;FALSCH;FALSCH;FALSCH;FALSCH
546;D22;;Linthal;8783;718430;195020;;B. Stüssi/D. Thut, Reitis.;900;;;aus Plan gelesen;im Moment ungenutzt;;;;;;Archiv AFU Glarus;Albrecht Zweifel, Linthal  643 31 55;nicht aufgenommem;;;;;;;;;;16.04.1998;20;;31.08.1998;FALSCH;FALSCH;FALSCH;FALSCH
547;D26;;Linthal;8783;718010;195100;;A. Zweifel;810;;;aus Plan gelesen;;;;;;;Archiv AFU Glarus;;Pumpstation  -->nicht aufgenommen;;;;;;;;;;16.04.1998;21;;31.08.1998;FALSCH;FALSCH;FALSCH;FALSCH
548;H1;;Linthal;8783;718040;194600;639;Th. Schiesser, Reitimatt;790;50;;aus Plan gelesen;;;;gut;;Brunnenstube;Archiv AFU Glarus;Jakob Schiesser, Linthal  643 34 58;Grundwasserfassung für 3 Liegenschaften --> nicht aufgenommen;;;;;;keine vorh.;1;nein;;16.04.1998;22;;31.08.1998;FALSCH;FALSCH;FALSCH;FALSCH
549;H2, Quelle Ofenkopf;Ofenkopf bei Haufenrunse;Linthal;8783;717490;194910;764;J. Schiesser-Zweifel, Reitimatt;920;0;71719401;aus Plan gelesen;Trinkwasser;WV Einzelliegenschaft;ab Fels;sanierungsbedürftig;Holz;Brunnenstube;Archiv AFU Glarus;Jakob Schiesser, Linthal  643 34 58;seit 1907, ab 2001 verschüttet, Res. ausser Betrieb gem Angaben J. Schiesser vom 10.4.06;;28;29;;;keine vorh.;1;nein;R. Brunner;16.04.1998;23;31.08.1998;;WAHR;FALSCH;FALSCH;FALSCH
550;H4;;Linthal;8783;717600;195410;;B. Zweifel, Laueli;870;;;aus Plan gelesen;im Moment ungenutzt;;;;;;Archiv AFU Glarus;Thomas Zweifel, Linthal  643 33 04;nicht aufgenommen;;;;;;;;;;16.04.1998;24;;31.08.1998;FALSCH;FALSCH;FALSCH;FALSCH
551;H6;;Linthal;8783;717640;195480;;B. Zweifel, Laui;860;;;aus Plan gelesen;im Moment ungenutzt;Vieh-Tränke;;;;;Archiv AFU Glarus;Rosmarie Gisler-Zweifel, Linthal  643 14 76;nicht aufgenommen;;;;;;;;;;16.04.1998;25;;31.08.1998;FALSCH;FALSCH;FALSCH;FALSCH
552;H8;Laui;Linthal;8783;717580;195760;;Rosmarie Gisler-Zweifel;830;;;aus Plan gelesen;Brauchwasser;Stallbrunnen;;;;;Archiv AFU Glarus;Rosmarie Gisler-Zweifel, Linthal  643 14 76;nicht aufgenommen;;;;;;;;;;16.04.1998;26;;31.08.1998;FALSCH;FALSCH;FALSCH;FALSCH
553;H9;Fätschli;Linthal;8783;717430;196270;;Pfadiheim;910;;;aus Plan gelesen;im Moment ungenutzt;WV Einzelliegenschaft;Bachwasserfassung;;Eisendeckel;Brunnenstube/Reservoir;Archiv AFU Glarus;Rudolf Stutz, Linthal  643 32 30;Pfadiheim an Netz WK Auen angeschlossen --> nicht aufgenommen;;;;;;keine vorh.;1;ja;;16.04.1998;27;;01.09.1998;FALSCH;FALSCH;FALSCH;FALSCH
554;J1 Oeler;Oeler;Linthal;8783;717474;196465;457;Tagwen Ennetlinth;860;0;71719601;aus Plan gelesen;Trinkwasser;WV Einzelliegenschaft;Sicker-/Zuleitung;gut;Betondeckel;Brunnenstube;Archiv AFU Glarus;Hansheiri Stüssi, Werkführer Linthal;;;30;31;;;keine vorh.;1;nein;R. Brunner;16.04.1998;28;01.09.1998;;WAHR;FALSCH;FALSCH;FALSCH
555;J3, Quelle Oberrämis;Oberrämis;Linthal;8783;717488;196596;462;B. Zweifel, Oberrämis;865;;71719602;aus Plan gelesen;Trinkwasser;WV Einzelliegenschaft;Sicker-/Zuleitung;gut;Haus;Brunnenstube;Archiv AFU Glarus;Hansheiri Zweifel-Oehler, Wässerwiesenstr. 70, 8408  Winterthur;Wasseraustritte im Stall;;32;33;;;keine vorh.;;nein;R. Brunner;16.04.1998;29;01.09.1998;;WAHR;FALSCH;FALSCH;FALSCH
556;Quelle Fruttmatt;Fruttmatt;Linthal;8783;717464;196829;516;Gde. Linthal;900;30;71719603;im Feld eingemessen;Trinkwasser;WV Gemeinde;Stollen;gut;Eisendeckel;Brunnenstube;Archiv Lienert & Haering AG;Hansheiri Stüssi, Werkführer Linthal;;;23;24;25 +;;definitiv;;ja;R. Brunner;16.04.1998;30;31.08.1998;;WAHR;FALSCH;FALSCH;FALSCH
557;J6, Quelle Schwändeli;Schwändeli;Linthal;8783;717190;196430;466;Hch. Zweifel, Bergli;940;0;71719604;aus Plan gelesen;Trinkwasser;Restaurant Bergli;Sicker-/Zuleitung;gut;Eisendeckel mit 4 Kant;Brunnenstube;Archiv AFU Glarus;Hch. Zweifel, Linthal  643 33 16;;;27;28;;;erforderlich;1;nein;R. Brunner;16.04.1998;31;31.08.1998;;WAHR;FALSCH;FALSCH;FALSCH
558;J7;;Linthal;8783;717130;196480;466;Hch. Zweifel, Bergli;960;;;aus Plan gelesen;;Brunnen;;;;;Archiv AFU Glarus;Hch. Zweifel, Linthal  643 33 16;nur für Brunnen --> nicht aufgenommen;;;;;;;;;;16.04.1998;32;;31.08.1998;FALSCH;FALSCH;FALSCH;FALSCH
559;J9, Quelle Eggli;Eggli;Linthal;8783;717122;196823;478;Felix Zweifel;1050;0;71719605;aus Plan gelesen;Trinkwasser;WV Einzelliegenschaft;Sicker-/Zuleitung;gut;Eisendeckel;Brunnenstube;Archiv AFU Glarus;Felix Zweifel-Bissig, Linthal;;;5;6;;;keine vorh.;1;nein;R. Brunner;16.04.1998;33;01.09.1998;;WAHR;FALSCH;FALSCH;FALSCH
560;J14, Quelle Oberberg;Oberberg;Linthal;8783;716970;196720;474;Hch. Zweifel, Oberberg;1055;;71619601;aus Plan gelesen;Trinkwasser;WV Einzelliegenschaft;Sicker-/Zuleitung;gut;Türe;Brunnenstube;Archiv AFU Glarus;Hch. Zweifel, Linthal  643 15 71;;;3;4;;;keine vorh.;2;nein;R. Brunner;16.04.1998;34;01.09.1998;;WAHR;FALSCH;FALSCH;FALSCH
561;Quelle Siten 1;Sitenwald;Riedern;8750;721576;211862;148;Gde. Riedern;570;0;72121102;aus Plan gelesen;Trinkwasser;WV Gemeinde Riedern;Stollen/Sickerleitung;gut;Türe;Brunnenstube;Archiv Lienert & Haering AG;Ruedi Heer, Werkführer Riedern;;;20;21;22;;provisorich;3;ja;R. Brunner;17.04.1998;4;14.07.1998;;WAHR;FALSCH;FALSCH;FALSCH
562;Quelle Siten 2;Sitenwald;Riedern;8750;721570;211861;148;Gde. Riedern;570;;72121103;aus Plan gelesen;Trinkwasser;WV Gemeinde Riedern;;;;;Archiv Lienert & Haering AG;Ruedi Heer, Werkführer Riedern;Quellschacht überdeckt --> siehe Siten 1;;23;;;;provisorich;;;R. Brunner;17.04.1998;5;14.07.1998;;WAHR;FALSCH;FALSCH;FALSCH
563;Quelle Kohlgrüebli 1;Sitenwald;Riedern;8750;;;148;Gde. Riedern;580;0;;aus Plan gelesen;im Moment ungenutzt;WV Gemeinde Riedern;Sicker-/Zuleitung;sanierungsbedürftig;Eisendeckel;Brunnenstube;Archiv Lienert & Haering AG;Ruedi Heer, Werkführer Riedern;ausser Betrieb seit 12.6.95, Wasser wird nicht mehr abgeleitet;;24;;;;provisorich;1;nein;R. Brunner;17.04.1998;6;;14.07.1998;FALSCH;FALSCH;FALSCH;FALSCH
564;Quelle Kohlgrüebli 2;Sitenwald;Riedern;8750;721325;211786;148;Gde. Riedern;580;;72121104;aus Plan gelesen;Trinkwasser;WV Gemeinde Riedern;Stollen;gut;Türe;Brunnenstube/Sammelschacht;Archiv Lienert & Haering AG;Ruedi Heer, Werkführer Riedern;;;25;26;;;provisorich;;ja;R. Brunner;17.04.1998;7;14.07.1998;;WAHR;FALSCH;FALSCH;FALSCH
565;Quelle Kohlgrüebli 3;Sitenwald;Riedern;8750;721290;211780;148;Gde. Riedern;595;0;72121105;aus Plan gelesen;Trinkwasser;WV Gemeinde Riedern;ab Fels;sanierungsbedürftig;Betondeckel;Brunnenstube;Archiv Lienert & Haering AG;Ruedi Heer, Werkführer Riedern;;;29;;;;provisorich;1;nein;R. Brunner;17.04.1998;8;14.07.1998;;WAHR;FALSCH;FALSCH;FALSCH
566;Quelle Kohlgrüebli 4;Sitenwald;Riedern;8750;721274;211790;148;Gde. Riedern;595;0;72121106;aus Plan gelesen;Trinkwasser;WV Gemeinde Riedern;ab Fels;gut;Eisendeckel mit 4 Kant;Brunnenstube;Archiv Lienert & Haering AG;Ruedi Heer, Werkführer Riedern;;;27;28;;;provisorich;0;nein;R. Brunner;17.04.1998;9;14.07.1998;;WAHR;FALSCH;FALSCH;FALSCH
567;Quelle Eggli oben;Fachtwald;Mollis;8753;724990;216520;;Gde. Mollis;605;100;72421601;im Feld eingemessen;Trinkwasser;WV Gemeinde;Sicker-/Zuleitung;gut;Pilzdeckel ROMAG;Brunnenstube;Archiv Lienert & Haering AG;Ernst Bühler, Werkführer Mollis;saniert;;5;8;;;definitiv;3;ja;Brunner;17.04.1998;34;28.06.1999;;WAHR;FALSCH;FALSCH;FALSCH
568;Quelle Eggli unten;Fachtwald;Mollis;8753;724970;216530;;Gde. Mollis;595;50;72421602;;Trinkwasser;WV Gemeinde;Sicker-/Zuleitung;gut;Pilzdeckel ROMAG;Brunnenstube;Archiv Lienert & Haering AG;Ernst Bühler, Werkführer Mollis;;;6;7;;;definitiv;1;ja;Brunner;17.04.1998;35;28.06.1999;;WAHR;FALSCH;FALSCH;FALSCH
569;;Uspenriet;Bilten;8865;;;;;1150;;;aus Plan gelesen;im Moment ungenutzt;;;;;;Archiv Lienert & Haering AG;;Gde. unbekannt --> nicht aufgenommen;;;;;;;;;;17.04.1998;32;;23.06.1998;FALSCH;FALSCH;FALSCH;FALSCH
570;;;Bilten;8865;;;;;1300;;;aus Plan gelesen;im Moment ungenutzt;;;;;;Archiv Lienert & Haering AG;;Gde. unbekannt --> nicht aufgenommen;;;;;;;;;;17.04.1998;33;;23.06.1998;FALSCH;FALSCH;FALSCH;FALSCH
571;;Gruenen;Bilten;8865;;;;;1170;;;aus Plan gelesen;im Moment ungenutzt;;;;;;Archiv Lienert & Haering AG;;Gde. unbekannt --> nicht aufgenommen;;;;;;;;;;17.04.1998;34;;23.06.1998;FALSCH;FALSCH;FALSCH;FALSCH
572;Obmoos-Quelle;Obmoos;Elm;8767;731470;197390;;Obmoosbrunnen-Korportion;1010;0;73119704;aus Plan gelesen;Trinkwasser;WV Weiler/Quartier;Aufstossend;gut;Eisendeckel mit 4 Kant;Brunnenstube;Archiv Lienert & Haering AG;Samuel Hefti, EW Elm;;;18;19;;;keine vorh.;0;nein;Brunner;17.04.1998;36;18.08.1999;;WAHR;FALSCH;FALSCH;FALSCH
573;Bord-Quelle B4;Blumerberg;Nidfurn;8772;;;174;Gde. Nidfurn;860;;;aus Plan gelesen;im Moment ungenutzt;;;;;;Archiv Lienert & Haering AG;;1988 stillgelegt, nicht aufgenommen;;;;;;;;;;17.04.1998;18;;20.07.1998;FALSCH;FALSCH;FALSCH;FALSCH
574;Blumerberg-Quelle 1;;Nidfurn;8772;722215;205245;;Gde. Nidfurn;840;;;aus Plan gelesen;im Moment ungenutzt;;Sicker-/Zuleitung;;;;Archiv Lienert & Haering AG;J. Hefti, Werkführer Nidfurn;1988 stillgelegt, nicht aufgenommen;;;;;;;1;;;17.04.1998;19;;20.07.1998;FALSCH;FALSCH;FALSCH;FALSCH
575;Quelle Luchsinger/Wichser/Hefti T5;Tränkiloch;Nidfurn;8772;722118;205420;178;Hefti/Luchsinger/Wichser;904;;72220511;aus Plan gelesen;Trinkwasser;WV Weiler/Quartier;unbekannt;;;;Archiv Lienert & Haering AG;"Fritz Luchsinger, Thon, Schwanden; Hh Wichser, im Güetli, Nidfurn; Gebr. Hefti, im Grub, Nidfurn";Schacht überdeckt;;;;;;ev. erforderlich?;1;;R. Brunner;17.04.1998;20;20.07.1998;;WAHR;FALSCH;FALSCH;FALSCH
576;Maienbrunnen unten;Ennetecken;Schwanden;8763;723220;207275;;Ennetecken-Wygellenkorp.;900;0;72320701;im Feld eingemessen;Trinkwasser;WV Gemeinde Schwändi;Sicker-/Zuleitung;gut;Türe;Brunnenstube/Sammelschacht;Archiv Lienert & Haering AG;W. Traxel, Werkführer Schwändi;;;35;36;;;definitiv;1;ja;R. Brunner;17.04.1998;21;28.08.1998;;WAHR;FALSCH;FALSCH;FALSCH
577;Maienbrunnen oben;Ennetecken;Schwanden;8762;723200;207325;;Ennetecken-Wygellenkorp.;900;0;72320702;im Feld eingemessen;Trinkwasser;WV Gemeinde Schwändi;Sicker-/Zuleitung;gut;Gussdeckel;Brunnenstube;Archiv Lienert & Haering AG;W. Traxel, Werkführer Schwändi;;;1;2;;;definitiv;1;nein;R. Brunner;16.04.1998;22;28.08.1998;;WAHR;FALSCH;FALSCH;FALSCH
578;Quelle Ottigen 83;;Haslen;8773;723884;205096;;Gde. Schwanden;620;0;72320504;Geometeraufnahmen;Trinkwasser;WV Gemeinde Schwanden;Sicker-/Zuleitung;gut;Eisendeckel;Brunnenstube;Archiv Lienert & Haering AG;J. Tschudi, WV Gde. Schwanden;;;H16;H17;;;definitiv;3;ja;M. Simmler;17.04.1998;42;04.08.1998;;WAHR;FALSCH;FALSCH;FALSCH
579;Quelle Alpweg 84;;Haslen;8773;;;;Gde. Schwanden;620;;;Geometeraufnahmen;im Moment ungenutzt;WV Gemeinde Schwanden;;;;;Archiv Lienert & Haering AG;J. Tschudi, WV Gde. Schwanden;keine Fassung mehr, nicht aufgenommen;;;;;;definitiv;;ja;;17.04.1998;43;;04.08.1998;FALSCH;FALSCH;FALSCH;FALSCH
580;Burstberg-Quelle;;Braunwald;8784;;;243;Streiff, Rietberg;1260;;;aus Plan gelesen;Brauchwasser;Vieh-Tränke;;;;;Archiv Lienert & Haering AG;;Vieh-Tränke --> nicht aufgenommen;;;;;;keine vorh.;;;;17.04.1998;20;;30.09.1998;FALSCH;FALSCH;FALSCH;FALSCH
581;Tutenbergquelle;;Braunwald;8784;;;;;1270;;;aus Plan gelesen;im Moment ungenutzt;;;;;;Archiv Lienert & Haering AG;;gemäss Gde. ungenutzt --> nicht aufgenommen;;;;;;;;;;17.04.1998;21;;30.09.1998;FALSCH;FALSCH;FALSCH;FALSCH
582;Leglerberg-Quelle;Leglerberg;Braunwald;8784;717830;199870;;Schiesser, Leglerberg;1320;0;71719905;aus Plan gelesen;Trinkwasser;WV Einzelliegenschaft;Sicker-/Zuleitung;gut;Eisendeckel mit 4 Kant;Brunnenstube;Archiv Lienert & Haering AG;Balz Dürst, Werkführer Braunwald;;;25;26;;;keine vorh.;1;nein;R. Brunner;17.04.1998;22;02.09.1998;;WAHR;FALSCH;FALSCH;FALSCH
583;;Müllerberg;Braunwald;8784;;;;;1300;;;aus Plan gelesen;im Moment ungenutzt;;;;;;Archiv Lienert & Haering AG;;Gde. unbekannt --> nicht aufgenommen;;;;;;;;;;17.04.1998;23;;30.09.1998;FALSCH;FALSCH;FALSCH;FALSCH
584;;Müllerberg;Braunwald;8784;;;;;1300;;;aus Plan gelesen;im Moment ungenutzt;;;;;;Archiv Lienert & Haering AG;;Gde. unbekannt --> nicht aufgenommen;;;;;;;;;;17.04.1998;24;;30.09.1998;FALSCH;FALSCH;FALSCH;FALSCH
585;;Müllerberg;Braunwald;8784;;;;;1300;;;aus Plan gelesen;im Moment ungenutzt;;;;;;Archiv Lienert & Haering AG;;Gde. unbekannt --> nicht aufgenommen;;;;;;;;;;17.04.1998;25;;30.09.1998;FALSCH;FALSCH;FALSCH;FALSCH
586;;Müllerberg;Braunwald;8784;;;;;1340;;;aus Plan gelesen;im Moment ungenutzt;;;;;;Archiv Lienert & Haering AG;;Gde. unbekannt --> nicht aufgenommen;;;;;;;;;;17.04.1998;26;;30.09.1998;FALSCH;FALSCH;FALSCH;FALSCH
587;;;Braunwald;8784;;;;;1400;;;aus Plan gelesen;im Moment ungenutzt;;;;;;Archiv Lienert & Haering AG;;Gde. unbekannt --> nicht aufgenommen;;;;;;;;;;17.04.1998;27;;30.09.1998;FALSCH;FALSCH;FALSCH;FALSCH
588;;;Braunwald;8784;;;;;1400;;;aus Plan gelesen;im Moment ungenutzt;;;;;;Archiv Lienert & Haering AG;;Gde. unbekannt --> nicht aufgenommen;;;;;;;;;;17.04.1998;28;;30.09.1998;FALSCH;FALSCH;FALSCH;FALSCH
589;;;Braunwald;8784;;;;;;;;aus Plan gelesen;im Moment ungenutzt;;;;;;Archiv Lienert & Haering AG;;Gde. unbekannt --> nicht aufgenommen;;;;;;;;;;17.04.1998;29;;30.09.1998;FALSCH;FALSCH;FALSCH;FALSCH
590;;Gisenegg;Braunwald;8784;;;;;1460;;;aus Plan gelesen;im Moment ungenutzt;;;;;;Archiv Lienert & Haering AG;;Gde. unbekannt --> nicht aufgenommen;;;;;;;;;;17.04.1998;30;;30.09.1998;FALSCH;FALSCH;FALSCH;FALSCH
591;;Mittleren Berg;Braunwald;8784;;;;;1400;;;aus Plan gelesen;im Moment ungenutzt;;;;;;Archiv Lienert & Haering AG;;Gde. unbekannt --> nicht aufgenommen;;;;;;;;;;17.04.1998;31;;30.09.1998;FALSCH;FALSCH;FALSCH;FALSCH
592;;Mittleren Berg;Braunwald;8784;;;;;1360;;;aus Plan gelesen;im Moment ungenutzt;;;;;;Archiv Lienert & Haering AG;;Gde. unbekannt --> nicht aufgenommen;;;;;;;;;;17.04.1998;32;;30.09.1998;FALSCH;FALSCH;FALSCH;FALSCH
593;;Mittleren Berg;Braunwald;8784;;;;;1370;;;aus Plan gelesen;im Moment ungenutzt;;;;;;Archiv Lienert & Haering AG;;Gde. unbekannt --> nicht aufgenommen;;;;;;;;;;17.04.1998;33;;30.09.1998;FALSCH;FALSCH;FALSCH;FALSCH
594;;Mittleren Berg;Braunwald;8784;;;;;1380;;;aus Plan gelesen;im Moment ungenutzt;;;;;;Archiv Lienert & Haering AG;;Gde. unbekannt --> nicht aufgenommen;;;;;;;;;;17.04.1998;34;;30.09.1998;FALSCH;FALSCH;FALSCH;FALSCH
595;;;Braunwald;8784;;;;;1300;;;aus Plan gelesen;im Moment ungenutzt;;;;;;Archiv Lienert & Haering AG;;Gde. unbekannt --> nicht aufgenommen;;;;;;;;;;17.04.1998;35;;30.09.1998;FALSCH;FALSCH;FALSCH;FALSCH
596;;;Braunwald;8784;;;;;1300;;;aus Plan gelesen;im Moment ungenutzt;;;;;;Archiv Lienert & Haering AG;;Gde. unbekannt --> nicht aufgenommen;;;;;;;;;;17.04.1998;36;;30.09.1998;FALSCH;FALSCH;FALSCH;FALSCH
597;;Mittleren Berg;Braunwald;8784;;;;;1350;;;aus Plan gelesen;im Moment ungenutzt;;;;;;Archiv Lienert & Haering AG;;Gde. unbekannt --> nicht aufgenommen;;;;;;;;;;17.04.1998;37;;30.09.1998;FALSCH;FALSCH;FALSCH;FALSCH
598;;;Braunwald;8784;;;;;1340;;;aus Plan gelesen;im Moment ungenutzt;;;;;;Archiv Lienert & Haering AG;;Gde. unbekannt --> nicht aufgenommen;;;;;;;;;;17.04.1998;38;;30.09.1998;FALSCH;FALSCH;FALSCH;FALSCH
599;;;Braunwald;8784;;;;;1380;;;aus Plan gelesen;im Moment ungenutzt;;;;;;Archiv Lienert & Haering AG;;Gde. unbekannt --> nicht aufgenommen;;;;;;;;;;17.04.1998;39;;30.09.1998;FALSCH;FALSCH;FALSCH;FALSCH
600;;;Braunwald;8784;;;;;1380;;;aus Plan gelesen;im Moment ungenutzt;;;;;;Archiv Lienert & Haering AG;;Gde. unbekannt --> nicht aufgenommen;;;;;;;;;;17.04.1998;40;;30.09.1998;FALSCH;FALSCH;FALSCH;FALSCH
601;;;Braunwald;8784;;;;;1400;;;aus Plan gelesen;im Moment ungenutzt;;;;;;Archiv Lienert & Haering AG;;Gde. unbekannt --> nicht aufgenommen;;;;;;;;;;17.04.1998;41;;30.09.1998;FALSCH;FALSCH;FALSCH;FALSCH
602;;;Braunwald;8784;;;;;1400;;;aus Plan gelesen;im Moment ungenutzt;;;;;;Archiv Lienert & Haering AG;;Gde. unbekannt --> nicht aufgenommen;;;;;;;;;;17.04.1998;42;;30.09.1998;FALSCH;FALSCH;FALSCH;FALSCH
603;;;Braunwald;8784;;;;;1400;;;aus Plan gelesen;im Moment ungenutzt;;;;;;Archiv Lienert & Haering AG;;Gde. unbekannt --> nicht aufgenommen;;;;;;;;;;17.04.1998;43;;30.09.1998;FALSCH;FALSCH;FALSCH;FALSCH
604;;;Braunwald;8784;;;;;1400;;;aus Plan gelesen;im Moment ungenutzt;;;;;;Archiv Lienert & Haering AG;;Gde. unbekannt --> nicht aufgenommen;;;;;;;;;;17.04.1998;44;;30.09.1998;FALSCH;FALSCH;FALSCH;FALSCH
605;;Rubschen;Braunwald;8784;;;;;1470;;;aus Plan gelesen;im Moment ungenutzt;;;;;;Archiv Lienert & Haering AG;;Gde. unbekannt --> nicht aufgenommen;;;;;;;;;;17.04.1998;45;;30.09.1998;FALSCH;FALSCH;FALSCH;FALSCH
606;Quelle Muosalp;Muosalp;Niederurnen;8867;717005;221015;;Tagwen Niederurnen;1400;0;71722103;aus Plan gelesen;Trinkwasser;Alpgebäude;Sicker-/Zuleitung;gut;Betondeckel;Brunnenstube;Feldaufnahmen;Albert Marti, Gerbi Niederurnen;;;30;31;;;keine vorh.;1;nein;Brunner;17.08.1999;7;17.08.1999;;WAHR;FALSCH;FALSCH;FALSCH
607;Quelle Blossenald 1;Blossenalp;Niederurnen;8867;716280;220790;;Tagwen Niederurnen;1420;10;71622001;aus Plan gelesen;Trinkwasser;Alpgebäude;Sicker-/Zuleitung;gut;Betondeckel;Brunnenstube;Feldaufnahmen;Müller Georg, Herrenberg Niederurnen;;;32;33;;;keine vorh.;2;nein;Brunner;17.08.1999;8;17.08.1999;;WAHR;FALSCH;FALSCH;FALSCH
610;Quelle Gheistberg;Gheistberg;Sool;8762;728600;207120;;J. Marti-Wyss/Gde. Sool;1320;;72820703;aus Plan gelesen;Trinkwasser;WV Einzelligenschaft;;;;;Feld;J. Marti-Wyss;Versorgung von Hütte Marti-Wyss und Brunnen von Gde. Sool;;36;;;;keine vorh.;;;R. Brunner;04.05.1998;22;25.03.1998;;WAHR;FALSCH;FALSCH;FALSCH
611;Quelle Au;Au;Sool;8762;725470;206450;;Kämpf;540;;72520601;aus Plan gelesen;Brauchwasser;Brunnen;;;;;Feld;Jakob Marti, Gde Sool;;;18;;;;keine vorh.;;;R. Brunner;04.05.1998;24;25.03.1998;;WAHR;FALSCH;FALSCH;FALSCH
612;Quelle Hinterbergli-Alpbach;Schwändiberg;Ennenda;8755;725120;213625;1094;R. Staub;1190;;72521310;im Feld eingemessen;Brauchwasser;Brunnen;Bachwasserfassung;;;;Feld;R.Staub Ennenda;;;29;;;;keine vorh.;;;R. Brunner;04.05.1998;;05.05.1998;;WAHR;FALSCH;FALSCH;FALSCH
613;Quelle Fuchsrain;Fuchsrain;Sool;8762;725340;206450;;;560;0;72520602;im Feld eingemessen;Brauchwasser;Brunnen;Wasseraustritt;sanierngsbedürftig;Schieferplatte;Brunnen;Begehung;Jakob Marti, Gde Sool;;;19;;;;keine vorh.;;nein;R. Brunner;04.05.1998;25;25.03.1998;;WAHR;FALSCH;FALSCH;FALSCH
615;Quelle Branzi;Branzi;Ennenda;8755;725385;213250;1091;Tschudi-Aeble oder Tschudi-Hiltebrand;1300;0;72521311;im Feld eingemessen;Trinkwasser;Brunnen;Sicker-/Zuleitung;sanierungsbedürftig;Blech-Deckel;Brunnenstube;Feldaufnahmen;Tschudi-Aeble oder Tschudi-Hiltebrand Ennenda;Stall, Ferienhaus, Brunnen;;9;10;;;keine vorh.;1;nein;Br;05.05.1998;;05.05.1998;;WAHR;FALSCH;FALSCH;FALSCH
616;Quelle Elmerberg;Elmerberg;Ennenda;8755;725525;213280;1089;Gemeinde Ennenda;1360;0;72521312;im Feld eingemessen;Trinkwasser;WV Einzelliegenschaft;ab Fels;sanierungsbedürftig;Holz;Brunnenstube;Feldaufnahmen;WV Gemeinde Ennenda;Brunnen vor Hütte (Jägerhütte);;13;14;;;keine vorh.;;;Br;05.05.1998;;05.05.1998;;WAHR;FALSCH;FALSCH;FALSCH
617;Reservoirquelle;Höhe;Haslen;8773;;;259;Gemeinde Haslen;641;0;;aus Plan gelesen;im Moment ungenutzt;;Sicker-/Zuleitung;gut;Eisendeckel;Brunnenstube;Gemeinde;P. Muhl, Werkführer Gde.Haslen;vom Netz abgehängt, nicht aufgenommen;;;;;;keine vorh.;1;ja;;15.05.1998;;;21.07.1998;FALSCH;FALSCH;FALSCH;FALSCH
618;Quelle Schatzmann;Raussen;Haslen;8773;723215;204150;259;H. Schatzmann;655;0;72320406;aus Plan gelesen;Brauchwasser;WV Einzelliegenschaft;Sicker-/Zuleitung;gut;Betondeckel;Brunnenstube;Gemeinde;"P. Muhl, Werkführer Gde.Haslen;H. Schatzmann Haslen";Stall und Garten, Neufassung 1991;;28;29;;;keine vorh.;1;nein;R. Brunner;15.05.1998;51;21.07.1998;;WAHR;FALSCH;FALSCH;FALSCH
619;Quelle Obmoos 2;Obmoos;Elm;8767;731470;197400;;Obmoosbrunnen-Korporation;980;;73119707;aus Plan gelesen;Trinkwasser;WV Weiler/Quartier;;;;;Archiv Lienert & Haering AG;Samuel Hefti, EW Elm;;;;;;;keine vorh.;2;;;16.04.1998;;18.08.1999;;WAHR;WAHR;FALSCH;FALSCH
620;Quelle Strit;;Elm;8767;;;;Anton Bäbler;;;;;Brauchwasser;Brunnen;;;;Brunnenstube;;;Laufbrünneli;;;;;;;;;;15.05.1998;37;;15.06.1999;FALSCH;FALSCH;FALSCH;FALSCH
621;Quelle Gerstboden;oberer Gerstboden;Elm;8767;730940;198730;;Brunnengemeinschaft;1440;0;73019802;aus Plan gelesen;Trinkwasser;2 Ferienhäuser + Einzelliegenschaft;Sicker-/Zuleitung;gut-genügend;Betondeckel;Brunnenstube;Feldaufnahmen;Fridolin Disch, Gerstboden Elm;;;24;25;;;keine vorh.;1;nein;Brunner;15.05.1998;38;18.08.1999;;WAHR;FALSCH;FALSCH;FALSCH
622;Quelle Wald;;Elm;8767;;;;Brunnengemeinschaft;;;;;Brauchwasser;Brunnen;;;;Brunnenstube;;Samuel Hefti, EW Elm;;;;;;;;;;;15.05.1998;39;;15.06.1999;FALSCH;FALSCH;FALSCH;FALSCH
623;Quelle Schliefer;Schliefer;Elm;8767;730700;197700;;Gebr. Hauser;1340;0;73019703;aus Plan gelesen;Trinkwasser;WV Einzelliegenschaft;Sicker-/Zuleitung;gut;Eisen 4 Kant;Brunnenstube;Feldaufnahmen;Samuel Hefti, EW Elm;;;10;11;;;keine vorh.;2;nein;Brunner;15.05.1998;42;15.06.1999;;WAHR;FALSCH;FALSCH;FALSCH
624;Quelle Empächli;;Elm;8767;730870;198140;;Brunnengemeinschaft;1445;0;73019801;aus Plan gelesen;Trinkwasser;WV Weiler/Quartier;ab Fels;sanierungsbedürftig;Holz;Brunnenstube;Feldaufnahmen;Samuel Hefti, EW Elm;;;15;16;;;keine vorh.;0;nein;Brunner;15.05.1998;40;15.06.1999;;WAHR;FALSCH;FALSCH;FALSCH
625;Quelle Empächli;;Elm;8767;;;;Hans Rhyner, Spicher;;;;;im Moment ungenutzt;WV Einzelliegenschaft;;;;Brunnenstube;;;;;;;;;;;;;15.05.1998;41;;15.06.1999;FALSCH;FALSCH;FALSCH;FALSCH
626;Quelle Hinter Empächli Bergli;;Elm;8767;730270;197700;;Dr. Lalive, Bergli;1455;0;73019704;aus Plan gelesen;Trinkwasser;Ferienhaus;Sicker-/Zuleitung;gut;Eisen 4kant. Schrauben;Brunnenstube;Feldaufnahmen;;;;17;18;;;keine vorh.;1;nein;Brunner;15.05.1998;43;15.06.1999;;WAHR;FALSCH;FALSCH;FALSCH
627;Quelle Batschwändi-Bort;;Elm;8767;;;;Pankraz Rhyner, Oberhus;;;;;Brauchwasser;Stall;;;;Brunnenstube;;;;;;;;;;;;;15.05.1998;44;;15.06.1999;FALSCH;FALSCH;FALSCH;FALSCH
628;Quelle Güetli;;Elm;8767;731600;198110;;Kasp. Rhyner;1180;0;73119802;aus Plan gelesen;Trinkwasser;WV Einzelliegenschaft;Sicker-/Zuleitung;gut;Eisen 4kant. Schrauben;Brunnenstube;Feldaufnahmen;;;;21;22;;;keine vorh.;2;nein;Brunner;15.05.1998;45;15.06.1999;;WAHR;FALSCH;FALSCH;FALSCH
629;Quelle Stalden;Stalden;Elm;8767;731270;197620;;Marg. Elmer;1130;;73119705;aus Plan gelesen;Trinkwasser;Ferienhaus;;;;Brunnenstube;;;überdeckt mit Holz --> nicht gefunden;;;;;;keine vorh.;;;Brunner;15.05.1998;46;18.08.1999;;WAHR;FALSCH;FALSCH;FALSCH
630;Quelle Stalden 2;Stalden;Elm;8767;731280;197610;;Ruedi Elmer-Zweifel;1125;0;73119706;aus Plan gelesen;Trinkwasser;WV Einzelliegenschaft;Bachwasserfassung;genügend-schlecht;Blech-Deckel;Brunnenstube;Feldaufnahmen;Ruedi Elmer- Zweifel, Stalden Elm;;;16;17;;;;0;nein;Brunner;15.05.1998;47;18.08.1999;;WAHR;FALSCH;FALSCH;FALSCH
631;Quelle Waldboden;Waldboden;Elm;8767;730810;197540;;Ruedi Rhyner;1345;0;73019706;aus Plan gelesen;Trinkwasser;WV Einzelliegenschaft;Sicker-/Zuleitung;gut;Betondeckel;Brunnenstube;Feldaufnahmen;Ruedi Rhyner, Waldboden Elm;;;;;;;keine vorh.;1;nein;Brunner;15.05.1998;48;18.08.1999;;WAHR;FALSCH;FALSCH;FALSCH
632;Quelle Blossenalp 2;Blossenalp;Niederurnen;8867;716340;220780;;Tagwen Niederurnen;1412;0;71622002;aus Plan gelesen;Trinkwasser;Alpgebäude;Sicker-/Zuleitung;gut;Betondeckel;Brunnenstube/Sammelschacht;Feldaufnahmen;Müller Georg, Herrenberg Niederurnen;;;34;35;;;keine vorh.;1;nein;Brunner;17.08.1999;9;17.08.1999;;WAHR;FALSCH;FALSCH;FALSCH
633;Quelle Schür;Schür;Betschwanden;8777;;;;E. Fux, Zürich;;;;;Brauchwasser;Vieh-Tränke;;gut;;;Gemeinde;Thomas Zweifel, Werkführer Betschwanden;nicht aufgenommen;;;;;;keine vorh.;;;;16.04.1998;11;;03.09.1998;FALSCH;FALSCH;FALSCH;FALSCH
634;Quelle Bann (gross Schräje);Bann;Betschwanden;8777;;;;Gemeinde Betschwanden;;;;;im Moment ungenutzt;;Stollen;gut;Türe;Brunnenstube;Gemeinde;Thomas Zweifel, Werkführer Betschwanden;nicht aufgenommen;;;;;;keine vorh.;;;;16.04.1998;12;;03.09.1998;FALSCH;FALSCH;FALSCH;FALSCH
635;Quelle Schlatt;Schlatt;Betschwanden;8777;720270;200750;;F. Kündig;670;;;aus Plan gelesen;Trinkwasser;Brunnen;;gut;;Brunnenstube;Gemeinde;Thomas Zweifel, Werkführer Betschwanden;identisch Quelle Zopfisol (488) oder Obermarglan (Schlüssel 491)? Gemäss Ang Th.Z vom 11.2001 ist die die neue Fassung für das Haus F. Kündig;;;;;;keine vorh.;;;;16.04.1998;13;;03.09.1998;FALSCH;FALSCH;FALSCH;FALSCH
636;Oberbiltner Brunnenquelle (untere);Rütiwald;Bilten;8865;720300;222340;1;Gde. Bilten;540;0;72022203;aus Plan gelesen;Brauchwasser;Brunnen;Sicker-/Zuleitung;gut;Betondeckel;Brunnenstube;Gemeinde;Herr Winteler, Bauamt Bilten;Bachwasser für Dorfbrunnen;;C17;;;;keine vorh.;1;nein;M. Simmler;25.03.1998;35;23.06.1998;;WAHR;FALSCH;FALSCH;FALSCH
637;Flüssliquelle oben;im Flüssli;Bilten;8865;719140;223130;1;Gde. Bilten;600;0;71922305;aus Plan gelesen;Brauchwasser;Brunnen;Sicker-/Zuleitung;gut;Betondeckel;Brunnenstube;Gemeinde;Herr Winteler, Bauamt Bilten;;;C10;;;;keine vorh.;2;nein.;M. Simmler;25.03.1998;36;23.06.1998;;WAHR;FALSCH;FALSCH;FALSCH
638;Weidquelle Elmen;Elmen;Bilten;8865;719960;222980;1;Gde. Bilten;470;20;71922201;aus Plan gelesen;Brauchwasser;Weidbrunnen;Sicker-/Zuleitung;gut;Betondeckel;Brunnenstube;Gemeinde;Herr Winteler, Bauamt Bilten;;;C14;C15;;;keine vorh.;1;nein;M. Simmler;25.03.1998;37;23.06.1998;;WAHR;FALSCH;FALSCH;FALSCH
639;Brunnenquelle Elmen;Elmen;Bilten;8865;719925;223045;1;Gde. Bilten;470;50;71922306;aus Plan gelesen;Brauchwasser;Brunnen;aufstossend ?;gut;Betondeckel;Brunnenstube;Gemeinde;Herr Winteler, Bauamt Bilten;;;C12;C13;;;keine vorh.;;nein;M. Simmler;23.03.1998;38;23.06.1998;;WAHR;FALSCH;FALSCH;FALSCH
640;Brunnen oberer Sonnenberg;Langriet;Bilten;8865;716850;222370;1;Tagwen Bilten;1260;0;71622201;aus Plan gelesen;Brauchwasser;Wegbrunnen/Weidbrunnen;Sicker-/Zuleitung;gut;Betondeckel;Brunnenstube;Gemeinde;Herr Winteler, Bauamt Bilten;ev. Trinkwasser (Wanderer);;B4;B5;;;keine vorh.;1;nein;M. Simmler;28.03.1998;39;19.06.1998;;WAHR;FALSCH;FALSCH;FALSCH
641;Brunnen Stall Sonnenberg;Sonnenberg;Bilten;8865;717925;222990;1;Tagwen Bilten;1120;0;71722202;aus Plan gelesen;Brauchwasser;Brunnen;Sicker-/Zuleitung;gut;Betondeckel;Brunnenstube;Gemeinde;Herr Winteler, Bauamt Bilten;ev. Trinkwasser für Wanderer, 1998 neu gefasst;;B8;B9;;;keine vorh.;1;nein;M. Simmler;29.03.1998;40;19.06.1998;;WAHR;FALSCH;FALSCH;FALSCH
642;Brunnenwasser Tannenboden;Hahnenwald;Bilten;8865;717690;221550;1;Tagwen Bilten;1450;0;71722105;aus Plan gelesen;Brauchwasser;Brunnen;;;;;Gemeinde;Herr Winteler, Bauamt Bilten;nur Weidbrunnen --> nicht aufgenommen;;;;;;keine vorh.;1;nein;;28.03.1998;41;;19.06.1998;WAHR;WAHR;FALSCH;FALSCH
643;Weidbrunnen Wasserboden;Unter-Niedern;Bilten;8865;718480;222430;1;Tagwen Bilten;1120;0;71822202;aus Plan gelesen;Brauchwasser;Brunnen;;;;;Gemeinde;Herr Winteler, Bauamt Bilten;nur Weidbrunnen --> nicht aufgenommen;;;;;;keine vorh.;1;nein;;28.03.1998;42;;19.06.1998;WAHR;WAHR;FALSCH;FALSCH
644;Weidbrunnen, Rufibach;Unter-Niedern;Bilten;8865;718640;222030;1;Tagwen Bilten;1220;0;71822203;aus Plan gelesen;Brauchwasser;Brunnen;;;;;Gemeinde;Herr Winteler, Bauamt Bilten;nur Weidbrunnen --> nicht aufgenommen;;;;;;keine vorh.;1;nein;;28.03.1998;43;;19.06.1998;WAHR;WAHR;FALSCH;FALSCH
645;Quelle Ahornhütte;Ahorn;Bilten;8865;719350;221865;1;Tagwen Bilten;1270;0;71922101;aus Plan gelesen;Trinkwasser;Brunnen bei Jägerhütte;Sicker-/Zuleitung;schlecht;Betondeckel;Brunnenstube;Gemeinde;Herr Winteler, Bauamt Bilten;Deckel defekt;;A22;A23;;;keine vorh.;1;nein;M. Simmler;28.03.1998;44;19.06.1998;;WAHR;FALSCH;FALSCH;FALSCH
646;Auern Oberstafel, Gumen;Mittelblanke;Netstal;8754;719390;213130;2000;Gemeinde Netstal;1955;0;71921301;aus Plan gelesen;Trinkwasser;WV Einzelliegenschaft;Sicker-/Zuleitung;sanierungsbedürftig;Steinplatten;Brunnenstube;Gemeinde;Hanspeter Spälti, Werkführer Netstal;;;6;7;;;keine vorh.;1;nein;R. Brunner;26.05.1998;2;17.07.1998;;WAHR;FALSCH;FALSCH;FALSCH
647;Auern Mittelstafel;Unter Gumenloch;Netstal;8754;719880;212910;2000;Gemeinde Netstal;1750;;71921201;aus Plan gelesen;Trinkwasser;WV Einzelliegenschaft;ab Fels;sanierungsbedürftig;keine vorh.;kein Schacht;Gemeinde;Hanspeter Spälti, Werkführer Netstal;;;10;11;12;;keine vorh.;;nein;R. Brunner;26.05.1998;3;17.07.1998;;WAHR;FALSCH;FALSCH;FALSCH
648;Auern Unterstafel;Unterbützi;Netstal;8754;720710;212995;2000;Gemeinde Netstal;1540;0;72021201;aus Plan gelesen;Trinkwasser;WV Einzelliegenschaft;Sicker-/Zuleitung;sanierungsbedürftig;Eisendeckel;Brunnenstube;Gemeinde;Hanspeter Spälti, Werkführer Netstal;Alp Auern Unterstafel und Jagdhütte;;13;14;;;keine vorh.;1;nein;R. Brunner;26.05.1998;4;17.07.1998;;WAHR;FALSCH;FALSCH;FALSCH
649;Quelle Chräberg;Obloch;Netstal;8754;723930;214520;850;Gemeinde Netstal;705;0;72321401;aus Plan gelesen;Trinkwasser;WV Einzelliegenschaft;Sicker-/Zuleitung;gut;Eisendeckel mit 4 Kant;Brunnenstube;Gemeinde;Hanspeter Spälti, Werkführer Netstal;Liegenschaft Chräberg;;23;24;;;keine vorh.;1;nein;R. Brunner;26.05.1998;;17.07.1998;;WAHR;FALSCH;FALSCH;FALSCH
650;Brunnenstübli Quelle;Krummrunse;Glarus;8750;721875;210640;;Gemeinde Glarus;645;0;72121002;aus Plan gelesen;Trinkwasser;Brunnen;Sicker-/Zuleitung;gut;Faserplatte;Brunnenstube;Gemeinde Glarus;Kaspar Figi, Werkführer Glarus;2 Brunnen, Quelle versiegt zeitweise;;32;;;;keine vorh.;1;nein;R. Brunner;26.05.1998;22;15.07.1998;;WAHR;FALSCH;FALSCH;FALSCH
651;Quelle Stutz 2;Stutz;Matt;8766;730930;201735;;Gde. Matt;1090;0;73020108;aus Plan gelesen;Trinkwasser;WV Gemeinde;ab Fels;sanierungsbedürftig;Holz;Brunnenstube;Feldaufnahmen;Christoph Marti, Werkführer Matt;;;6;7;;;keine vorh.;0;nein;Brunner;18.10.1999;;18.10.1999;;WAHR;FALSCH;FALSCH;FALSCH
652;Quelle Chäseren;Längenboden;Glarus;8750;714200;205740;2143;Gemeinde Netstal;1260;0;71420501;aus Plan gelesen;Trinkwasser;Alpgebäude;ab Fels;sanierungsbedürftig;Blech-Deckel;Brunnenstube;Gemeinde Netstal;Hanspeter Spälti, Werkführer Netstal;Alp Käsern;;18;19;;;keine vorh.;;nein;R. Brunner;26.05.1998;26;17.07.1998;;WAHR;FALSCH;FALSCH;FALSCH
653;Quelle Loch;Lochstafel;Glarus;8750;717660;211550;2097;Gemeinde Netstal;1600;0;71721101;aus Plan gelesen;Trinkwasser;Alpgebäude;Sicker-/Zuleitung;sanierungsbedürftig;Blech-Deckel;Brunnenstube;Gemeinde Netstal;Hanspeter Spälti, Werkführer Netstal;Alp Lochstafel;;31;32;;;keine vorh.;1;nein;R. Brunner;26.05.1998;27;16.07.1998;;WAHR;FALSCH;FALSCH;FALSCH
654;Quelle Ober Rueggis;Brünneliplanke;Glarus;8750;716800;211240;2120;Gemeinde Netstal;1690;;71621101;aus Plan gelesen;Trinkwasser;Alpgebäude;ab Fels;;unbekannt;unbekannt;Gemeinde Netstal;Hanspeter Spälti, Werkführer Netstal;Alp Rueggis Oberstafel, Schacht überdeckt, Quelle versiegt zeitweise;;28;;;;keine vorh.;;;R. Brunner;26.05.1998;28;16.07.1998;;WAHR;FALSCH;FALSCH;FALSCH
655;Quelle Schijen;Chli Gumen;Netstal;8754;718420;213230;2097;Gemeinde Netstal;2120;;71821301;aus Plan gelesen;Trinkwasser;Alpgebäude;ab Fels;sanierungsbedürftig;keine vorh.;kein Schacht;Gemeinde Netstal;Hanspeter Spälti, Werkführer Netstal29;Melkstand Schijen;;4;5;;;keine vorh.;;nein;R. Brunner;26.05.1998;;17.07.1998;;WAHR;FALSCH;FALSCH;FALSCH
656;Quelle Dejen;Dejen;Glarus;8750;718035;212380;2097;Gemeinde Netstal;1780;;71821201;aus Plan gelesen;Trinkwasser;Alpgebäude, Käserei;ab Fels;sanierungsbedürftig;keine vorh.;kein Schacht;Gemeinde Netstal;Hanspeter Spälti, Werkführer Netstal;Alp Dejen;;29;30;;;keine vorh.;;nein;R. Brunner;26.05.1998;30;16.07.1998;;WAHR;FALSCH;FALSCH;FALSCH
657;Quelle Wisswand;Wisswand;Luchsingen;8775;720880;203770;;Gebr. Figi;1150;0;72020307;aus Plan gelesen;Trinkwasser;WV Einzelliegenschaft;Sicker-/Zuleitung;gut;Eisendeckel;Brunnenstube;Gemeinde;Fritz Dönni, Werkführer Gde. Luchsingen;Quelle für 3 Familien;;7;8;;;keine vorh.;3;nein;R. Brunner;29.05.1998;32;04.09.1998;;WAHR;FALSCH;FALSCH;FALSCH
658;Quelle Birchen;Birchen;Luchsingen;8775;;;;;;;;;im Moment ungenutzt;;;;;;Gemeinde;;"Frühere Fassung für Mittelstafel; ersetzt durch Quelle Tierbrünnen --> nicht aufgenommen";;;;;;keine vorh.;;;;29.05.1998;;;27.08.1998;FALSCH;FALSCH;FALSCH;FALSCH
659;Quelle Tierbrunnen;Tierbrunnen;Luchsingen;8775;718130;203200;;Gde. Luchsingen;1505;0;71820301;aus Plan gelesen;Trinkwasser;Mittelstafel Bösbächi, (Bergwirtschaft??);Sicker-/Zuleitung;gut;Holz;Brunnenstube;Gemeinde;Fritz Dönni, Werkführer Gde. Luchsingen;"Neufassung 1996, kein Hausanschluss; gem. Angaben Lebensmittelinspekt von Feb. 2001: Wasser nicht für Wirtschaft, Versorgung für Bösbächi Mittelstafel (Mittelstafel).";;12;13;;;erforderlich;2;nein;R. Brunner;29.05.1998;24;27.08.1998;;WAHR;FALSCH;FALSCH;FALSCH
660;Quelle Platschgenboden;Platschgenboden;Luchsingen;8775;;;;;;;;;im Moment ungenutzt;;;;;;Gemeinde;;wird nicht mehr genutzt --> nicht aufgenommen;;;;;;;;;;29.05.1998;;;27.08.1998;FALSCH;FALSCH;FALSCH;FALSCH
661;Quelle Bösbächi Ober Stafel E;Ober Stafel;Luchsingen;8775;718480;202500;;Gde. Luchsingen;1695;50;71820201;aus Plan gelesen;Trinkwasser;Alpgebäude;Sicker-/Zuleitung;gut;Eisendeckel;Brunnenstube;Gemeinde;Fritz Dönni, Werkführer Gde. Luchsingen;;;9;10;;;keine vorh.;1;nein;R. Brunner;29.05.1998;25;27.08.1998;;WAHR;FALSCH;FALSCH;FALSCH
662;Quelle Oberblegi Unter Stafel;Unter Stafel;Luchsingen;8775;720000;204030;;Blumer Stiftung, Schwanden;1430;0;72020403;aus Plan gelesen;Trinkwasser;Alpgebäude;ab Fels;gut;Blech-Deckel;Brunnenstube;Gemeinde;Fritz Dönni, Werkführer Gde. Luchsingen;;;16;17;;;keine vorh.;0;nein;R. Brunner;29.05.1998;27;27.08.1998;;WAHR;FALSCH;FALSCH;FALSCH
663;"J10; Quelle Fruttberge 1";Sonnenberg;Linthal;8783;717107;196795;478;J. Zweifel;1050;0;71719606;aus Plan gelesen;Trinkwasser;WV Einzelliegenschaft;Sicker-/Zuleitung;gut;Betondeckel;Brunnenstube;Feldaufnahmen;Josef Zweifel-Heissenberger, Bazenheid;;;7;8;;;keine vorh.;2;nein;R. Brunner;01.09.1998;35;01.09.1998;;WAHR;FALSCH;FALSCH;FALSCH
664;J16, Quelle Fruttberge 2;Sonnenberg;Linthal;8783;717093;196755;478;J. Zweifel;1050;0;71719607;aus Plan gelesen;Trinkwasser;WV Einzelliegenschaft;Sicker-/Zuleitung;schlecht;Betondeckel;Brunnenstube;Gemeinde;J. Zweifel-Heissenberger, Bazenheid;;;9;10;;;keine vorh.;2;nein;R. Brunner;01.09.1998;36;01.09.1998;;WAHR;FALSCH;FALSCH;FALSCH
665;Lachenalp;Lachenalp Stafeli;Näfels;8752;715350;212670;10;Gemeinde Näfels;1580;0;71521201;aus Plan gelesen;Trinkwasser;Alpgebäude/Ferienhäuser;Sicker-/Zuleitung;gut;Betondeckel;Brunnenstube;Gemeinde;E. Schindler, Bauamt Näfels;2 separate Schächte für Zuläufe;;C33;C34;C35;;keine vorh.;2;nein;M. Simmler;04.06.1998;51;01.07.1998;;WAHR;FALSCH;FALSCH;FALSCH
666;Sülzli;Sülzli;Näfels;8752;716360;213900;10;Landolt Emil;1350;40;71621302;aus Plan gelesen;Trinkwasser;Alpgebäude;ab Fels;schlecht;Blech-Deckel;Brunnenstube;Gemeinde;Landolt Emil, Sonnenweg 6, 8752 Näfels;"Heuerhütte
Deckel nicht dicht";;C36;;;;keine vorh.;;nein;M. Simmler;04.06.1998;52;01.07.1998;;WAHR;FALSCH;FALSCH;FALSCH
667;Quelle Sulzboden;Schwämmli;Näfels;8752;716520;214710;10;Gemeinde Näfels;1305;40;71621401;aus Plan gelesen;Trinkwasser;Ferienhäuser;Sicker-/Zuleitung;gut;Betondeckel;Brunnenstube/Sammelschacht;Gemeinde;E. Schindler, Bauamt Näfels;renoviert 1994, einzelne Fassungen nicht zugänglich;;C37;C38;D1+2;;erforderlich;2;nein;M. Simmler;04.06.1998;53;01.07.1998;;WAHR;FALSCH;FALSCH;FALSCH
668;Quelle Rauti Alp;Alt Stafel;Näfels;8752;718090;214285;10;Gemeinde Näfels;1695;0;71821401;aus Plan gelesen;Trinkwasser;Alpgebäude;Sicker-/Zuleitung;sanierungsbedürftig;Eisendeckel;Brunnenstube;Gemeinde;E. Schindler, Bauamt Näfels;Versorgung Rauti-Alp;;C22;C23;C24;;keine vorh.;1;nein;M. Simmler;04.06.1998;54;01.07.1998;;WAHR;FALSCH;FALSCH;FALSCH
669;Quelle Grappli;Rautialp;Näfels;8752;717590;214050;10;Gemeinde Näfels;1590;0;71721401;aus Plan gelesen;Trinkwasser;Alpgebäude;Sicker-/Zuleitung;gut;Eisendeckel;Brunnenstube;Gemeinde;E. Schindler, Bauamt Näfels;Versorgung Grapplialp;;C27;C28;;;keine vorh.;1;nein;M. Simmler;04.06.1998;55;01.07.1998;;WAHR;FALSCH;FALSCH;FALSCH
670;Quelle Aellenboden;Aellenboden;Näfels;8752;717780;215760;10;Privat;1180;0;71721502;aus Plan gelesen;Trinkwasser;Alpgebäude;Sicker-/Zuleitung;gut;Betondeckel;Brunnenstube;Gemeinde;E. Schindler, Bauamt Näfels;Heuerhütten Aellenboden, via Widder;;D3;D4;D5;;keine vorh.;1;nein;M. Simmler;04.06.1998;56;01.07.1998;;WAHR;FALSCH;FALSCH;FALSCH
671;Quelle Kreuzegg;Kreuzegg;Näfels;8752;717970;215845;10;Privat;1095;0;71721504;aus Plan gelesen;Trinkwasser;Ferienhäuser;ab Fels;schlecht;Blech-Deckel;Brunnenstube;Gemeinde;Georg Müller-Harder, am Linthli 6, 8752 Näfels;;;J9;J10;;;keine vorh.;;nein;M. Simmler;04.06.1998;57;20.08.1998;;WAHR;FALSCH;FALSCH;FALSCH
672;Quelle Kreuzegg-Alp;Kreuzegg;Näfels;8752;718340;215770;10;Gemeinde Näfels;1020;0;71821501;aus Plan gelesen;Trinkwasser;Alpgebäude;Sicker-/Zuleitung;sanierungsbedürftig;Betondeckel;Brunnenstube;Gemeinde;E. Schindler, Bauamt Näfels;Versorgung Alp Kreuzegg;;J11;J12;;;keine vorh.;1;nein;M. Simmler;04.06.1998;58;20.08.1998;;WAHR;FALSCH;FALSCH;FALSCH
673;Quelle Ahornen-Alp;Ahornenalpli;Näfels;8752;716215;217450;10;Gemeinde Näfels;1520;20;71621701;aus Plan gelesen;Trinkwasser;Alpgebäude / Ferienhäuser;Sicker-/Zuleitung;gut;Türe;Brunnenstube;Gemeinde;E. Schindler, Bauamt Näfels;;;D8;D9;;;erforderlich;2;nein;M. Simmler;04.06.1998;59;01.07.1998;;WAHR;FALSCH;FALSCH;FALSCH
674;Quelle Sööli;Stäfeli;Näfels;8752;717900;217265;10;Heuer Sööli;1470;;71721703;aus Plan gelesen;Trinkwasser;Alpgebäude;Wasseraustritt;sanierungsbedürftig;keine vorh.;kein Schacht;Gemeinde;E. Schindler, Bauamt Näfels;fliesst via offene Holzleitung in Brunnen;;D13;D14;;;keine vorh.;;;M. Simmler;04.06.1998;60;01.07.1998;;WAHR;FALSCH;FALSCH;FALSCH
675;Quelle Enzian-Alp;Grubenwald;Näfels;8752;718830;216710;10;Gemeinde Näfels;1110;0;71821602;aus Plan gelesen;Trinkwasser;Alpgebäude;Sicker-/Zuleitung;gut;Betondeckel;Brunnenstube;Gemeinde;E. Schindler, Bauamt Näfels;Versorgung Enzian Alp;;J15;J16;;;keine vorh.;1;nein;M. Simmler;04.06.1998;61;20.08.1998;;WAHR;FALSCH;FALSCH;FALSCH
676;Quelle Obersee-Stafel;Enzianalp;Näfels;8752;718665;216450;10;R. Schindler Näfels;1070;10;71821603;aus Plan gelesen;Trinkwasser;Ferienhäuser;Sicker-/Zuleitung;gut;Betondeckel;Brunnenstube;Gemeinde;Reinhard Schindler, Herrenweg 30, 8752 Näfels;;;J17;J18;;;keine vorh.;1;nein;M. Simmler;04.06.1998;64;20.08.1998;;WAHR;FALSCH;FALSCH;FALSCH
677;Quelle Gwerb;Gwerb;Näfels;8752;719415;216730;10;Jos. Fischli;1040;50;71921601;aus Plan gelesen;Trinkwasser;WV Einzelliegenschaft;Sicker-/Zuleitung;gut;Betondeckel;Brunnenstube;Gemeinde;Jos. Fischli-Krähenmann, Villäggen 22, 8752 Näfels;;;J21;J22;;;keine vorh.;1;nein;M. Simmler;04.06.1998;63;20.08.1998;;WAHR;FALSCH;FALSCH;FALSCH
678;Quelle Feldmann 1;Enzianalp;Näfels;8752;718600;216315;10;Feldmann Fritz;1040;0;71821604;aus Plan gelesen;Trinkwasser;Ferienhäuser;Sicker-/Zuleitung;gut;Betondeckel;Brunnenstube;Feldaufnahmen;Fritz Feldmann-Zuberbühler, Asylstr. 40, 8750 Glarus;;;18;19;20;;keine vorh.;;nein;R. Brunner;04.06.1998;62;28.08.1998;;WAHR;FALSCH;FALSCH;FALSCH
679;Quelle Türliboden;Türliboden;Näfels;8752;719180;216720;;Hans Oswald;1060;;71921602;aus Plan gelesen;Trinkwasser;WV Einzelliegenschaft;Bachwasserfassung;sanierungsbedürftig;keine vorh.;kein Schacht;Gemeinde;Hans Oswald, Risi 28, 8752 Näfels;;;J23;J24;;;keine vorh.;;nein;M. Simmler;04.06.1998;65;20.08.1998;;WAHR;FALSCH;FALSCH;FALSCH
680;Quelle Sööliwald;Brunnmettlen;Näfels;8752;717925;216850;;Erbengemeinschaft Gallati;1240;50;71721602;aus Plan gelesen;Trinkwasser;WV Einzelliegenschaft;Sicker-/Zuleitung;schlecht;Pilzdeckel;Brunnenstube;Gemeinde;"Erbengemeinschaft R. Gallati; Prof. Dr. Felix Aeppli, Wirzenweid 23, 8053 Zürich";eigentliche Fassung nur mit Steinen eingedeckt;;D15;D16;;;keine vorh.;1;ja;M. Simmler;04.06.1998;66;01.07.1998;;WAHR;FALSCH;FALSCH;FALSCH
681;Quelle Wildhüterhütte;Chalberböden;Näfels;8752;718140;216685;10;Baudir. Kt. Glarus;1200;0;71821606;aus Plan gelesen;Trinkwasser;WV Einzelliegenschaft;Sicker-/Zuleitung;gut;Betondeckel;Brunnenstube;Gemeinde;"Wildhüter; Hans Fischli-Krieg, Büntgasse 5, 8752 Näfels";Wildhüterhütte;;D17;D18;;;keine vorh.;1;nein;M. Simmler;04.06.1998;67;01.07.1998;;WAHR;FALSCH;FALSCH;FALSCH
682;Quelle Tros;Tros;Näfels;8752;720180;214900;10;Gemeinde Näfels;1700;;;aus Plan gelesen;Brauchwasser;Vieh-Tränke;;;;;Gemeinde;E. Schindler, Bauamt Näfels;nicht aufgenommen;;;;;;keine vorh.;;;;04.06.1998;;;20.08.1998;FALSCH;FALSCH;FALSCH;FALSCH
683;Quelle Inner Wiggis;Inner Wiggis;Näfels;8752;722180;215800;10;Landolt Alfred;920;;72221501;aus Plan gelesen;Trinkwasser;Alpgebäude;ab Fels;schlecht;;kein Schacht;Gemeinde;Alfred Landolt-Noser, Glärnischstr. 17, 8868 Oberurnen;Haupt- + Nebenquelle, ein Teil des Wassers läuft direkt zur Hütte;;J4;J5;J6;;keine vorh.;2;nein;M. Simmler;04.06.1998;69;20.08.1998;;WAHR;FALSCH;FALSCH;FALSCH
684;Quelle Geissgaden-Chöpf;Geissgadenälpli;Näfels;8752;719090;217555;;F. Landolt-Hauser;1285;0;71921701;aus Plan gelesen;Trinkwasser;WV Einzelliegenschaft (Ferienhaus);Sicker-/Zuleitung;sanierungsbedürftig;Holz;Brunnenstube;Gemeinde;Florentin Landolt-Hauser, Glärnischstr. 4, 8752 Näfels;;;J27;J28;;;keine vorh.;1;nein;M. Simmler;04.06.1998;70;20.08.1998;;WAHR;FALSCH;FALSCH;FALSCH
685;Quelle Girsboden;Girsboden;Näfels;8752;719075;217420;;Rentsch;1250;0;71921704;aus Plan gelesen;Trinkwasser;WV Einzelliegenschaft;Sicker-/Zuleitung;sanierungsbedürftig;Holz;Brunnenstube;Gemeinde;E. Schindler, Bauamt Näfels;;;J31;J32;;;keine vorh.;1;nein;M. Simmler;04.06.1998;73;20.08.1998;;WAHR;FALSCH;FALSCH;FALSCH
686;Quelle Seebli;Seebli;Obstalden;8875;730590;218750;;Menzi und Grob;920;10;73021804;aus Plan gelesen;im Moment ungenutzt;Stallbrunnen;unbekannt;sanierungsbedürftig;Holz;Pumpenschacht;Gemeinde Obstalden;J. Grob, Werkführer Obstalden;;;E26;;;;keine vorh.;;nein;M. Simmler;09.06.1998;61;06.07.1998;;WAHR;FALSCH;FALSCH;FALSCH
687;Quelle Gschi a;Meerenalp;Obstalden;8875;731060;216150;;Neue Alpgenossame;1580;;73121601;aus Plan gelesen;Trinkwasser;Alpgebäude;Sicker-/Zuleitung;gut;Türe;Brunnenstube;Gemeinde Obstalden;J. Grob, Werkführer Obstalden;;;I26;I27;;;keine vorh.;2;ja;M. Simmler;09.06.1998;49a;18.08.1998;;WAHR;FALSCH;FALSCH;FALSCH
688;Quelle Gerstli;Unter Mürtschen;Obstalden;8875;;;;Neue Alpgenossame;;;;;Trinkwasser;Alpgebäude;;;;;Gemeinde Obstalden;;;;;;;;keine vorh.;;;;09.06.1998;;;;FALSCH;FALSCH;FALSCH;FALSCH
689;Quelle Obere Matt;Ober Mürtschen;Obstalden;8875;;;;Neue Alpgenossame;;;;;;;;;;;Gemeinde Obstalden;;;;;;;;;;;;09.06.1998;;;;FALSCH;FALSCH;FALSCH;FALSCH
690;Quelle Gsponlauihütte;Bärenboden;Obstalden;8875;731980;215350;;Neue Alpgenossame;1811;;73121501;aus Plan gelesen;Trinkwasser;Alpgebäude;unbekannt;?;?;?;Gemeinde Obstalden;J. Grob, Werkführer Obstalden;Schlüssel nicht vorhanden;;K32;K33;;;keine vorh.;;ja;M. Simmler;09.06.1998;50;21.08.1998;;WAHR;FALSCH;FALSCH;FALSCH
691;Quelle Gleiter;Laui;Obstalden;8875;731190;216790;;Alte Alpgenossame;1520;;73121605;aus Plan gelesen;Trinkwasser;Alpgebäude;ab Fels;sanierungsbedürftig;Holz;kein Schacht;Gemeinde Obstalden;J. Grob, Werkführer Obstalden;;;I16;I17;;;keine vorh.;;nein;M. Simmler;09.06.1998;47;18.08.1998;;WAHR;FALSCH;FALSCH;FALSCH
692;Quelle Alp Firz a;Alp Firz;Obstalden;8875;731670;216830;;Alte Alpgenossame;1650;0;73121606;aus Plan gelesen;Trinkwasser;Alpgebäude;ab Fels;sanierungsbedürftig;Betondeckel;Brunnenstube;Gemeinde Obstalden;J. Grob, Werkführer Obstalden;;;I18;;;;keine vorh.;;nein;M. Simmler;09.06.1998;48a;18.08.1998;;WAHR;FALSCH;FALSCH;FALSCH
693;Quelle Plättli;Hauenbüchel;Engi;8765;733400;208020;;Gemeinde Engi;1550;0;73320801;aus Plan gelesen;Trinkwasser;Alpgebäude;ab Fels;sanierungsbedürftig;Steinplatte;Brunnenstube;Gemeinde;Fux Ernst, Werkführer Engi;;;22;;;;keine vorh.;0;nein;Brunner;15.06.1998;22;19.10.1999;;WAHR;FALSCH;FALSCH;FALSCH
694;Quelle Nool;Noolwald;Mollis;8753;;;;Fritz Mühlemann;960;;;aus Plan gelesen;Brauchwasser;;;;;;Gemeinde;Fritz Mühlemann;Quellschacht nicht gefunden;;;;;;;;;;15.06.1998;51;;02.07.1999;FALSCH;FALSCH;FALSCH;FALSCH
695;Quelle Höchenberg;Höchenberg;Mollis;8753;726330;219385;;M. Weber-Schudel;860;0;72621902;aus Plan gelesen;Trinkwasser;2 Liegenschaften;Sicker-/Zuleitung;gut-schlecht;Betondeckel;Brunnenstube;Gemeinde;Michael Weber-Schudel, Höchenberg;;;26;27;;;keine vorh.;3;nein;Brunner;15.06.1998;52;29.06.1999;;WAHR;FALSCH;FALSCH;FALSCH
696;Quelle Schwändeli 1;Schwändeli;Mollis;8753;724770;217320;;Doris Beglinger;540;0;72421702;aus Plan gelesen;Brauchwasser;Stall+Brunnen;Bachwasserfassung;schlecht;Holz;Brunnenstube;Gemeinde;Doris Beglinger, Niderwilerstr., Mollis;;;12;13;;;keine vorh.;;;Brunner;15.06.1998;53;02.07.1999;;WAHR;FALSCH;FALSCH;FALSCH
697;Quelle Bäch;Hinterfacht;Mollis;8753;;;;Gemeinde Mollis;480;;;aus Plan gelesen;Trinkwasser;;;;;;Gemeinde;Ernst Bühler, Werkführer Mollis;identisch Eggli;;;;;;;;;;15.06.1998;54;;15.07.1999;FALSCH;FALSCH;FALSCH;FALSCH
698;Quelle Ruhstelli-Guggerrüsli;Ruhstelli;Mollis;8753;724720;215755;;F. Weber-Müller;720;0;72421503;aus Plan gelesen;Trinkwasser;2 Ferienhäuser+Gade;Bachwasserfassung;schlecht;Gitter;Brunnenstube;Gemeinde;Felix Weber-Müller, Rütelistr., Mollis;;;9;10;;;keine vorh.;1;nein;Brunner;15.06.1998;55;02.07.1999;;WAHR;FALSCH;FALSCH;FALSCH
699;Quelle Bodenwald;Bodenwald;Mollis;8753;;;;;450;;;aus Plan gelesen;im Moment ungenutzt;Biotop;;;;;Gemeinde;Ernst Bühler, Werkführer Mollis;;;;;;;;;;;15.06.1998;56;;02.07.1999;FALSCH;FALSCH;FALSCH;FALSCH
700;Quelle Mullern 1;unteres Mättli;Mollis;8753;726900;217225;;Wasserkorporation Mullern;1550;40;72621703;aus Plan gelesen;Trinkwasser;WV Mullern,Rest.Alpenrösli, Ferien- und Wohnhäuser;Sicker-/Zuleitung;gut;Eisendeckel 4 Kant;Brunnenstube;Gemeinde;J. Winteler-Tresch, Landwirt, Mullern;;;32;33;34;;erforderlich;1;nein;Brunner;15.06.1998;57;29.06.1999;;WAHR;FALSCH;FALSCH;FALSCH
701;Quelle Mullern 3;unteres Mättli;Mollis;8753;726780;217225;;Wasserkorporation Mullern;1505;30;72621704;aus Plan gelesen;Trinkwasser;WV Mullern,Rest. Alpenrösli, Ferien- und Wohnhäus.;Sicker-/Zuleitung;gut;Eisendeckel 4 Kant;Brunnenstube;Gemeinde;J. Winteler-Tresch, Mullern;;;1;2;;;erforderlich;2;nein;Brunner;15.06.1998;58;29.06.1999;;WAHR;FALSCH;FALSCH;FALSCH
702;Quelle altes Rietegghüttli 4;altes Rietegghüttli;Mollis;8753;726760;217290;;Wasserkorporation Mullern;1485;30;72621705;aus Plan gelesen;Trinkwasser;WV Mullern,Rest. Alpenrösli, Ferien- und Wohnhäus.;Sicker-/Zuleitung;gut;Eisendeckel 4 Kant;Brunnenstube;Gemeinde;J. Winteler-Tresch, Mullern;;;3;4;;;erforderlich;1;nein;Brunner;15.06.1998;59;29.06.1999;;WAHR;FALSCH;FALSCH;FALSCH
703;Quelle Rietegg 2;Rietegg;Mollis;8753;726510;217310;;Wasserkorporation Mullern;1390;30;72621706;aus Plan gelesen;Trinkwasser;WV Mullern,Rest. Alpenrösli, Ferien- und Wohnhäus.;Sicker-/Zuleitung;gut;Eisendeckel 4 Kant;Brunnenstube;Gemeinde;J. Winteler-Tresch, Mullern;;;7;8;;;erforderlich;1;nein;Brunner;15.06.1998;60;29.06.1999;;WAHR;FALSCH;FALSCH;FALSCH
704;Quelle Rietegg 3;Rietegg;Mollis;8753;726510;217280;;Wasserkorporation Mullern;1390;30;72621707;aus Plan gelesen;Trinkwasser;WV Mullern,Rest. Alpenrösli, Ferien- und Wohnhäus.;Sicker-/Zuleitung;gut;Eisendeckel mit 4 Kant;Brunnenstube;Gemeinde;J. Winteler-Tresch, Mullern;;;9;10;11;;erforderlich;2;nein;Brunner;15.06.1998;61;29.06.1999;;WAHR;FALSCH;FALSCH;FALSCH
705;Quelle Rietegg 2;Fug;Mollis;8753;726870;217390;;Gemeinde Mollis;1550;40;72621708;aus Plan gelesen;Trinkwasser;2 Brunnen, Rietegghüttli;Sicker-/Zuleitung;gut;Pilzdeckel feuerverzinkt;Brunnenstube/Sammelschacht;Gemeinde;Ernst Bühler, Werkführer Mollis;Anzahl Zuleitungen:1Quelle + Zuleitung von 1;;28;29;;;keine vorh.;;ja;Brunner;15.06.1998;62;29.06.1999;;WAHR;FALSCH;FALSCH;FALSCH
706;Quelle Rietegg 1;Fug;Mollis;8753;726930;217400;;Gemeinde Mollis;1570;50;72621709;aus Plan gelesen;Trinkwasser;2 Brunnen, Rietegghüttli;Sicker-/Zuleitung;gut;Pilzdeckel feuerverzinkt;Brunnenstube;Gemeinde;Ernst Bühler, Werkführer Mollis;;;30;31;;;keine vorh.;2;ja;Brunner;15.06.1998;63;29.06.1999;;WAHR;FALSCH;FALSCH;FALSCH
707;Quelle Untere Nüenalp 1;Chalberweid-Rietegg;Mollis;8753;726325;217440;;Gemeinde Mollis;1350;30;72621710;aus Plan gelesen;Trinkwasser;Alpgebäude;Sicker-/Zuleitung;gut;Briner Deckel;Brunnenstube;Gemeinde;Ernst Bühler, Werkführer Mollis;für untere Nüenalp;;12;13;;;keine vorh.;1;ja;Brunner;15.06.1998;64;29.06.1999;;WAHR;FALSCH;FALSCH;FALSCH
708;Quelle Bächruns 2;im Bächrüsli;Mollis;8753;725360;216410;;Gemeinde Mollis;800;0;72521609;aus Plan gelesen;Trinkwasser;WV Gemeinde;Sicker-/Zuleitung;gut;Eisendeckel 4 Kant;Brunnenstube;Gemeinde;Ernst Bühler, Werkführer Mollis;"Quellen im Schacht kurzgeschlossen
-Sammelschacht";;29;30;;;definitiv;1;nein;Brunner;15.06.1998;65;28.06.1999;;WAHR;FALSCH;FALSCH;FALSCH
709;Quelle Bächruns 1;im Bächrüsli oben;Mollis;8753;725390;216400;;Gemeinde Mollis;820;0;72521610;aus Plan gelesen;Trinkwasser;WV Gemeinde;Sicker-/Zuleitung;gut;Pilzdeckel ROMAG;Brunnenstube;Gemeinde;Ernst Bühler, Werkführer Mollis;"Quellen im Schacht kurzgeschlossen
-Sammenschacht";;27;28;;;definitiv;2;ja;Brunner;15.06.1998;66;28.06.1999;;WAHR;FALSCH;FALSCH;FALSCH
710;Quelle Fenchern;Fenchern;Mollis;8753;724605;218470;;H. Dürst;630;0;72421801;aus Plan gelesen;Brauchwasser;Stallbrunnen;Sicker-/Zuleitung;gut;Eisendeckel 4 kant.;Brunnenstube/Reservoir;Gemeinde;H. Dürst-Bäbler, Beglingen, Mollis;;;18;19;;;keine vorh.;1;;Brunner;15.06.1998;67;02.07.1999;;WAHR;FALSCH;FALSCH;FALSCH
711;Quelle Haselegg;Haselegg;Mollis;8753;724935;218975;;M. Weber-Tinner;640;0;72421802;aus Plan gelesen;Trinkwasser;WV Einzelliegenschaft;Sicker-/Zuleitung;gut;Eternit-Schacht;Brunnenstube/Reservoir;Gemeinde;M. Weber-Tinner, Haselegg, Mollis;;;20;21;;;keine vorh.;1;;Brunner;15.06.1998;68;02.07.1999;;WAHR;FALSCH;FALSCH;FALSCH
712;Quelle Eggenwald 1;Eggenwald;Mollis;8753;725285;218445;;F. Leuzinger-Heer/Lütschg/Figi;880;;72521804;aus Plan gelesen;Trinkwasser;Wohnhäuser + Stalle;ab Fels;schlecht;Holz;Brunnenstube;Gemeinde;F. Leuzinger-Heer, Oberrusteln;;;2;;;;keine vorh.;2;nein;Brunner;15.06.1998;69;29.06.1999;;WAHR;FALSCH;FALSCH;FALSCH
713;Quelle Ruhstelli (Jenny);Ruhstelli;Mollis;8753;724625;215870;;K. Müller;670;0;72421504;aus Plan gelesen;Trinkwasser;2 Ferienhäuser + 1 Gade;ab Fels;schlecht;Blech;Brunnenstube;Gemeinde;K. Müller-Jenny, Ennenda;"z.Z. ungenutzt - Unwetterschäden
-Brunnenstube voll Sand";;11;;;;keine vorh.;;;Brunner;15.06.1998;70;02.07.1999;;WAHR;FALSCH;FALSCH;FALSCH
714;Jägerhüttenquelle 2;Unter Niederen;Bilten;8865;718140;221940;;Tagwen Bilten;1250;10;71822104;aus Plan gelesen;Trinkwasser;Jägerhütte;Sicker-/Zuleitung;gut;Betondeckel;Brunnenstube;Gemeinde;Herr Winteler, Bauamt Bilten;1998 gefasst;;A9;A10;;;keine vorh.;1;nein;M. Simmler;19.06.1998;45;19.06.1998;;WAHR;FALSCH;FALSCH;FALSCH
715;Quelle Unter Niederen;ober Niederen;Bilten;8865;718490;221650;;Tagwen Bilten;1420;0;71822105;aus Plan gelesen;Trinkwasser;Alpgebäude;Sicker-/Zuleitung;gut;Eisendeckel;Brunnenstube;Gemeinde;Herr Winteler, Bauamt Bilten;läuft mit 718/221-101 ins Reservoir;;A13;A14;;;keine vorh.;1;nein;M. Simmler;19.06.1998;46;19.06.1998;;WAHR;FALSCH;FALSCH;FALSCH
716;Quelle Ober Niederen;Hirzli;Bilten;8865;718860;221575;;Tagwen Bilten;1530;0;71822106;aus Plan gelesen;Trinkwasser;Alpgebäude;Sicker-/Zuleitung;gut;Eisendeckel;Brunnenstube;Gemeinde;Herr Winteler, Bauamt Bilten;läuft in Sammelschacht von 718/221-103;;A18;A19;;;keine vorh.;1;nein;M. Simmler;19.06.1998;47;19.06.1998;;WAHR;FALSCH;FALSCH;FALSCH
717;Quelle Ober Niederen;Hirzli;Bilten;8865;718740;221595;;Tagwen Bilten;1540;0;71822107;aus Plan gelesen;Trinkwasser;Alpgebäude;ab Fels;schlecht;Eisendeckel;Brunnenstube;Gemeinde;Herr Winteler, Bauamt Bilten;läuft in Sammelschacht von 718/221-103;;A20;;;;keine vorh.;;nein;M. Simmler;19.06.1998;48;19.06.1998;;WAHR;FALSCH;FALSCH;FALSCH
718;Quelle Ober Nideren;Hirzli;Bilten;8865;718710;221600;;Tagwen Bilten;1540;10;71822108;aus Plan gelesen;Trinkwasser;Alpgebäude;Sicker-/Zuleitung;gut;Eisendeckel;Brunnenstube;Gemeinde;Herr Winteler, Bauamt Bilten;läuft in Leitung von 718/221-103;;A21;;;;keine vorh.;1;nein;M. Simmler;19.06.1998;49;19.06.1998;;WAHR;FALSCH;FALSCH;FALSCH
719;Unterbiltner Brunnenquelle (mitte);Hintere Wegscheide;Bilten;8865;719500;223280;1;Gde. Bilten;500;0;71922307;aus Plan gelesen;Brauchwasser;Dorfbrunnen;Stollen;schlecht;Blechtor;Brunnenstube;Gemeinde;Herr Winteler, Bauamt Bilten;;;B35;B36;;;keine vorh.;1;nein;M. Simmler;23.06.1998;50;23.06.1998;;WAHR;FALSCH;FALSCH;FALSCH
720;Unterbiltner Brunnenquelle (unten);Hinter Wegscheide;Bilten;8865;719550;223290;;Gde. Bilten;490;0;71922308;aus Plan gelesen;Brauchwasser;Dorfbrunnen;Stollen;schlecht;Blechtor;Brunnenstube;Gemeinde;Herr Winteler, Bauamt Bilten;;;B37;B38;;;keine vorh.;1;nein;M. Simmler;23.06.1998;51;23.06.1998;;WAHR;FALSCH;FALSCH;FALSCH
721;Quelle Chalet Maya;;Bilten;8865;719956;223030;;Gde. Bilten;440;;71922309;aus Plan gelesen;Brauchwasser;Brunnen;unbekannt;unbekannt;unbekannt;unbekannt;Gemeinde;Herr Winteler, Bauamt Bilten;Leitung läuft in Brunnen bei Chalet Maya;;C16;;;;keine vorh.;;;M. Simmler;23.06.1998;52;23.06.1998;;WAHR;FALSCH;FALSCH;FALSCH
722;Quelle Pfändlergut;Pfändlergut;Nidfurn;8772;723170;205380;72;Gebr. Hefti;558;;72320508;aus Plan gelesen;Brauchwasser;Stallbrunnen;Hohlgraben;unbekannt;unbekannt;Brunnenstube;Gemeinde;Gebr. Hefti, Grub, Nidfurn;Fassung überdeckt;;26;;;;keine vorh.;1;nein;R. Brunner;09.07.1998;21;20.07.1998;;WAHR;FALSCH;FALSCH;FALSCH
723;Quelle Leuggelenberg;Wildenberg;Nidfurn;8772;722460;205710;186;Zimmermann/Luchsinger;925;10;72220513;aus Plan gelesen;Trinkwasser;WV Einzelliegenschaft;Sicker-/Zuleitung;gut;Betondeckel;Brunnenstube;Gemeinde;"Fritz Zimmermann, Wigellen, Schwändi; Fritz Luchsinger, Thon 15, Schwanden";;;28;29;;;keine vorh.;1;nein;R. Brunner;09.07.1998;23;20.07.1998;;WAHR;FALSCH;FALSCH;FALSCH
724;Quelle Leuggelenberg;Wildenberg;Nidfurn;8772;722440;205765;186;Rüegg/Zimmermann;945;40;72220512;aus Plan gelesen;Trinkwasser;Bergwirtschaft, Alpgebäude;Sicker-/Zuleitung;gut;Pilzdeckel;Brunnenstube/Reservoir;Gemeinde;"Fritz Zimmermann-Zimmermann, Wygellen, Schändi; Emil Rüegg-Knobel, Herrenstr., Schwanden";"Rest. Alpenblick (Rüegg); 2 Brunnen (Zimmermann)";;27;;;;erforderlich;1;ja;R. Brunner;09.07.1998;22;20.07.1998;;WAHR;FALSCH;FALSCH;FALSCH
725;Quelle Schwändibord 36.2;Schwändibord;Haslen;8773;724285;204628;;Gde. Schwanden;907.25;50;72420411;Geometeraufnahmen;Trinkwasser;WV Gemeinde Schwanden;Sicker-/Zuleitung;SVGW-Konform;Pilzdeckel;Sammelschacht;Gemeinde;J. Tschudi, WV Gde. Schwanden;Quelle läuft direkt in Sammelbrunnenstube 39;;G24;G25;;;definitiv;3;ja;M. Simmler;27.07.1998;6;04.08.1998;;WAHR;FALSCH;FALSCH;FALSCH
726;Quelle Weidrunse 46;Weidrunse;Schwanden;8762;724464;205131;;Gde. Schwanden;804.4199829;50;72420505;Geometeraufnahmen;Trinkwasser;WV Gemeinde;Sicker-/Zuleitung;SVGW-Konform;Pilzdeckel;Sammelschacht;Gemeinde;J. Tschudi, Werkführer Schwanden;Quelle läuft direkt in Sammelbrunnenstube 45;;H8;;;;definitiv;2;ja;M. Simmler;27.07.1998;46;04.08.1998;;WAHR;FALSCH;FALSCH;FALSCH
727;Niederenalp;Kärpfhüttli;Schwanden;8762;726265;200015;;Gde. Schwaden;1960;70;72620001;aus Plan gelesen;Trinkwasser;Alpgebäude;Sicker-/Zuleitung;gut;Eisendeckel;Brunnenstube;Gemeinde;J. Tschudi, Schwaden;;;H31;H32;;;keine vorh.;1;ja;M. Simmler;27.07.1998;182;05.08.1998;;WAHR;FALSCH;FALSCH;FALSCH
728;Niederenalp;Oberstafel;Schwanden;8762;726760;200015;;Gde. Schwanden;1810;0;72620002;aus Plan gelesen;Trinkwasser;Alpgebäude;Sicker-/Zuleitung;gut;Eisendeckel;Brunnenstube;Gemeinde;J. Tschudi, Werkführer Schwanden;;;H29;H30;;;keine vorh.;1;ja;M. Simmler;27.07.1998;181;05.08.1998;;WAHR;FALSCH;FALSCH;FALSCH
729;Quelle Berggasthaus Mettmen;Wysbach/Widerstein;Schwanden;8762;727025;201865;;div.;1780;20;72720101;aus Plan gelesen;Trinkwasser;Bergwirtschaft;Sicker-/Zuleitung;gut;Blech-Deckel;Brunnenstube;Gemeinde;J. Tschudi, Werkführer Schwanden;;;H33;H34;;;erforderlich;1;nein;M. Simmler;27.07.1998;180;05.08.1998;;WAHR;FALSCH;FALSCH;FALSCH
730;Quelle Mettmenalp;Schwirrwald;Schwanden;8762;726560;202920;;Gde. Schwanden;1630;0;72620201;aus Plan gelesen;Trinkwasser;Alpgebäude;ab Fels;sanierungsbedürftig;Betondeckel;Brunnenstube;Gemeinde;J. Tschudi, Werkführer Schwanden;"versorgt auch Naturfreundehaus Mettmen; Wasser nur teilweise gefasst";;I6;I7;;;keine vorh.;;nein;M. Simmler;27.07.1998;169;05.08.1998;;WAHR;FALSCH;FALSCH;FALSCH
731;WV Gandbütz - Seebödeli;Schafleger;Schwanden;8762;727290;202610;;Gde. Schwadnen;2040;;72720201;aus Plan gelesen;Trinkwasser;Alpgebäude;ab Fels;schlecht;Stein;kein Schacht;Gemeinde;J. Tschudi, Werkführer Schwanden;mehrere km lange Leitung zu Hütten;;H35;H36;;;keine vorh.;1;nein;M. Simmler;27.07.1998;170;05.08.1998;;WAHR;FALSCH;FALSCH;FALSCH
732;WV Nüenhütte;Mitlist;Schwanden;8762;727110;204125;;Gde. Schwanden;1702;0;72720401;aus Plan gelesen;Trinkwasser;Alpgebäude;Sicker-/Zuleitung;gut;Eisendeckel;Brunnenstube;Gemeinde;J. Tschudi, Werkführer Schwanden;S1 eingezäunt;;I3;I4;I5;;;2;ja;M. Simmler;27.07.1998;171;05.08.1998;;WAHR;FALSCH;FALSCH;FALSCH
733;WV Nüenhütte;Schwamm;Schwanden;8762;726795;204615;;Gde. Schwanden;1610;0;72620401;aus Plan gelesen;Trinkwasser;Alpgebäude;ab Fels;gut;Betondeckel;Brunnenstube;Gemeinde;J. Tschudi, Werkführer Schwanden;Wasser nur z.T. gefasst, Fassung eingezäunt;;H37;I1;I2;;;;nein;M. Simmler;27.07.1998;172;05.08.1998;;WAHR;FALSCH;FALSCH;FALSCH
734;Quelle Dreggweg;Dreggweg;Schwanden;8762;725555;203780;;;1020;0;72520303;aus Plan gelesen;Trinkwasser;Ferienhäuser;Sicker-/Zuleitung;gut;Betondeckel;Brunnenstube;Gemeinde;J. Tschudi, Werkführer Schwanden;;;M3;M4;;;keine vorh.;1;nein;M. Simmler;27.07.1998;167;09.10.1998;;WAHR;FALSCH;FALSCH;FALSCH
735;Cholboden;Chletterschwändi;Schwanden;8762;725410;203640;;;1110;0;72520304;aus Plan gelesen;Trinkwasser;Ferienhäuser;Sicker-/Zuleitung;gut;Eternit;Brunnenstube;Gemeinde;J. Tschudi, Werkführer Schwanden;;;L34;L35;;;keine vorh.;1;nein;M. Simmler;27.07.1998;166;09.10.1998;;WAHR;FALSCH;FALSCH;FALSCH
736;Cholboden;Dreggwegrus;Schwanden;8762;725385;203700;;;1090;;72520301;aus Plan gelesen;im Moment ungenutzt;;Sicker-/Zuleitung;;;;Gemeinde;J. Tschudi, Werkführer Schwanden;Quelle soll für Talstation Lufteilbahn und Alpgebäude Chies gefasst werden (1998);;L36;;;;keine vorh.;1;;M. Simmler;27.07.1998;165;09.10.1998;;WAHR;FALSCH;FALSCH;FALSCH
737;Elmen;Schattenplangge;Schwanden;8762;725055;203675;;Gde. Schwanden;1215;0;72520302;aus Plan gelesen;Trinkwasser;Alpgebäude/Ferienhaus;Sicker-/Zuleitung;schlecht;Betondeckel;Brunnenstube;Gemeinde;J. Tschudi, Werkführer Schwanden;;;L37;M1;M2;;keine vorh.;1;nein;M. Simmler;27.07.1998;164;09.10.1998;;WAHR;FALSCH;FALSCH;FALSCH
738;Quelle Rest. Fryberg;Birchen;Schwanden;8762;725375;204050;;H. Polli, Schwanden;1050;0;72520402;aus Plan gelesen;Trinkwasser;Bergwirtschaft;Sicker-/Zuleitung;gut;Betondeckel;Brunnenstube;Gemeinde;J. Tschudi, Werkführer Schwanden;;;M4;M5;;;erforderlich;1;nein;M. Simmler;27.07.1998;163;09.10.1998;;WAHR;FALSCH;FALSCH;FALSCH
739;Guppen Mittelstafel;Hüttenrain;Schwanden;8762;721925;207230;;Gde. Schwanden;1300;10;72120703;aus Plan gelesen;Trinkwasser;Alpgebäude;Sicker-/Zuleitung;gut;Eisendeckel;Brunnenstube;Gemeinde;J. Tschudi, Werkführer Schwanden;;;L28;L29;;;keine vorh.;1;ja;M. Simmler;27.07.1998;157;09.10.1998;;WAHR;FALSCH;FALSCH;FALSCH
740;Guppen-Oberstafel;Heuberge;Schwanden;8762;720698;206380;;Gde. Schwanden;1785;0;72020601;aus Plan gelesen;Trinkwasser;Alpgebäude;Bachwasserfassung;gut;Holz;Brunnenstube;Gemeinde;J. Tschudi, Werkführer Schwanden;;;L25;L26;L27;;keine vorh.;1;nein;M. Simmler;27.07.1998;158;09.10.1998;;WAHR;FALSCH;FALSCH;FALSCH
741;Chatzenrittwald;zwischen den Strassen;Schwanden;8762;;;;;720;;;aus Plan gelesen;im Moment ungenutzt;;;;;;Gemeinde;J. Tschudi, Werkführer Schwanden;ungenutzt, nicht aufgenommen;;;;;;;;;;27.07.1998;160;;04.08.1998;FALSCH;FALSCH;FALSCH;FALSCH
742;Alter Niederenweg;Chatzenrittquelle;Schwanden;8762;725350;205720;;Gde. Schwanden;670;;72520501;aus Plan gelesen;Trinkwasser;Wegbrunnen;Sicker-/Zuleitung;sanierungsbedürftig;keine vorh.;kein Schacht;Gemeinde;J. Tschudi, Werkführer Schwanden;;;H20;H21;;;keine vorh.;1;nein;M. Simmler;27.07.1998;161;04.08.1998;;WAHR;FALSCH;FALSCH;FALSCH
743;Schwändibordquelle Stäfnerhaus 39;Schwändibort;Haslen;8773;;;;Turnverein Stäfa;880;0;;aus Plan gelesen;Trinkwasser;WV Einzelliegenschaft;Sicker-/Zuleitung;schlecht;Eisendeckel;Brunnenstube;Gemeinde;J. Tschudi, WV Gde. Schwanden;;;L32;L33;;;keine vorh.;1;;M.Simmler;27.07.1998;;09.10.1998;;FALSCH;FALSCH;FALSCH;FALSCH
744;Quelle im Gwürz;Gwürz;Filzbach;8757;728030;219570;3;H. Menzi-Grossenbacher;820;;72821903;aus Plan gelesen;Trinkwasser;Einzelliegenschaft;ab Fels;gut;Eisentor;Brunnenstube;Gemeinde;H. Menzi-Grossenbacher, Schluchen, Filzbach;;;33;34;35;;;;nein;Brunner;07.09.1998;11;30.06.1999;;WAHR;FALSCH;FALSCH;FALSCH
745;Quelle im Suunberg, 1;Suunberg;Filzbach;8757;729060;219735;101;Hans Menzi-Dürst;880;0;72921904;aus Plan gelesen;Trinkwasser;2 Liegenschaften;ab Fels;sanierungsbedürftig;Blech-Deckel;Brunnenstube;Gemeinde;H. Menzi-Dürst, Reutegg, Filzbach;;;8;9;;;keine vorh.;0;nein;Brunner;07.09.1998;12;30.06.1999;;WAHR;FALSCH;FALSCH;FALSCH
746;Tränggi;Tränggi;Filzbach;8757;728815;220035;92;Frieda Menzi;735;0;72822001;aus Plan gelesen;Trinkwasser;WV Einzelliegenschaft;Sicker-/Zuleitung;sanierungsbedürftig;Holz;Brunnenstube;Gemeinde;Frau Frieda Menzi, Tränggi Filzbach;;;17;18;;;keine vorh.;1;nein;Brunner;07.09.1998;14;30.06.1999;;WAHR;FALSCH;FALSCH;FALSCH
747;Quelle Oberheimet 1;Oberheimet;Filzbach;8757;728360;219770;;Ueli Menzi / Jakob Kamm;790;;72821907;aus Plan gelesen;Trinkwasser;WV Einzelliegenschaft / Stall;ab Fels;sanierungsbedürftig;Fels;Brunnenstube;Gemeinde;Ueli Menzi, Oberheimet Filzbach;;;19;20;;;keine vorh.;;;Brunner;07.09.1998;15;30.06.1999;;WAHR;WAHR;FALSCH;FALSCH
748;Quelle Obere Eggen, 1;Eggen;Filzbach;8757;728200;219705;461;Wilhelm Kamm;815;0;72821904;aus Plan gelesen;Trinkwasser;WV Einzelliegenschaft;Sicker-/Zuleitung;gut;Betondeckel;Brunnenstube;Gemeinde;Wilhelm + Hans Kamm, Bahnhofstr. 3, 8360 Eschlikon;;;25;26;;;keine vorh.;2;nein;Brunner;07.09.1998;13;30.06.1999;;WAHR;FALSCH;FALSCH;FALSCH
749;Quelle Loch 3;Loch;Matt;8766;730455;201545;;Gde. Matt;1320;;73020102;aus Plan gelesen;Trinkwasser;WV Gemeinde;Sicker-/Zuleitung;gut;Eisentor;Brunnenstube;Feldaufnahmen;Christoph Marti, Werkführer Matt;;;10;11;;;definitiv;3;ja;Brunner;18.10.1999;;18.10.1999;;WAHR;FALSCH;FALSCH;FALSCH
750;Rauti-Alp;Rautialp;Näfels;8752;718100;214305;;Gemeinde;1695;0;71821402;aus Plan gelesen;Trinkwasser;Alpgebäude;Stollen;sanierungsbedürftig;Eternit;Brunnenstube;Feldaufnahmen;E. Schindler, Bauamt Näfels;;;C25;C26;;;keine vorh.;1;nein;M. Simmler;01.07.1998;54b;01.07.1998;;WAHR;FALSCH;FALSCH;FALSCH
751;Quelle Sulz;Sulz;Näfels;8752;716115;213655;;Privat;1360;;71621303;aus Plan gelesen;Trinkwasser;WV Einzelliegenschaft;Bachwasserfassung;sanierungsbedürftig;keine vorh.;kein Schacht;Feldaufnahmen;E. Schindler, Bauamt Näfels;;;C31;C32;;;keine vorh.;;nein;M. Simmler;01.07.1998;1b;01.07.1998;;WAHR;FALSCH;FALSCH;FALSCH
752;Aellenboden;Aellenboden;Näfels;8752;717800;215800;;privat;1180;0;71721503;aus Plan gelesen;Trinkwasser;Ferienhäuser;Sicker-/Zuleitung;gut;Plastik/Beton;Brunnenstube;Feldaufnahmen;Sepp Fischli, Näfels;;;D4;D5;;;keine vorh.;1;nein;M. Simmler;01.07.1998;56b;01.07.1998;;WAHR;FALSCH;FALSCH;FALSCH
753;Gehren;Gehren;Näfels;8752;717310;217345;;privat;1430;0;71721702;aus Plan gelesen;Trinkwasser;Ferienhäuser;Sicker-/Zuleitung;gut;Betondeckel;Brunnenstube;Feldaufnahmen;E. Schindler, Bauamt Näfels;Gehrenhütte;;D12;;;;keine vorh.;1;nein;M. Simmler;01.07.1998;14b;01.07.1998;;WAHR;FALSCH;FALSCH;FALSCH
754;Wiggisboden;Wiggisboden;Netstal;8752;721540;214610;;Gde. Näfels;1400;;72121401;aus Plan gelesen;Trinkwasser;Alpgebäude;ab Fels;sanierungsbedürftig;keine vorh.;kein Schacht;Gemeinde;E. Schindler, Bauamt Näfels;Fassung wird noch abgedeckt, Widder;;F25;F26;F27;;keine vorh.;;nein;M. Simmler;20.08.1998;90;20.08.1998;;WAHR;FALSCH;FALSCH;FALSCH
755;Mittler Wiggis;Mittler Wiggis;Netstal;8752;721760;215025;;R. Hauser;1200;;72121501;aus Plan gelesen;Trinkwasser;Jägerhütte;ab Fels;sanierungsbedürftig;;kein Schacht;Gemeinde;E. Schindler, Bauamt Näfels;keine Leitung zur Hütte;;J2;J3;;;keine vorh.;1;nein;M. Simmler;20.08.1998;91;20.08.1998;;WAHR;FALSCH;FALSCH;FALSCH
756;Landoltberg;Landoltberg;Näfels;8752;719365;217480;;Hilari Landolt;1230;0;71921702;aus Plan gelesen;Trinkwasser;WV Einzelliegenschaft;ab Fels;sanierungsbedürftig;Holz;Brunnenstube;Gemeinde;E. Schindler, Bauamt Näfels;;;J25;J26;;;keine vorh.;;nein;M. Simmler;20.08.1998;72;20.08.1998;;WAHR;FALSCH;FALSCH;FALSCH
757;Ferienhaus Tremp;Girsboden;Näfels;8752;719060;217590;;Tremp;1300;10;71921703;aus Plan gelesen;Trinkwasser;Ferienhäuser;Sicker-/Zuleitung;sanierungsbedürftig;Blech-Deckel;Brunnenstube;Gemeinde;E. Schindler, Bauamt Näfels;;;J29;J30;;;keine vorh.;2;nein;M. Simmler;20.08.1998;71;20.08.1998;;WAHR;FALSCH;FALSCH;FALSCH
758;Boggenberg;Boggenberg;Näfels;8752;719970;217710;;J. Marti-Fischli;1235;20;71921705;aus Plan gelesen;Trinkwasser;WV Einzelliegenschaft;Sicker-/Zuleitung;gut;Eisendeckel;Brunnenstube;Gemeinde;E. Schindler, Bauamt Näfels;;;J33;J34;;;keine vorh.;1;nein;M. Simmler;20.08.1998;74a;20.08.1998;;WAHR;FALSCH;FALSCH;FALSCH
759;Boggenberg;Boggenberg;Näfels;8752;719895;217760;;J. Marti-Fischli;1245;20;71921706;aus Plan gelesen;Trinkwasser;WV Einzelliegenschaft;Sicker-/Zuleitung;gut;Eisendeckel;Brunnenstube;Gemeinde;E. Schindler, Bauamt Näfels;;;J35;J36;;;keine vorh.;2;nein;M. Simmler;20.08.1998;74b;20.08.1998;;WAHR;FALSCH;FALSCH;FALSCH
760;Quelle Feldmann 2;Enzianhütte;Näfels;8752;718615;216330;;Feldmann Fritz;1040;0;71821605;aus Plan gelesen;Trinkwasser;Ferienhäuser;?;?;?;Brunnenstube;Feldaufnahmen;Fritz Feldmann-Zuberbühler, Asylstr. 40, 8750 Glarus;Schacht überdeckt, Überlauf sichtbar;;;;;;keine vorh.;;nein;R. Brunner;28.08.1998;62a;28.08.1998;;WAHR;FALSCH;FALSCH;FALSCH
761;Endiberg;Endiberg;Näfels;8752;720020;217665;;Gallati-Gallati;1215;0;72021701;aus Plan gelesen;Trinkwasser;WV Einzelliegenschaft;Sicker-/Zuleitung;schlecht;Betondeckel;Brunnenstube;Feldaufnahmen;E. Schindler, Bauamt Näfels;;;K1;K2;J37;;keine vorh.;1;nein;M. Simmler;20.08.1998;75;20.08.1998;;WAHR;FALSCH;FALSCH;FALSCH
762;Quelle Tschudiberg;Tschudiberg;Näfels;8752;719460;217245;;P. Fischli-Aebli;1160;0;71921707;aus Plan gelesen;Trinkwasser;WV Einzelliegenschaft;Sicker-/Zuleitung;schlecht;Eisendeckel;Brunnenstube;Feldaufnahmen;;;;K3;K4;;;keine vorh.;2;nein;M. Simmler;20.08.1998;76;20.08.1998;;WAHR;FALSCH;FALSCH;FALSCH
763;Quelle Lochberg;Lochberg;Näfels;8752;719870;217245;;Fischli;1120;0;71921708;aus Plan gelesen;Trinkwasser;WV Einzelliegenschaft;Sicker-/Zuleitung;schlecht;Betondeckel;Brunnenstube;Feldaufnahmen;E. Schindler, Bauamt Näfels;;;K5;K6;;;keine vorh.;1;nein;M. Simmler;20.08.1998;77;20.08.1998;;WAHR;FALSCH;FALSCH;FALSCH
764;Ferienhaus Locherberg;Locherberg;Näfels;8752;719610;217370;;J. Hobi;1170;10;71921709;aus Plan gelesen;Trinkwasser;Ferienhäuser;?;gut;?;Brunnenstube;Feldaufnahmen;E. Schindler, Bauamt Näfels;abgeschlossen;;K7;K8;;;keine vorh.;;ja;M. Simmler;20.08.1998;78;20.08.1998;;WAHR;FALSCH;FALSCH;FALSCH
765;Häggelberg;Häggelberg;Näfels;8752;720250;217430;;Müller;1150;0;72021702;aus Plan gelesen;Trinkwasser;WV Einzelliegenschaft;Sicker-/Zuleitung;gut;Betondeckel;Brunnenstube;Feldaufnahmen;E. Schindler, Bauamt Näfels;;;K9;K10;;;keine vorh.;1;nein;M. Simmler;20.08.1998;79;20.08.1998;;WAHR;FALSCH;FALSCH;FALSCH
766;Näfletenberg;Häggelberg;Näfels;8752;720225;217440;;S. Schmalz;1155;0;72021703;aus Plan gelesen;Trinkwasser;WV Einzelliegenschaft;Sicker-/Zuleitung;schlecht;Betondeckel;Brunnenstube;Feldaufnahmen;E. Schindler, Bauamt Näfels;;;K11;K12;;;keine vorh.;2;nein;M. Simmler;20.08.1998;80;20.08.1998;;WAHR;FALSCH;FALSCH;FALSCH
767;Fischliberg;Häggelberg;Näfels;8752;720175;217430;;Fischli-Gallati;1150;0;72021704;aus Plan gelesen;Trinkwasser;WV Einzelliegenschaft;Sicker-/Zuleitung;schlecht;Betondeckel;Brunnenstube;Feldaufnahmen;E. Schindler, Bauamt Näfels;;;K13;K14;;;keine vorh.;1;nein;M. Simmler;20.08.1998;81;20.08.1998;;WAHR;FALSCH;FALSCH;FALSCH
768;Quelle Eggberg;Häggelberg;Näfels;8752;720430;217435;;J. Landolt-Bauer;1135;0;72021705;aus Plan gelesen;Trinkwasser;WV Einzelliegenschaft;Sicker-/Zuleitung;schlecht;Blech-Deckel;Brunnenstube;Feldaufnahmen;E. Schindler, Bauamt Näfels;;;K17;K18;;;keine vorh.;1;nein;M. Simmler;20.08.1998;83;20.08.1998;;WAHR;FALSCH;FALSCH;FALSCH
769;Ferienhaus Mathys;Näfletenberg;Näfels;8752;720670;217720;;Mathys Orgelbau;1170;20;72021706;aus Plan gelesen;Trinkwasser;Ferienhäuser;?;gut;Eisendeckel;Brunnenstube;Feldaufnahmen;E. Schindler, Bauamt Näfels;;;K15;K16;;;keine vorh.;;ja;M. Simmler;20.08.1998;84;20.08.1998;;WAHR;FALSCH;FALSCH;FALSCH
770;Quelle Müller;Lochberg;Näfels;8752;719985;217540;30;Müller;1175;10;71921710;aus Plan gelesen;Trinkwasser;WV Einzelliegenschaft;Sicker-/Zuleitung;gut;Eternit;Brunnenstube;Feldaufnahmen;E. Schindler, Bauamt Näfels;;;21;22;;;keine vorh.;1;nein;R. Brunner;28.08.1998;85;28.08.1998;;WAHR;FALSCH;FALSCH;FALSCH
771;Quelle Rest. Walensee;Sallernritt;Obstalden;8875;729550;220475;;Rest. Walensee;450;50;72922005;aus Plan gelesen;Notwasser;Restaurant;Stollen;gut;Eisendeckel;Brunnenstube;Feldaufnahmen;J. Grob, Werkführer Obstalden;ev. nur Zwischenschacht;;D20;;;;erforderlich;1;nein;M. Simmler;06.07.1998;62;06.07.1998;;WAHR;FALSCH;FALSCH;FALSCH
772;Blangschwändi;;Obstalden;8875;729785;218200;;H.U. Kamm;1140;0;72921805;aus Plan gelesen;Trinkwasser;WV Einzelliegenschaft;Sicker-/Zuleitung;gut;Türe;Brunnenstube;Feldaufnahmen;J. Grob, Werkführer Obstalden;am Brunnen gemessen, abgeschlossen;;E14;E15;;;keine vorh.;1;ja;M. Simmler;06.07.1998;63;06.07.1998;;WAHR;FALSCH;FALSCH;FALSCH
773;Blangschwändi;;Obstalden;8775;729800;218025;;Genossame Obstalden;1180;0;72921806;aus Plan gelesen;Trinkwasser;WV Einzelliegenschaft;Sicker-/Zuleitung;gut;Betondeckel;Brunnenstube;Gemeinde;J. Grob, Werkführer Obstalden;;;E16;E17;;;keine vorh.;1;nein;M. Simmler;06.07.1998;64;06.07.1998;;WAHR;FALSCH;FALSCH;FALSCH
774;Mitt-Habern;;Obstalden;8775;730475;218845;;M. Schrepfer;900;;73021805;aus Plan gelesen;Trinkwasser;WV Einzelliegenschaft;unbekannt;?;?;unbekannt;Feldaufnahmen;J. Grob, Werkführer Obstalden;"genaue Lage der Fassung nicht bekannt; Foto: Reservoir";;E27;;;;keine vorh.;;;M. Simmler;06.07.1998;65;06.07.1998;;WAHR;FALSCH;FALSCH;FALSCH
775;Obstalder;;Obstalden;8775;730030;219460;;Genossame Obstalden;790;20;73021909;aus Plan gelesen;Trinkwasser;WV Einzelliegenschaft;Sicker-/Zuleitung;gut;Türe;Brunnenstube;Feldaufnahmen;J. Grob, Werkführer Obstalden;;;E33;E34;;;keine vorh.;1;ja;M. Simmler;06.07.1998;66;06.07.1998;;WAHR;FALSCH;FALSCH;FALSCH
776;Quelle Schloss;Bärenboden;Obstalden;8775;731610;215250;;Neue Alpgenossamen;1800;;73121502;aus Plan gelesen;Trinkwasser;Alpgebäude;ab Fels;gut;Türe;Brunnenstube;Gemeinde;J. Grob, Werkführer Obstalden;;;K34;K35;;;keine vorh.;;ja;M. Simmler;09.06.1998;51;21.08.1998;;WAHR;FALSCH;FALSCH;FALSCH
777;Gross Schwändi;Gross Schwändi;Obstalden;8775;730360;219320;;Kamm;860;30;73021910;aus Plan gelesen;Trinkwasser;WV Einzelliegenschaft;Sicker-/Zuleitung;gut;Eisendeckel;Brunnenstube;Feldaufnahmen;J. Grob, Werkführer Obstalden;;;F22;F23;F24;;keine vorh.;1;nein;M. Simmler;18.08.1998;60;18.08.1998;;WAHR;FALSCH;FALSCH;FALSCH
778;Quelle Rotmen;Rotmen;Obstalden;8775;730850;214910;;Neue Alpgenossame;1740;;73021401;aus Plan gelesen;Trinkwasser;Alpgebäude;Sicker-/Zuleitung;?;unbekannt;kein Schacht;Feldaufnahmen;J. Grob, Werkführer Obstalden;keine Leitung zur Alphütte;;L1;L2;;;keine vorh.;1;nein;M. Simmler;21.08.1998;52;21.08.1998;;WAHR;FALSCH;FALSCH;FALSCH
779;Quelle Gschi b;Meerenalp;Obstalden;8775;731040;216160;;Neue Alpgenossame;1580;;73121602;aus Plan gelesen;Trinkwasser;Alpgebäude;Sicker-/Zuleitung;gut;Türe;Brunnenstube;Feldaufnahmen;J. Grob, Werkführer Obstalden;;;I28;;;;keine vorh.;1;ja;M. Simmler;18.08.1998;49b;18.08.1998;;WAHR;FALSCH;FALSCH;FALSCH
780;Quelle Gschi c;Meerenalp;Obstalden;8875;731020;216170;;Neue Alpgenossamen;1580;;73121603;aus Plan gelesen;Trinkwasser;Alpgebäude;Sicker-/Zuleitung;gut;Türe;Brunnenstube;Feldaufnahmen;J. Grob, Werkführer Obstalden;;;I29;I32;;;keine vorh.;2;ja;M. Simmler;18.08.1998;49c;18.08.1998;;WAHR;FALSCH;FALSCH;FALSCH
781;Quelle Gschi d;Meerenalp;Obstalden;8875;731020;216165;;Neue Alpgenossame;1580;;73121604;aus Plan gelesen;Trinkwasser;Alpgebäude;Sicker-/Zuleitung;gut;Türe;Brunnenstube;Feldaufnahmen;J. Grob, Werkführer Obstalden;;;I30;I31;;;keine vorh.;2;ja;M. Simmler;18.08.1998;49d;18.08.1998;;WAHR;FALSCH;FALSCH;FALSCH
782;Quelle Alp Firz b;Alp Firz;Obstalden;8875;731660;216810;;Alte Alpgenossame;1650;;73121607;aus Plan gelesen;Trinkwasser;Alpgebäude;ab Fels;sanierungsbedürftig;Betondeckel;Brunnenstube;Feldaufnahmen;J. Grob, Werkführer Obstalden;;;I21;I22;;;keine vorh.;;nein;M. Simmler;18.08.1998;48b;18.08.1998;;WAHR;FALSCH;FALSCH;FALSCH
783;Quelle Alp Firz c;Alp Firz;Obstalden;8875;731670;216820;;Alte Alpgenossame;1650;0;73121608;aus Plan gelesen;Trinkwasser;Alpgebäude;ab Fels;sanierungsbedürftig;Betondeckel;Brunnenstube;Feldaufnahmen;J. Grob, Werkführer Obstalden;;;I19;I20;;;keine vorh.;;nein;M. Simmler;18.08.1998;48c;18.08.1998;;WAHR;FALSCH;FALSCH;FALSCH
784;Quelle Alp Firz d;Alp Firz;Obstalden;8875;731690;216825;;Alte Alpgenossame;1650;;73121609;aus Plan gelesen;Trinkwasser;Alpgebäude;ab Fels;sanierungsbedürftig;Betondeckel;Brunnenstube;Feldaufnahmen;J. Grob, Werkführer Obstalden;;;I23;;;;keine vorh.;;nein;M. Simmler;18.08.1998;48d;18.08.1998;;WAHR;FALSCH;FALSCH;FALSCH
785;Quelle Alp Firz e;Alp Firz;Obstalden;8875;731695;216830;;Alte Alpgenossame;1650;0;73121610;aus Plan gelesen;Trinkwasser;Alpgebäude;ab Fels;sanierungsbedürftig;Betondeckel;Brunnenstube;Feldaufnahmen;J. Grob, Werkführer Obstalden;;;I24;I25;;;keine vorh.;;nein;M. Simmler;18.08.1998;48e;18.08.1998;;WAHR;FALSCH;FALSCH;FALSCH
786;Chängel;Chängel;Netstal;8754;719880;212640;;Spälti, Netstal;1760;50;71921202;aus Plan gelesen;Trinkwasser;Jagdhütte;Sicker-/Zuleitung;gut;Plastik;Brunnenstube;Feldaufnahmen;;fertige Kunststoffbrunnenstube mit verschraubtem Deckel;;8;9;;;keine vorh.;1;nein;R. Brunner;17.07.1998;5;17.07.1998;;WAHR;FALSCH;FALSCH;FALSCH
787;Schlatt;Schlatt;Nidfurn;8772;722415;205770;;Streiff;950;0;72220514;aus Plan gelesen;Trinkwasser;Ferienhäuser;Sicker-/Zuleitung;gut;Eisendeckel;Brunnenstube/Reservoir;Feldaufnahmen;Streiff, Richterswil;;;30;31;;;keine vorh.;1;nein;R. Brunner;20.07.1998;24;20.07.1998;;WAHR;FALSCH;FALSCH;FALSCH
788;Quelle Burst;Burst;Diesbach;8777;723340;200895;;Dürst/Bösiger;1705;0;72320001;aus Plan gelesen;Trinkwasser;Ferienhäuser;Sicker-/Zuleitung;gut;Plastiktank 40 cm;Brunnenstube/Reservoir;Feldaufnahmen;;;;1;;;;keine vorh.;1;nein;R. Brunner;22.07.1998;7;22.07.1998;;WAHR;FALSCH;FALSCH;FALSCH
789;Frantzenhorn;Frantzenhorn;Diesbach;8777;724205;200340;;Dürst/Walter;1815;0;72420002;aus Plan gelesen;Trinkwasser;Alp, (Restaurant??);ab Fels;sanierungsbedürftig;Steinplatten;Brunnenstube;Feldaufnahmen;;Gemäss Angaben LMI nicht für Wirtschaft sondern für Alp;;2;3;;;keine vorh.;;nein;R. Brunner;22.07.1998;8;22.07.1998;;WAHR;FALSCH;FALSCH;FALSCH
790;Skihütte Kärpf;Ängi;Diesbach;8777;724685;199460;;Skiclub Kärpf/Hanselmann;1865;10;72419901;aus Plan gelesen;Trinkwasser;Ferienhäuser;Sicker-/Zuleitung;gut;Pilzdeckel;Brunnenstube;Feldaufnahmen;;;;4;5;;;keine vorh.;1;ja;R. Brunner;22.07.1998;9;22.07.1998;;WAHR;FALSCH;FALSCH;FALSCH
791;Alphütte Ängi;Ängi;Diesbach;8777;724670;199430;;Gde. Diesbach;1867;0;72419902;aus Plan gelesen;Trinkwasser;Alpgebäude;Sicker-/Zuleitung;gut;Eisendeckel;Brunnenstube;Feldaufnahmen;Paul Hunold, Werkführer Diesbach;"läuft über Widder; zusätzlich Bachwasserfassung 724/199-103";;6;7;8;;keine vorh.;1;nein;R. Brunner;22.07.1998;10;22.07.1998;;WAHR;FALSCH;FALSCH;FALSCH
792;Alphütte Ängi;Ängi;Diesbach;8777;724400;199220;;Gde. Diesbach;1950;0;72419903;aus Plan gelesen;Trinkwasser;Alpgebäude;Bachwasserfassung;gut;Pilzdeckel;Brunnenstube;Feldaufnahmen;Paul Hunold, Werkführer Diesbach;;;;;;;keine vorh.;;ja;R. Brunner;22.07.1998;11;22.07.1998;;WAHR;FALSCH;FALSCH;FALSCH
793;Diestalstafel;Haggenwald;Diesbach;8777;723680;200425;;Gde. Diesbach;1665;0;72320002;aus Plan gelesen;Trinkwasser;Alpgebäude;ab Fels;gut;Betondeckel;Brunnenstube;Feldaufnahmen;Paul Hunold, Werkführer Diesbach;;;9;10;11;;keine vorh.;1;nein;R. Brunner;22.07.1998;12;22.07.1998;;WAHR;FALSCH;FALSCH;FALSCH
794;Quelle Kyburz;Schwändibach;Diesbach;8777;720640;201020;;Fredy Kyburz;630;0;72020101;aus Plan gelesen;Brauchwasser;Stallbrunnen;ab Fels;gut;keine vorh.;Brunnenstube;Feldaufnahmen;Fredi Kyburz Diesbach;wird zur Zeit neu gefasst;;1;2;;;keine vorh.;;nein;R. Brunner;26.08.1998;13;26.08.1998;;WAHR;FALSCH;FALSCH;FALSCH
795;Quelle Schuchter;Schwändenau;Diesbach;8777;720800;201380;;;635;;72020102;aus Plan gelesen;Trinkwasser;Ferienhäuser;unbekannt;gut;Türe;Brunnenstube;Feldaufnahmen;;;;3;;;;keine vorh.;;ja;R. Brunner;26.08.1998;14;26.08.1998;;WAHR;FALSCH;FALSCH;FALSCH
796;Quelle Ferienhaus Krummenacher;Untere Schwändi;Diesbach;8777;720820;201695;;;670;0;72020103;aus Plan gelesen;Trinkwasser;Ferienhäuser;ab Fels;gut;keine vorh.;Brunnenstube;Feldaufnahmen;;"zusätzlich Bachwasserfassung im Dunggelrüsli,
Fassung im Gebäude";;;;;;keine vorh.;;nein;R. Brunner;26.08.1998;15;26.08.1998;;WAHR;FALSCH;FALSCH;FALSCH
797;Quelle Streiff;Untere Schwändi;Diesbach;8777;720640;201685;;Jakob Streiff;650;0;72020104;aus Plan gelesen;Brauchwasser;Stallbrunnen;Sicker-/Zuleitung, ab Fels;gut;Betondeckel;Brunnenstube;Feldaufnahmen;J. Streiff, Diesbach;;;4;5;;;keine vorh.;4;nein;R. Brunner;26.08.1998;16;26.08.1998;;WAHR;FALSCH;FALSCH;FALSCH
798;Rütenen;Reschtli;Leuggelbach;8772;721270;204350;;Figi-Hefti;1100;0;72120402;aus Plan gelesen;Trinkwasser;WV Einzelliegenschaft;ab Fels;sanierungsbedürftig;Steinplatten;Brunnenstube;Feldaufnahmen;;;;19;20;;;keine vorh.;;nein;R. Brunner;20.07.1998;3;20.07.1998;;WAHR;FALSCH;FALSCH;FALSCH
799;Sand;Sand;Haslen;8773;723530;204945;;Dan. Jenny + Cie.;542;;72320408;aus Plan gelesen;Trinkwasser;Brunnen;Sicker-/Zuleitung;gut;Türe;Brunnenstube;Feldaufnahmen;P. Muhl, Werkführer Gde.Haslen;;;34;35;;;keine vorh.;1;nein;R. Brunner;21.07.1998;52;21.07.1998;;WAHR;FALSCH;FALSCH;FALSCH
800;Büel Quelle 1;Büel;Haslen;8773;723600;205010;;HJ Jenny, Sool;550;0;72320506;aus Plan gelesen;Trinkwasser;Brunnen;Sicker-/Zuleitung;gut;Betondeckel;Brunnenstube;Feldaufnahmen;P. Muhl, Werkführer Gde.Haslen;1997 saniert;;36;2;;;keine vorh.;1;nein;R. Brunner;21.07.1998;53;21.07.1998;;WAHR;FALSCH;FALSCH;FALSCH
801;Büel Quelle 2;Büel;Haslen;8773;723605;205010;;Jenny, Sool;550;0;72320507;aus Plan gelesen;Brauchwasser;Stallbrunnen;Sicker-/Zuleitung, Austritt;sanierungsbedürftig;Betondeckel;Brunnenstube;Feldaufnahmen;P. Muhl, Werkfü^hrer Gde.Haslen;1997 saniert;;1;2;;;keine vorh.;1;nein;R. Brunner;21.07.1998;54;21.07.1998;;WAHR;FALSCH;FALSCH;FALSCH
802;Quelle Skihaus 2;Lindenboden;Haslen;8773;723265;203375;336;TV Dietlikon;930;0;72320311;aus Plan gelesen;Trinkwasser;WV Einzelliegenschaft;Sicker-/Zuleitung;gut;Betondeckel+Blechdeckel;Brunnenstube;Feldaufnahmen;P. Muhl, Werkführer Gde.Haslen;;;14;16;;;keine vorh.;1;nein;R. Brunner;21.07.1998;55;21.07.1998;;WAHR;FALSCH;FALSCH;FALSCH
803;Hausquelle Pfäffeli;Pfäffeli;Haslen;8773;722990;203255;339;;880;0;72220302;aus Plan gelesen;Trinkwasser;Ferienhäuser;;gut;Plastik;Brunnenstube;Feldaufnahmen;;verschlossen;;18;;;;keine vorh.;;ja;R. Brunner;21.07.1998;56;21.07.1998;;WAHR;FALSCH;FALSCH;FALSCH
804;Alp Auen Ober Stafel Quelle 1;Alp Auen;Haslen;8773;724645;203205;310;Gde. Haslen;1425;0;72420305;aus Plan gelesen;Trinkwasser;Alpgebäude;Sicker-/Zuleitung;gut;Betondeckel;Brunnenstube;Feldaufnahmen;P. Muhl, Werkführer Gde.Haslen;;;31;32;;;keine vorh.;1;nein;R. Brunner;21.07.1998;57;21.07.1998;;WAHR;FALSCH;FALSCH;FALSCH
805;Alp Auen Ober Stafel Quelle 2;Alp Auen;Haslen;8773;724640;203230;310;Gde. Haslen;1418;0;72420306;aus Plan gelesen;Trinkwasser;Alpgebäude;Sicker-/Zuleitung;gut;Betondeckel;Brunnenstube;Feldaufnahmen;P. Muhl, Werkführer Gde.Haslen;;;33;34;;;keine vorh.;1;nein;R. Brunner;21.07.1998;58;21.07.1998;;WAHR;FALSCH;FALSCH;FALSCH
806;Alp Auen Ober Stafel Quelle 3;Alp Auen;Haslen;8773;724670;203305;310;Gde. Haslen;1410;0;72420307;aus Plan gelesen;Trinkwasser;Alpgebäude;Sicker-/Zuleitung;gut;Betondeckel;Brunnenstube;Feldaufnahmen;P. Muhl, Werkführer Gde.Haslen;;;35;36;;;keine vorh.;1;nein;R. Brunner;21.07.1998;59;21.07.1998;;WAHR;FALSCH;FALSCH;FALSCH
807;Alp Ennetseewen Aueren;Ennetseewen;Haslen;8773;724780;201955;;Gde. Haslen;1425;0;72420101;aus Plan gelesen;Trinkwasser;Alpgebäude;Sicker-/Zuleitung;gut;Eisendeckel mit 4 Kant;Brunnenstube;Feldaufnahmen;P. Muhl, Werkführer Gde.Haslen;;;1;2;;;keine vorh.;1;nein;R. Brunner;21.07.1998;60;21.07.1998;;WAHR;FALSCH;FALSCH;FALSCH
808;Auenalp Unter Stafel;Auenalp;Haslen;8773;724270;203850;;Gde. Haslen;1150;0;72420308;aus Plan gelesen;Brauchwasser;Stallbrunnen;Sicker-/Zuleitung;gut;Betondeckel;Brunnenstube;Feldaufnahmen;P. Muhl, Werkführer Gde.Haslen;;;3;4;;;keine vorh.;1;nein;R. Brunner;21.07.1998;61;21.07.1998;;WAHR;FALSCH;FALSCH;FALSCH
809;Quelle Hütte Matzlen;Matzlen;Haslen;8773;725825;200625;259;Gde. Haslen;1860;;72520001;aus Plan gelesen;Trinkwasser;Alpgebäude + Ferienhaus;ab Fels;schlecht;Steinplatten;Brunnenstube;Feldaufnahmen;P. Muhl, Werkführer Gde.Haslen;;;8;9;;;keine vorh.;;nein;R. Brunner;28.08.1998;62;28.08.1998;;WAHR;FALSCH;FALSCH;FALSCH
810;Quelle Chamm;Chamm;Haslen;8773;725430;199510;;Gde. Haslen;1960;0;72519901;aus Plan gelesen;Trinkwasser;Alpgebäude;Sicker-/Zuleitung;gut;Holzdeckel;Brunnenstube;Feldaufnahmen;P. Muhl, Werkführer Gde.Haslen;;;10;11;;;keine vorh.;1;nein;R. Brunner;28.08.1998;63;28.08.1998;;WAHR;FALSCH;FALSCH;FALSCH
811;Quelle Ratzmatt;Ratzmatt;Haslen;8773;725300;199870;;Gde. Haslen;1745;0;72519902;aus Plan gelesen;Trinkwasser;Alpgebäude;ab Fels;gut;Eisendeckel mit 4 Kant;Brunnenstube;Feldaufnahmen;P. Muhl, Werkführer Gde.Haslen;;;12;13;;;keine vorh.;;nein;R. Brunner;28.08.1998;64;28.08.1998;;WAHR;FALSCH;FALSCH;FALSCH
812;Quelle Rietmatt;Rietmatt;Haslen;8773;724250;200480;259;Gde. Haslen;1810;0;72420001;aus Plan gelesen;Trinkwasser;Alpgebäude;Sicker-/Zuleitung;gut;Eisendeckel;Brunnenstube;Feldaufnahmen;P. Muhl, Werkführer Gde.Haslen;;;14;15;;;keine vorh.;1;nein;R. Brunner;28.08.1998;65;28.08.1998;;WAHR;FALSCH;FALSCH;FALSCH
813;Quelle Etzel Hüsli;Rietmatt;Haslen;8773;723975;201110;259;Erben Max Figi;1735;0;72320101;aus Plan gelesen;Trinkwasser;Ferienhäuser;Sicker-/Zuleitung;gut;Eisendeckel mit 4 Kant;Brunnenstube;Feldaufnahmen;;;;16;17;;;keine vorh.;1;nein;R. Brunner;28.08.1998;66;28.08.1998;;WAHR;FALSCH;FALSCH;FALSCH
814;Quelle Sunnealp 2;Sunnealp;Oberurnen;8868;720750;218630;4;Gde. Oberurnen;1315;0;72021803;aus Plan gelesen;Trinkwasser;WV Weiler/Quartier;Sicker-/Zuleitung;gut;Betondeckel;Brunnenstube;Feldaufnahmen;F. Stocco, EW Oberurnen;2 Bauernhöfe mit Stall;;36;;;;provisorich;1;nein;R. Brunner;13.07.1998;50;13.07.1998;;WAHR;FALSCH;FALSCH;FALSCH
815;Unter Sunnealp 1;Melchgaden;Oberurnen;8868;720870;218570;;diverse;1285;10;72021804;aus Plan gelesen;Trinkwasser;WV Weiler/Quartier;Sicker-/Zuleitung;gut;Eternit;Brunnenstube;Feldaufnahmen;F. Stocco, EW Oberurnen;;;1;2;;;keine vorh.;1;nein;R. Brunner;13.07.1998;51;13.07.1998;;WAHR;FALSCH;FALSCH;FALSCH
816;Unter Sunnealp 2;Melchgaden;Oberurnen;8868;720855;218560;;diverse;1280;10;72021805;aus Plan gelesen;Trinkwasser;WV Weiler/Quartier;Sicker-/Zuleitung;gut;Eternit;Brunnenstube;Feldaufnahmen;F. Stocco, EW Oberurnen;;;3;4;;;keine vorh.;;nein;R. Brunner;13.07.1998;52;13.07.1998;;WAHR;FALSCH;FALSCH;FALSCH
817;Quelle Lochbach 6;Bergli;Oberurnen;8868;720915;219850;4;Gde. Oberurnen;1085;0;72021908;aus Plan gelesen;Notwasser;WV Gemeinde;Sicker-/Zuleitung;gut;Eisendeckel mit 4 Kant;Brunnenstube;Feldaufnahmen;F. Stocco, EW Oberurnen;nicht in Betrieb;;13;;;;keine vorh.;;nein;R. Brunner;13.07.1998;53;13.07.1998;;WAHR;FALSCH;FALSCH;FALSCH
818;Quelle Hinter Schwändi;Hinter Schwändi;Oberurnen;8868;716930;218680;1;Alpkorporation Hinter Schwändi;1335;0;71621801;aus Plan gelesen;Trinkwasser;Alpgebäude;ab Fels;sanierungsbedürftig;Holz und Steine;Brunnenstube;Feldaufnahmen;Fritz Hunold, Präsident Alpkorp. Hinter Schwändi, Oberurnen;;;12;13;14;;;;nein;R. Brunner;24.08.1998;54;24.08.1998;;WAHR;FALSCH;FALSCH;FALSCH
819;Quelle Stattboden;Stattboden;Oberurnen;8868;717300;219220;1;Alpkorporation Hinter Schwändi;1455;0;71721901;aus Plan gelesen;Trinkwasser;Alpgebäude;ab Fels;sanierungsbedürftig;Holz;Brunnenstube;Feldaufnahmen;Fritz Hunold, Präsident Alpkorp. Hinter Schwändi, Oberurnen;Blechleiste;;15;15;;;keine vorh.;;nein;R. Brunner;24.08.1998;55;24.08.1998;;WAHR;FALSCH;FALSCH;FALSCH
820;Quelle Kletterhütte;Winteregg;Oberurnen;8868;717230;219410;1;H. Fischli;1535;0;71721902;aus Plan gelesen;Trinkwasser;Jägerhütte;Sicker-/Zuleitung;schlecht;Holz;Brunnenstube;Feldaufnahmen;Hans Fischli, Bündtgasse, Näfels;Plastikkiste;;17;18;;;keine vorh.;3;nein;R. Brunner;24.08.1998;56;24.08.1998;;WAHR;FALSCH;FALSCH;FALSCH
821;Quelle Winteregg;Winteregg;Oberurnen;8868;717500;219320;2;Alpkorporation Vorder Schwändi;1450;0;71721903;aus Plan gelesen;Trinkwasser;Alpgebäude;Sicker-/Zuleitung;sanierungsbedürftig;keine vorh.;Brunnenstube;Feldaufnahmen;Werner Stucki, Präsident Alpkorp. Vorder Schwändi, Oberurnen;fliesst offen in Hütte;;19;20;;;keine vorh.;1;nein;R. Brunner;24.08.1998;57;24.08.1998;;WAHR;FALSCH;FALSCH;FALSCH
822;Quelle ober Lochegg (Stall);Obere Lochegg;Oberurnen;8868;718820;219580;3;Korporation Lochegg;1500;0;71821901;aus Plan gelesen;Brauchwasser;Alpgebäude;ab Fels;sanierungsbedürftig;Holz;Brunnenstube;Feldaufnahmen;Hans Noser, Präsident Korporation, Oberurnen;;;21;22;;;keine vorh.;;nein;R. Brunner;24.08.1998;58;24.08.1998;;WAHR;FALSCH;FALSCH;FALSCH
823;Quelle Ober Lochegg (Hütte);Obere Lochegg;Oberurnen;8868;718780;219570;3;Korporation Lochegg;1500;0;71821902;aus Plan gelesen;Trinkwasser;Alpgebäude;Sicker-/Zuleitung;sanierungsbedürftig;Betondeckel;Brunnenstube;Feldaufnahmen;Hans Noser, Präsident Korporation, Oberurnen;;;23;24;;;keine vorh.;1;nein;R. Brunner;24.08.1998;59;24.08.1998;;WAHR;FALSCH;FALSCH;FALSCH
824;Quelle Sunnestafel;Sunnestafel;Oberurnen;8868;718165;219180;2;Korporation Vorder Schwändi;1355;0;71821903;aus Plan gelesen;Trinkwasser;Alpgebäude;ab Fels;gut;Eisendeckel;Brunnenstube;Feldaufnahmen;Werner Stucki, Präsident Alpkorp. Vorder Schwändi, Oberurnen;;;25;26;;;keine vorh.;;nein;R. Brunner;24.08.1998;60;24.08.1998;;WAHR;FALSCH;FALSCH;FALSCH
825;Forsthütte Waldboden;Bergwald;Rüti;8782;720790;198275;;Gde. Rüti;1350;0;72019803;aus Plan gelesen;Trinkwasser;Forsthütte;ab Fels;schlecht;Blechkiste;Brunnenstube;Feldaufnahmen;E. Streiff, Werkführer Rüti;;;12;13;;;keine vorh.;;nein;R. Brunner;23.07.1998;16;23.07.1998;;WAHR;FALSCH;FALSCH;FALSCH
826;Saasberg;Saasberg;Rüti;8782;721865;198360;;Gde. Rüti;1965;0;72119802;aus Plan gelesen;Trinkwasser;Alpgebäude;ab Fels;gut;Eisendeckel;Brunnenstube/Reservoir;Feldaufnahmen;E. Streiff, Werkführer Rüti;Alp Bodmen Oberstafel, versiegt z.T. bei Trockenheit;;16;17;;;keine vorh.;;nein;R. Brunner;23.07.1998;17;23.07.1998;;WAHR;FALSCH;FALSCH;FALSCH
827;Quelle im Grüt;Bergguet;Rüti;8782;719335;199180;;T. Wey;670;0;71919902;aus Plan gelesen;Trinkwasser;Ferienhäuser;Sicker-/Zuleitung;gut;Holz;Brunnenstube;Feldaufnahmen;Thomas Wey;;;18;19;;;keine vorh.;1;nein;R. Brunner;23.07.1998;18;23.07.1998;;WAHR;FALSCH;FALSCH;FALSCH
828;Quelle Längsstafel;Längen;Linthal;8783;721970;196060;;Gde. Rüti;1315;0;72119601;aus Plan gelesen;Trinkwasser;Alpgebäude;Sicker-/Zuleitung;gut;Eisendeckel;Brunnenstube;Feldaufnahmen;Hansheiri Stüssi, Werkführer Linthal;via Widder;;24;25;;;keine vorh.;1;nein;R. Brunner;26.08.1998;19;26.08.1998;;WAHR;FALSCH;FALSCH;FALSCH
829;Quelle Berg;Berg;Linthal;8783;721405;196940;;Gde. Rüti;1231;0;72119602;aus Plan gelesen;Trinkwasser;Alpgebäude;Sicker-/Zuleitung;gut;Betondeckel;Brunnenstube;Feldaufnahmen;Eugen Streiff, Werkführer Rüti;"+ Fereinhaus; via Widder; Neufassung 1997";;26;27;;;keine vorh.;1;nein;R. Brunner;26.08.1998;20;26.08.1998;;WAHR;FALSCH;FALSCH;FALSCH
830;Quelle Fuchs, Zweifel, Müller;Restiwald;Linthal;8783;720405;197845;;Fuchs, Zweifel, Müller;1040;0;72019701;aus Plan gelesen;Trinkwasser;Alpgebäude;ab Fels;gut;Eisendeckel;Brunnenstube;Feldaufnahmen;Hansheiri Stüssi, Werkführer Linthal;;;30;;;;keine vorh.;1;nein;R. Brunner;26.08.1998;21;26.08.1998;;WAHR;FALSCH;FALSCH;FALSCH
831;Quelle Stadlin 1;Hutschen;Rüti;8782;720050;198110;;Stadlin;920;0;72019804;aus Plan gelesen;Trinkwasser;Ferienhäuser;Sicker-/Zuleitung;gut;Betondeckel;Brunnenstube;Feldaufnahmen;;;;31;;;;keine vorh.;1;nein;R. Brunner;26.08.1998;22;26.08.1998;;WAHR;FALSCH;FALSCH;FALSCH
832;Quelle Stadlin 2;Hutschen;Rüti;8782;720040;198110;;Stadlin;918;0;72019805;aus Plan gelesen;Trinkwasser;Ferienhäuser;Sicker-/Zuleitung;gut;Betondeckel;Brunnenstube/Reservoir;Feldaufnahmen;;;;32;;;;keine vorh.;1;nein;R. Brunner;26.08.1998;23;26.08.1998;;WAHR;FALSCH;FALSCH;FALSCH
833;Quelle Weiss;Hutschen;Rüti;8782;720025;198045;;Weiss;910;10;72019806;aus Plan gelesen;Trinkwasser;Ferienhäuser;Sicker-/Zuleitung;gut;Betondeckel;Brunnenstube;Feldaufnahmen;;;;33;;;;keine vorh.;1;nein;R. Brunner;26.08.1998;24;26.08.1998;;WAHR;FALSCH;FALSCH;FALSCH
834;Quelle Obersand;Untere Röti;Linthal;8783;713570;188030;;Gde. Betschwanden;2020;;71318801;aus Plan gelesen;Trinkwasser;Alpgebäude;Bachwasserfassung;;;;Feldaufnahmen;Thomas Zweifel, Werkführer Betschwanden;keine Begehung, da Bachwasserfassung;;;;;;keine vorh.;;;R. Brunner;03.09.1998;62;03.09.1998;;WAHR;FALSCH;FALSCH;FALSCH
835;Quelle Vorderer Sand;Trosalpeli;Linthal;8783;716350;189000;;Gde. Betschwanden;1600;;71618901;aus Plan gelesen;Trinkwasser;Alpgebäude;Bachwasserfassung;;;;Feldaufnahmen;D. Topfi, Werkführer Betschwanden;Leitung von Felssturz begraben, Neufassung 1999 --> keine Begehung;;;;;;keine vorh.;;;R. Brunner;03.09.1998;1563;03.09.1998;;WAHR;FALSCH;FALSCH;FALSCH
836;Quelle Schlattberge;Planggen;Glarus;8750;719360;211840;2088;Gde. Glarus;1285;0;71921101;aus Plan gelesen;Trinkwasser;Alpgebäude;Sicker-/Zuleitung;gut;Eisendeckel mit Schrauben;Brunnenstube/Reservoir;Feldaufnahmen;Kaspar Figi, Werkführer Glarus;;;6;;;;keine vorh.;2;nein;R. Brunner;15.07.1998;31;15.07.1998;;WAHR;FALSCH;FALSCH;FALSCH
837;Quelle Tschingel;Tschingel;Glarus;8750;719750;209650;;Ortsgde. Glarus;1220;0;71920901;aus Plan gelesen;Trinkwasser;Alpgebäude;ab Fels;schlecht;Eisendeckel;Brunnenstube/Reservoir;Feldaufnahmen;Kaspar Figi, Werkführer Glarus;Quelle versiegt zeitweise;;10;11;;;keine vorh.;1;nein;R. Brunner;15.07.1998;32;15.07.1998;;WAHR;FALSCH;FALSCH;FALSCH
838;Quelle Vorder Schlattalp;Kalt Täli;Glarus;8750;719440;208795;;Tagwen Glarus;1540;0;71920801;aus Plan gelesen;Trinkwasser;Alpgebäude;Bachwasserfassung;gut;Eisendeckel;Brunnenstube;Feldaufnahmen;Tagwen Glarus;1991 neu gefasst;;12;13;;;keine vorh.;1;nein;R. Brunner;15.07.1998;33;15.07.1998;;WAHR;FALSCH;FALSCH;FALSCH
839;Grüttbrunnen-Quelle;Löntschbort;Glarus;8750;719950;211185;;Gde. Glarus;790;;71921102;aus Plan gelesen;Trinkwasser;Brunnen;;schlecht;keine vorh.;kein Schacht;Feldaufnahmen;Kaspar Figi, Werkführer Glarus;;;16;17;;;keine vorh.;1;nein;R. Brunner;15.07.1998;6;15.07.1998;;WAHR;FALSCH;FALSCH;FALSCH
840;Quelle Chlüstalden;Chlüstalden;Glarus;8750;712925;207500;;Gde. Glarus;1060;0;71220701;aus Plan gelesen;Trinkwasser;Alpgebäude;ab Fels;gut;Eisendeckel;Brunnenstube;Feldaufnahmen;Kaspar Figi, Werkführer Glarus;;;18;19;;;keine vorh.;1;nein;R. Brunner;16.07.1998;34;16.07.1998;;WAHR;FALSCH;FALSCH;FALSCH
841;Hinter Schlattalpli Unter Stafel;Trütscher;Glarus;8750;713490;207315;;Gde. Glarus;1460;0;71320701;aus Plan gelesen;Trinkwasser;Alpgebäude;ab Fels;gut;Eisendeckel mit 4 Kant;Brunnenstube;Feldaufnahmen;Kaspar Figi, Werkführer Glarus;;;20;;;;keine vorh.;1;nein;R. Brunner;16.07.1998;35;16.07.1998;;WAHR;FALSCH;FALSCH;FALSCH
842;Hinter Schlattalp Ober Stafel Schacht 1;Obstwuchs;Glarus;8750;713860;207310;;Gde. Glarus;1680;0;71320702;aus Plan gelesen;Trinkwasser;Alpgebäude;ab Fels;gut;Eisendeckel;Brunnenstube;Feldaufnahmen;Kaspar Figi, Werkführer Glarus;;;21;;;;keine vorh.;1;nein;R. Brunner;16.07.1998;36;16.07.1998;;WAHR;FALSCH;FALSCH;FALSCH
843;Käsern-Quelle 2;Chäseren;Glarus;8750;714295;206145;;H. Jud, Rest. Käsern;1315;;71420602;aus Plan gelesen;Trinkwasser;Restaurant;ab Fels;;;Brunnenstube;Feldaufnahmen;H. Jud, Käsern Glarus;"und Gebäude, Filter in Restaurant; Fassung in Felswand, nicht zugänglich";;;;;;erforderlich;;;R. Brunner;25.08.1998;25;25.08.1998;;WAHR;FALSCH;FALSCH;FALSCH
844;Hinter Schlattalp Ober Stafel Schacht 2;Obstwuchs;Glarus;8750;713865;207325;;Gde. Glarus;1682;0;71320703;aus Plan gelesen;Trinkwasser;Alpgebäude;ab Fels;gut;Eisendeckel;Brunnenstube;Feldaufnahmen;Kaspar Figi, Werkführer Glarus;;;22;23;;;keine vorh.;1;nein;R. Brunner;16.07.1998;37;16.07.1998;;WAHR;FALSCH;FALSCH;FALSCH
845;Bächi;Bächistafel;Glarus;8750;715840;205950;;Gde. Netstal;1820;;71520501;aus Plan gelesen;Trinkwasser;Alpgebäude;Bachwasserfassung;;;;Feldaufnahmen;Hanspeter Spälti, Werkführer Netstal;"Bachwasserfassung --> nicht aufgenommen
Koordinaten ungefähr nach Angaben von Gemeinde";;;;;;keine vorh.;;;Brunner;17.07.1998;38;17.07.1998;;WAHR;FALSCH;FALSCH;FALSCH
846;Dräcklochstafel;Dräckloch;Glarus;8750;714330;204760;;Gde. Glarus;1700;;71420401;aus Plan gelesen;Trinkwasser;Alpgebäude;ab Fels;;;;Feldaufnahmen;Kaspar Figi, Werkführer Glarus;Quelle in Hütte, nicht aufgenommen;;24;25;;;keine vorh.;;;Brunner;17.07.1998;39;01.10.1998;;WAHR;FALSCH;FALSCH;FALSCH
847;Ober Längenegg 2;Ober Langenegg;Glarus;8750;714770;211280;;Gde. Ennenda;1715;50;71421102;aus Plan gelesen;Trinkwasser;Alpgebäude Ennenda;Sicker-/Zuleitung, ab Fels;gut;Pilzdeckel;Brunnenstube;Feldaufnahmen;Zeughausverwaltung Glarus, Herr Middendorf;;;;;;;keine vorh.;1;ja;R. Brunner;25.08.1998;24;25.08.1998;;WAHR;FALSCH;FALSCH;FALSCH
848;Unter Längenegg;Unter Langenegg;Glarus;8750;716200;211320;;Gde. Ennenda;1570;0;71621102;aus Plan gelesen;Trinkwasser;Alpgebäude Ennenda;Sicker-/Zuleitung;gut;Eisendeckel mit 4 Kant;Brunnenstube;Feldaufnahmen;Peter Jäger, WV Ennenda;;;;;;;keine vorh.;1;nein;R. Brunner;25.08.1998;40;25.08.1998;;WAHR;FALSCH;FALSCH;FALSCH
849;Quelle Güntlenau;Güntlenau;Glarus;8750;718930;209600;;Röllin;940;;71820901;aus Plan gelesen;Trinkwasser;Zeltplatz;Bachwasserfassung;;;;Feldaufnahmen;Kaspar Figi, Werführer Glarus;Filteranlage vorhanden;;6;7;;;erforderlich;;;R. Brunner;26.08.1998;41;26.08.1998;;WAHR;FALSCH;FALSCH;FALSCH
850;Quelle Unter Gramis;Unter Gramis;Hätzingen;8776;722615;203240;;Christian Buchli;650;;72220304;aus Plan gelesen;Trinkwasser;WV Einzelliegenschaft;ab Fels;gut;Blech-Deckel;Brunnenstube;Feldaufnahmen;Beat Aebli, Werkführer Gde.Hätzingen;;;21;22;;;keine vorh.;2;nein;R. Brunner;28.09.1998;19;28.09.1998;;WAHR;FALSCH;FALSCH;FALSCH
851;Quelle Gugger;Gugger;Hätzingen;8776;722035;201985;;Mathias Schiesser;810;0;72220101;aus Plan gelesen;Brauchwasser;Stallbrunnen;ab Fels;sanierungsbedürftig;Holz;Brunnenstube;Feldaufnahmen;M. Schiesser-Gindel, Diesbach;2 Ställe;;9;10;;;keine vorh.;;nein;R. Brunner;28.09.1998;;28.09.1998;;WAHR;FALSCH;FALSCH;FALSCH
852;Quelle Buholz 2;Buholz;Hätzingen;8776;722120;202355;;Gde. Hätzingen;710;0;72220210;aus Plan gelesen;Trinkwasser;WV Gemeinde;Sicker-/Zuleitung;gut;Eisendeckel mit 4 Kant;Brunnenstube/Sammelschacht;Feldaufnahmen;Beat Aebli, Werkführer Gde.Hätzingen;1998 renoviert;;15;16;;;erforderlich;1;nein;R. Brunner;28.09.1998;21;28.09.1998;;WAHR;FALSCH;FALSCH;FALSCH
853;Quelle Erlengeren;Erlengeren;Rüti;8782;720820;199700;;;;;72019903;;Trinkwasser;Ferienhäuser;Bachwasserfassung;;;;Feldaufnahmen;;im Reservoir gemessen, Schacht nicht gefunden;;;;;;keine vorh.;;;R. Brunner;01.10.1998;26;01.10.1998;;WAHR;FALSCH;FALSCH;FALSCH
854;Quelle Hinterguet;Hinterguet;Rüti;8782;720510;199170;;Mathias Schuler;760;0;72019902;aus Plan gelesen;Brauchwasser;Stallbrunnen;ab Fels;sanierungsbedürftig;Steinplatten;Brunnenstube;Feldaufnahmen;;;;17;18;;;keine vorh.;1;nein;R. Brunner;01.10.1998;25;01.10.1998;;WAHR;FALSCH;FALSCH;FALSCH
855;Quelle altes Rossweidhaus;Rossweid;Oberurnen;8868;719500;218020;;Fischli-Galatti, Fischberg;1255;0;71921802;aus Plan gelesen;Trinkwasser;WV Einzelliegenschaft;Sicker-/Zuleitung;sanierungsbedürftig;Blech-Deckel;Brunnenstube;Feldaufnahmen;Fischli- Galatti, Fischberg Oberurnen;Brunnen, kein Hausanschluss;;34;35;36;;keine vorh.;1;nein;R. Brunner;01.10.1998;62;01.10.1998;;WAHR;FALSCH;FALSCH;FALSCH
856;Quelle Rossweid;Rossweid;Oberurnen;8868;719475;217825;;Hillary Müller, Brunnenberg;1300;0;71921711;aus Plan gelesen;Trinkwasser;WV Einzelliegenschaft;Wasseraustritt;sanierungsbedürftig;Holz;Brunnenstube;Feldaufnahmen;Hillary Müller, Brunnenberg Oberurnen;Brunnen, kein Hausanschluss;;31;32;;;keine vorh.;0;nein;R. Brunner;01.10.1998;63;01.10.1998;;WAHR;FALSCH;FALSCH;FALSCH
857;Quelle Stein;Stein;Oberurnen;8868;719515;218670;;Volkart, Stein;1280;0;71921803;aus Plan gelesen;Trinkwasser;WV Weiler/Quartier;ab Fels;gut;Betondeckel;Brunnenstube;Feldaufnahmen;Volkart, Stein Oberurnen;zusätzlich eine Quelle direkt ins Reservoir, nicht messbar;;29;30;;;keine vorh.;1;nein;R. Brunner;01.10.1998;61;01.10.1998;;WAHR;FALSCH;FALSCH;FALSCH
858;Alp Wärben;Wärben;Glarus;8750;714980;206110;;Aebli, Säumergut, Schänis;1405;;71420603;aus Plan gelesen;Trinkwasser;Alpgebäude;Bachwasserfassung;schlecht;Betondeckel;Brunnenstube;Feldaufnahmen;Kaspar Figi, Werkführer Glarus;;;26;;;;keine vorh.;;nein;R. Brunner;01.10.1998;42;01.10.1998;;WAHR;FALSCH;FALSCH;FALSCH
859;Quelle Alp Zeinen 1;Zeinen;Glarus;8750;714900;205200;;Aebli, Säumergut, Schänis;1610;0;71420502;aus Plan gelesen;Trinkwasser;Alpgebäude, Jägerhütte;ab Fels;schlecht;keine vorh.;Brunnenstube;Feldaufnahmen;Kaspar Figi, Werkführer Glarus;;;22;23;;;keine vorh.;;nein;R. Brunner;01.10.1998;43;01.10.1998;;WAHR;FALSCH;FALSCH;FALSCH
860;Quelle Alp Zeinen 2;Zeinen;Glarus;8750;714850;205200;;Aebli, Säumergut, Schänis;1600;;71420503;aus Plan gelesen;Trinkwasser;Alpgebäude, Jägerhütte;ab Fels;sanierungsbedürftig;keine vorh.;Brunnenstube;Feldaufnahmen;Kaspar Figi, Werkführer Glarus;;;19;20;21;;keine vorh.;;nein;R. Brunner;01.10.1998;44;01.10.1998;;WAHR;FALSCH;FALSCH;FALSCH
861;Kneugrat-Quelle 1;Kneugrat;Diesbach;8777;719615;202185;;Gde. Braunwald;1550;;71920202;aus Plan gelesen;Trinkwasser;WV Gemeinde Braunwald;Sicker-/Zuleitung;gut;Türe mit 4 Kant;Brunnenstube;Feldaufnahmen;Balz Dürst, Werkführer Braunwald;Zulauf von Felsen-Quelle;;16;17;;;definitiv;1;ja;R. Brunner;02.09.1998;46;02.09.1998;;WAHR;FALSCH;FALSCH;FALSCH
862;Quelle Obere Platten 2;Obere Platten;Braunwald;8784;717995;201650;;Gde. Braunwald;1795;0;71720106;aus Plan gelesen;Trinkwasser;WV Gemeinde;Sicker-/Zuleitung;gut;Eisendeckel mit 4 Kant;Brunnenstube/Sammelschacht;Feldaufnahmen;Balz Dürst, Werkführer Braunwald;;;29;30;;;definitiv;1;nein;R. Brunner;02.09.1998;49;02.09.1998;;WAHR;FALSCH;FALSCH;FALSCH
863;Quelle Obere Platten 3;Obere Platten;Braunwald;8784;717955;201665;;Gde. Braunwald;1790;0;71720107;aus Plan gelesen;Trinkwasser;WV Gemeinde;Sicker-/Zuleitung;gut;Eisendeckel mit 4 Kant;Brunnenstube;Feldaufnahmen;Balz Dürst, Werkführer Braunwald;;;31;32;;;definitiv;2;nein;R. Brunner;02.09.1998;50;02.09.1998;;WAHR;FALSCH;FALSCH;FALSCH
864;Quelle Ortsstockhaus;Ober Stafel;Braunwald;8784;717440;201465;;Braunwaldbahn;1785;0;71720103;aus Plan gelesen;Trinkwasser;Restaurant;Sicker-/Zuleitung;gut;Eisendeckel mit 4 Kant;Brunnenstube;Feldaufnahmen;Balz Dürst, Werkführer Braunwald;;;1;2;;;provisorich;1;nein;R. Brunner;02.09.1998;51;02.09.1998;;WAHR;FALSCH;FALSCH;FALSCH
865;Quelle Braunwaldbahn;Ober Stafel;Braunwald;8784;717530;201420;;Braunwaldbahn;1770;0;71720104;aus Plan gelesen;Trinkwasser;Restaurant, Alpgebäude;Sicker-/Zuleitung;gut;Eisendeckel mit 4 Kant;Brunnenstube;Feldaufnahmen;Balz Dürst, Werkführer Braunwald;;;3;4;;;provisorich;1;nein;R. Brunner;02.09.1998;52;02.09.1998;;WAHR;FALSCH;FALSCH;FALSCH
866;Quelle Kneugrat Felsen;Kneugrat;Diesbach;8777;719610;202190;;Gde. Braunwald;1550;;71920203;aus Plan gelesen;Trinkwasser;Alpgebäude;ab Fels;gut;Türe;Brunnenstube;Feldaufnahmen;Balz Dürst, Werkführer Braunwald;;;18;19;;;definitiv;;ja;R. Brunner;02.09.1998;48;02.09.1998;;WAHR;FALSCH;FALSCH;FALSCH
867;Quelle Jägerhütte Bräch;Bräch ober Stafel;Braunwald;8784;716475;200170;;Balz Streiff;1610;0;71620001;aus Plan gelesen;Trinkwasser;Jägerhütte;ab Fels;sanierungsbedürftig;Holz;Brunnenstube;Feldaufnahmen;Balz Dürst, Werkführer Braunwald;;;5;6;;;keine vorh.;0;nein;R. Brunner;02.09.1998;53;02.09.1998;;WAHR;FALSCH;FALSCH;FALSCH
868;Quelle Schuler Brach ober Stafel;Ober Stafel;Braunwald;8784;716360;200160;;Balz Schuler;1620;;71620002;aus Plan gelesen;Trinkwasser;Alpgebäude;Bachwasserfassung;;;;Feldaufnahmen;Balz Dürst, Werkführer Braunwald;;;7;;;;keine vorh.;;;R. Brunner;02.09.1998;54;02.09.1998;;WAHR;FALSCH;FALSCH;FALSCH
869;Quelle Orenplatte;Orenplatte;Diesbach;8777;719910;201815;;diverse;1410;0;71920101;aus Plan gelesen;Trinkwasser;Ferienhäuser, Jägerhütte;unbekannt;sanierungsbedürftig;Holz;Brunnenstube/Reservoir;Feldaufnahmen;;;;20;;;;keine vorh.;;nein;R. Brunner;02.09.1998;56;02.09.1998;;WAHR;FALSCH;FALSCH;FALSCH
870;Quelle Sitli;Sitli;Braunwald;8784;719175;200875;;Gde. Braunwald;1425;0;71920004;aus Plan gelesen;Trinkwasser;WV Gemeinde;Sicker-/Zuleitung;gut;Eisendeckel mit 4 Kant;Brunnenstube;Feldaufnahmen;Balz Dürst, Werkführer Braunwald;;;25;26;;;erforderlich;1;nein;R. Brunner;02.09.1998;57;02.09.1998;;WAHR;FALSCH;FALSCH;FALSCH
871;Quelle Höhenklinik;Niederschlacht;Braunwald;8784;718685;199850;;Höhenklinik;1255;0;71819903;aus Plan gelesen;Trinkwasser;WV Einzelliegenschaft;Sicker-/Zuleitung;schlecht;Eisendeckel;Brunnenstube;Feldaufnahmen;Balz Dürst, Werkführer Braunwald;Katadyn-Filter;;14;15;16;;erforderlich;1;nein;R. Brunner;30.09.1998;59;30.09.1998;;WAHR;FALSCH;FALSCH;FALSCH
872;Quelle Egglibrünnen 2;Egglibrünnen;Braunwald;8784;717580;199495;;J. Streiff, Tschudiberg;1220;0;71719903;aus Plan gelesen;Trinkwasser;Ferienhäuser, Ställe;ab Fels;sanierungsbedürftig;Holz;Brunnenstube;Feldaufnahmen;Balz Dürst, Werkführer Braunwald;;;3;4;;;keine vorh.;1;nein;R. Brunner;30.09.1998;60;30.09.1998;;WAHR;FALSCH;FALSCH;FALSCH
873;Quelle Eggliwald;Eggliwald;Braunwald;8784;717515;199560;;J. Streiff, Tschudiberg;1230;;71719904;aus Plan gelesen;Trinkwasser;Alpgebäude;ab Fels;sanierungsbedürftig;Holz;Brunnenstube;Feldaufnahmen;Balz Dürst, Werkführer Braunwald;Besitzer Alphütte Balz Schuler;;5;6;;;keine vorh.;;nein;R. Brunner;30.09.1998;61;30.09.1998;;WAHR;FALSCH;FALSCH;FALSCH
874;Quelle Schiesser Alp Bräch Unter Stafel;Alp Bräch unter Stafel;Braunwald;8784;717515;199645;;Heiri Schiesser, Leglerberg;1245;;71719906;aus Plan gelesen;Trinkwasser;Alpgebäude;ab Fels;schlecht;keine vorh.;kein Schacht;Feldaufnahmen;Heiri Schiesser, Leglerberg Braunwald;Fassung in Alphütte;;7;8;;;keine vorh.;1;nein;R. Brunner;30.09.1998;62;30.09.1998;;WAHR;FALSCH;FALSCH;FALSCH
875;Kneugrat-Quelle 2;Kneugrat;Diesbach;8777;719525;202120;;Gde. Braunwald;1570;;71920204;aus Plan gelesen;Trinkwasser;Alpgebäude;Sicker-/Zuleitung;gut;Türe;Brunnenstube;Archiv AFU Glarus;Balz Dürst, Werkführer Braunwald, G. Tresch Gemeinderat;3 Quellen;;14;15;;;definitiv;2;ja;R. Brunner;16.04.1998;47;02.09.1998;;WAHR;FALSCH;FALSCH;FALSCH
876;Quelle Oberbelgisee Ober Stafel;;Luchsingen;8775;720450;204980;;Blumer Stiftung, Schwaden;1535;0;72020402;aus Plan gelesen;Trinkwasser;Alpgebäude;Sicker-/Zuleitung;gut;Eisendeckel mit 4 Kant;Brunnenstube;Feldaufnahmen;Fritz Dönni, Werkführer Gde. Luchsingen;wird wegen schlechter Qualität ev. neu gefasst;;14;15;;;keine vorh.;1;nein;R. Brunner;27.08.1998;26;27.08.1998;;WAHR;FALSCH;FALSCH;FALSCH
877;Quelle Oberblegisee Unter Stafel 2;Rietlen;Luchsingen;8775;720430;204120;;Blumer Stiftung, Schwanden;1340;0;72020404;aus Plan gelesen;Trinkwasser;Alpgebäude;ab Fels;gut;Eisendeckel mit 4 Kant;Brunnenstube;Feldaufnahmen;Fritz Dönni, Werkführer Gde. Luchsingen;;;18;19;;;keine vorh.;1;nein;R. Brunner;27.08.1998;28;27.08.1998;;WAHR;FALSCH;FALSCH;FALSCH
878;Quelle Bösbächi Unter Stafel;Bösbächi Unter Stafel;Luchsingen;8775;720050;203480;;Gde. Luchsingen;1160;0;72020305;aus Plan gelesen;Trinkwasser;Alpgebäude;Sicker-/Zuleitung;gut;Betondeckel;Brunnenstube;Feldaufnahmen;Fritz Dönni, Werkführer Gde. Luchsingen;;;21;22;;;keine vorh.;1;nein;R. Brunner;27.08.1998;29;27.08.1998;;WAHR;FALSCH;FALSCH;FALSCH
879;Bösbächi Unter Stafel;;Luchsingen;8775;719970;203380;;Gde. Luchsingen;1170;;71920301;aus Plan gelesen;Trinkwasser;Jägerhütte;Bachwasserfassung;;Plastiktank;kein Schacht;Feldaufnahmen;Fritz Dönni, Werkführer Gde. Luchsingen;;;8;20;;;keine vorh.;;nein;R. Brunner;27.08.1998;30;27.08.1998;;WAHR;FALSCH;FALSCH;FALSCH
880;Alp Sever;Alp Sever;Luchsingen;8775;720330;203530;;Gebr. Figi;1165;;72020306;aus Plan gelesen;Trinkwasser;Alpgebäude;unbekannt;;;;Feldaufnahmen;Fritz Dönni, Werkführer Gde. Luchsingen;vergrabener Plastiktank --> Fassung nicht sichtbar;;6;;;;keine vorh.;;;R. Brunner;04.09.1998;31;04.09.1998;;WAHR;FALSCH;FALSCH;FALSCH
881;Quelle Bärensol;Bärensol;Luchsingen;8775;720670;203540;;Gebr. Figi;1145;;72020308;aus Plan gelesen;Trinkwasser;WV Weiler/Quartier;aufstossend;;;Brunnenstube;Feldaufnahmen;Fritz Dönni, Werkführer Gde. Luchsingen;Fassung zur Zeit im Bau, versorgt 2 Liegenschaften;;9;10;;;keine vorh.;;;R. Brunner;04.09.1998;33;04.09.1998;;WAHR;FALSCH;FALSCH;FALSCH
882;Quelle Schwändenen;Schwändenen;Luchsingen;8775;721240;202470;;Werner Figi;580;0;72120208;aus Plan gelesen;Brauchwasser;Stallbrunnen;Bachwasserfassung;sanierungsbedürftig;keine vorh.;Brunnenstube;Feldaufnahmen;Fritz Dönni, Werkführer Gde. Luchsingen;;;34;35;36;;keine vorh.;;nein;R. Brunner;28.09.1998;34;28.09.1998;;WAHR;FALSCH;FALSCH;FALSCH
883;Quelle Bränd;Brand;Luchsingen;8775;721225;203410;;Siebermann;840;0;72120301;aus Plan gelesen;Trinkwasser;Ferienhäuser;ab Fels;gut;keine vorh.;Brunnenstube;Feldaufnahmen;Fritz Dönni, Werkführer Gde. Luchsingen;;;17;18;;;keine vorh.;;nein;R. Brunner;04.09.1998;35;04.09.1998;;WAHR;FALSCH;FALSCH;FALSCH
884;Quelle Zetries;Zetries;Luchsingen;8775;721100;203855;;Erbgem. Hefti;1010;0;72120302;aus Plan gelesen;Trinkwasser;Alpgebäude;ab Fels;sanierungsbedürftig;Holz;Brunnenstube;Feldaufnahmen;Fritz Dönni, Werkführer Gde. Luchsingen;;;15;16;;;keine vorh.;1;nein;R. Brunner;04.09.1998;36;04.09.1998;;WAHR;FALSCH;FALSCH;FALSCH
885;Quelle Genti;Frappli Steinigenbach;Luchsingen;8775;720900;204120;;Stüssi;1120;0;72020405;aus Plan gelesen;Trinkwasser;Ferienhäuser;ab Fels;sanierungsbedürftig;Blech-Deckel;Brunnenstube;Feldaufnahmen;Fritz Dönni, Werkführer Gde. Luchsingen;;;13;14;;;keine vorh.;0;nein;R. Brunner;04.09.1998;37;04.09.1998;;WAHR;FALSCH;FALSCH;FALSCH
886;Quelle Tschingel-Bärensol;Bärensol;Luchsingen;8775;720940;203725;;Zweifel;1105;0;72020309;aus Plan gelesen;Trinkwasser;Ferienhäuser;ab Fels;gut;Betondeckel;Brunnenstube/Reservoir;Feldaufnahmen;Fritz Dönni, Werkführer Gde. Luchsingen;;;11;12;;;keine vorh.;;nein;R. Brunner;04.09.1998;38;04.09.1998;;WAHR;FALSCH;FALSCH;FALSCH
887;Quelle 1 Schlattberg;Schlattberg;Luchsingen;8775;720600;202620;;Kurattli;1000;0;72020201;aus Plan gelesen;Trinkwasser;WV Weiler/Quartier;unbekannt;gut;Eternit;Brunnenstube;Feldaufnahmen;Fritz Dönni, Werkführer Gde. Luchsingen;mit Holz überdeckt, nur Überlauf sichtbar;;;;;;definitiv;;;R. Brunner;04.09.1998;14;04.09.1998;;WAHR;FALSCH;FALSCH;FALSCH
888;Quelle 2 Schlattberg;Schlattberg;Luchsingen;8775;720600;202610;;Kurattli;1000;0;72020202;aus Plan gelesen;Trinkwasser;WV Weiler/Quartier;Sicker-/Zuleitung;gut;Eternit;Brunnenstube/Sammelschacht;Feldaufnahmen;Fritz Dönni, Werkführer Gde. Luchsingen;;;27;28;;;definitiv;2;nein;R. Brunner;04.09.1998;15;04.09.1998;;WAHR;FALSCH;FALSCH;FALSCH
889;Quelle 3 Schlattberg;Schlattberg;Luchsingen;8775;720620;202600;;Kurattli;990;0;72020203;aus Plan gelesen;Trinkwasser;WV Weiler/Quartier;Sicker-/Zuleitung;gut;Eternit;Brunnenstube;Feldaufnahmen;Fritz Dönni, Werkführer Gde. Luchsingen;;;29;30;;;definitiv;2;nein;R. Brunner;04.09.1998;16;04.09.1998;;WAHR;FALSCH;FALSCH;FALSCH
890;Quelle B Schlattberg;Schlattberg;Luchsingen;8775;720590;202590;;Kurattli;990;0;72020205;aus Plan gelesen;Trinkwasser;WV Weiler/Quartier;Sicker-/Zuleitung;gut;Eternit;Brunnenstube;Feldaufnahmen;Fritz Dönni, Werkführer Gde. Luchsingen;;;;;;;definitiv;0;nein;R. Brunner;28.09.1998;17;28.09.1998;;WAHR;FALSCH;FALSCH;FALSCH
891;Quelle C Schlattberg;Schlattberg;Luchsingen;8775;720515;202530;;;1030;;72020206;aus Plan gelesen;;;;;;;;Fritz Dönni, Werkführer Gde. Luchsingen;Schacht nicht gefunden;;;;;;;;;Brunner;04.09.1998;18;04.09.1998;;WAHR;FALSCH;FALSCH;FALSCH
892;Quelle Zollinger;Boden;Luchsingen;8775;720530;202560;;Zollinger;1030;0;72020207;aus Plan gelesen;Trinkwasser;Ferienhäuser;Sicker-/Zuleitung;gut;Betondeckel;Brunnenstube;Feldaufnahmen;Fritz Dönni, Werkführer Gde. Luchsingen;;;21;22;;;keine vorh.;1;nein;R. Brunner;04.09.1998;19;04.09.1998;;WAHR;FALSCH;FALSCH;FALSCH
893;Quelle Binggeli;Boden;Luchsingen;8775;720490;202650;;Binggeli Richard, Kilchberg;1065;0;72020208;aus Plan gelesen;Trinkwasser;Ferienhäuser;Sicker-/Zuleitung;gut;Betondeckel;Brunnenstube;Feldaufnahmen;Fritz Dönni, Werkführer Gde. Luchsingen;nach Herbstrockenheit 2005 Quelle im Jan.2006 versiegt.;;19;20;;;keine vorh.;1;nein;R. Brunner;04.09.1998;20;04.09.1998;;WAHR;FALSCH;FALSCH;FALSCH
894;Quelle Karrer;Schlattberg;Luchsingen;8775;720710;202715;;Karrer;950;0;72020209;aus Plan gelesen;Trinkwasser;Ferienhäuser;Sicker-/Zuleitung;gut;Betondeckel;Brunnenstube;Feldaufnahmen;Fritz Dönni, Werkführer Gde. Luchsingen;;;3;4;;;keine vorh.;1;nein;R. Brunner;28.09.1998;21;28.09.1998;;WAHR;FALSCH;FALSCH;FALSCH
895;Quelle Maurer;Schlattberg;Luchsingen;8775;720665;202685;;Maurer;975;0;72020210;aus Plan gelesen;Trinkwasser;Ferienhäuser;Sicker-/Zuleitung;gut;Betondeckel;Brunnenstube;Feldaufnahmen;Fritz Dönni, Werkführer Gde. Luchsingen;;;5;6;;;keine vorh.;1;nein;R. Brunner;28.09.1998;22;28.09.1998;;WAHR;FALSCH;FALSCH;FALSCH
896;Quelle Unterer Lauiberg;Unterer Lauiberg;Luchsingen;8775;720770;202665;;Kurattli;925;0;72020211;aus Plan gelesen;Trinkwasser;Restaurant;Sicker-/Zuleitung;gut;Betondeckel;Brunnenstube;Feldaufnahmen;Fritz Dönni, Werkführer Gde. Luchsingen;Quellschacht überdeckt;;1;2;;;keine vorh.;1;nein;R. Brunner;28.09.1998;23;28.09.1998;;WAHR;FALSCH;FALSCH;FALSCH
897;Quelle Siten (Schiesser);Siten;Linthal;8783;719600;198000;;D. Schiesser, Siten;740;0;71919802;aus Plan gelesen;Brauchwasser;Stallbrunnen;Sicker-/Zuleitung;gut;Betondeckel;Brunnenstube/Reservoir;Feldaufnahmen;Hansheiri Stüssi, Werkführer Linthal;;;22;23;24;;keine vorh.;1;nein;R. Brunner;01.09.1998;;01.09.1998;;WAHR;FALSCH;FALSCH;FALSCH
898;Quelle Eggli;Eggli;Linthal;8783;718860;194760;;H.R. Reitibuch;1135;0;71819403;aus Plan gelesen;Trinkwasser;Ferienhäuser;ab Fels;gut;Alu-Deckel;Brunnenstube;Feldaufnahmen;Hansheiri Stüssi, Werkführer Linthal;Ferienhaus Sturzenegger;;14 +;16 +;18;;keine vorh.;;nein;R. Brunner;31.08.1998;37;31.08.1998;;WAHR;FALSCH;FALSCH;FALSCH
899;Quelle Oberzaun;Oberzaun;Linthal;8783;718845;195290;;Tagwen Dorf;970;0;71819503;aus Plan gelesen;Trinkwasser;Alpgebäude;ab Fels;gut;Betondeckel;Brunnenstube;Feldaufnahmen;Tagwen Dorf, Linthal;;;26;27;;;keine vorh.;1;nein;R. Brunner;31.08.1998;38;31.08.1998;;WAHR;FALSCH;FALSCH;FALSCH
900;J4, Quelle Oberrämis;Oberrämis;Linthal;8783;717485;196630;;H.H. Zweifel;870;0;71719608;aus Plan gelesen;Brauchwasser;Brunnen;Sicker-/Zuleitung;gut;Eisendeckel;Brunnenstube;Feldaufnahmen;Hansheiri Zweifel, Winterthur;;;34;35;;;keine vorh.;1;nein;R. Brunner;01.09.1998;39;01.09.1998;;WAHR;FALSCH;FALSCH;FALSCH
901;Quelle Hohritli;Hohritli/Unterberg;Linthal;8783;717225;196895;469;Gautschi;1030;0;71719609;aus Plan gelesen;Trinkwasser;WV Einzelliegenschaft;Sicker-/Zuleitung;gut;Betondeckel;Brunnenstube/Sammelschacht;Feldaufnahmen;Gautschi 643 37 92;;;1;2;;;keine vorh.;1;nein;R. Brunner;01.09.1998;40;01.09.1998;;WAHR;FALSCH;FALSCH;FALSCH
902;Quelle Chameralp;Steinbödeli;Linthal;8783;716320;195950;;Gde. Hätzingen;1295;0;71619501;aus Plan gelesen;Trinkwasser;Alpgebäude;Sicker-/Zuleitung;gut;Betondeckel;Brunnenstube;Feldaufnahmen;Beat Aebli, Werkführer Gde.Hätzingen;;;11;12;;;keine vorh.;2;nein;R. Brunner;01.09.1998;41;01.09.1998;;WAHR;FALSCH;FALSCH;FALSCH
903;Quelle Hintersand;;Linthal;8783;715630;188030;;Hansruedi Zweifel;1620;0;71518801;aus Plan gelesen;Trinkwasser;Alpgebäude;ab Fels;gut;Eisendeckel;Brunnenstube;Feldaufnahmen;Hansheiri Stüssi, Werkführer Linthal;keine Begehung, da Quelle wahrscheinlich überdeckt;;;;;;keine vorh.;;nein;R. Brunner;30.09.1998;42;30.09.1998;;WAHR;FALSCH;FALSCH;FALSCH
904;Quelle Baumgart unter Stafel;Baumgart;Linthal;8783;718560;192870;;Kaspar Aebli, Ennenda;1570;0;71819201;aus Plan gelesen;Trinkwasser;Alpgebäude;ab Fels;sanierungsbedürftig;Holz;Brunnenstube;Feldaufnahmen;Hansheiri Stüssi, Werkführer Linthal;Widder;;34;35;;;keine vorh.;;nein;R. Brunner;30.09.1998;;30.09.1998;;WAHR;FALSCH;FALSCH;FALSCH
905;Quelle Baumgart ober Stafel;Baumgart;Linthal;8783;718925;192685;;Kaspar Aebli, Ennenda;1830;0;71819202;aus Plan gelesen;Trinkwasser;Alpgebäude;ab Fels;gut;Eisendeckel;Brunnenstube;Feldaufnahmen;Hansheiri Stüssi, Werkführer Linthal;;;33;;;;keine vorh.;;nein;R. Brunner;30.09.1998;44;30.09.1998;;WAHR;FALSCH;FALSCH;FALSCH
906;Alp Bächi ober Stafel;Bächi ober Stafel;Linthal;8783;720260;195240;;Tagwen Dorf;1830;0;72019501;aus Plan gelesen;Trinkwasser;Alpgebäude;Sicker-/Zuleitung;gut;Betondeckel;Brunnenstube;Feldaufnahmen;Tagwen Dorf, Linthal;Wasser für Alp Bächi ober Stafel und Alp Hinter Durnachtal ober Stafel (Mättli);;9;10;11;;keine vorh.;2;nein;R. Brunner;29.09.1998;45;29.09.1998;;WAHR;FALSCH;FALSCH;FALSCH
907;Guetbächi Mittelstafel;Guetbächialp;Linthal;8783;720330;194815;;Tagwen Dorf;1680;0;72019401;aus Plan gelesen;Trinkwasser;Alpgebäude;ab Fels;sanierungsbedürftig;Holz;Brunnenstube;Feldaufnahmen;Tagwen Dorf, Linthal;;;12;13;14;;keine vorh.;;nein;R. Brunner;29.09.1998;46;29.09.1998;;WAHR;FALSCH;FALSCH;FALSCH
908;Quelle beim Stutz;Stutz;Linthal;8783;716950;193360;;Tagwen Dorf;1250;0;71619301;aus Plan gelesen;Trinkwasser;Alpgebäude;ab Fels;gut;Betondeckel;Brunnenstube/Reservoir;Feldaufnahmen;Tagwen Dorf, Linthal;für Alp Brügglis unter Stafel (Tagwen Dorf) + Alp Chrummlaui (Ennenda);;15;16;;;keine vorh.;;nein;R. Brunner;29.09.1998;47;29.09.1998;;WAHR;FALSCH;FALSCH;FALSCH
909;Quelle ober Stäfeli;Ober Stäfeli;Linthal;8783;715570;191880;;Tagwen Dorf;1780;0;71519101;aus Plan gelesen;Trinkwasser;Alpgebäude;ab Fels;gut;Eisendeckel mit 4 Kant;Brunnenstube;Feldaufnahmen;Tagwen Dorf, Linthal;;;17;18;19 +;;keine vorh.;;nein;R. Brunner;29.09.1998;48;29.09.1998;;WAHR;FALSCH;FALSCH;FALSCH
910;Quelle Burg;Burg;Linthal;8783;715550;192075;;Gde. Ennenda;1860;0;71519201;aus Plan gelesen;Trinkwasser;Alpgebäude;ab Fels;gut;Eisendeckel;Brunnenstube;Feldaufnahmen;Herr Jäger, EW Ennenda;;;21;22;;;keine vorh.;;nein;R. Brunner;29.09.1998;49;29.09.1998;;WAHR;FALSCH;FALSCH;FALSCH
911;Quelle Chäsboden;Vornacken;Linthal;8783;716140;193340;;Gde. Ennenda;1465;0;71619302;aus Plan gelesen;Trinkwasser;Alpgebäude;Sicker-/Zuleitung;gut;Eisendeckel;Brunnenstube;Feldaufnahmen;Herr Jäger, EW Ennenda;;;23;24;;;keine vorh.;1;nein;R. Brunner;29.09.1998;50;29.09.1998;;WAHR;FALSCH;FALSCH;FALSCH
912;Quelle Bäreboden;Bäreboden;Linthal;8783;716240;193700;;Vock;1620;0;71619303;aus Plan gelesen;Trinkwasser;Alpgebäude;ab Fels;schlecht;Holz;Brunnenstube;Feldaufnahmen;Hansheiri Stüssi, Werkführer Linthal;;;25;26;;;keine vorh.;;nein;R. Brunner;29.09.1998;51;29.09.1998;;WAHR;FALSCH;FALSCH;FALSCH
913;Quelle Alp Hinter Durnachtal;Hinter Durnachtal;Linthal;8783;722040;195340;;Tagwen Dorf;1400;0;72219501;aus Plan gelesen;Trinkwasser;Alpgebäude;ab Fels;gut;Betondeckel;Brunnenstube/Reservoir;Feldaufnahmen;Tagwen Dorf, Linthal;;;27;28;;;keine vorh.;;nein;R. Brunner;29.09.1998;52;29.09.1998;;WAHR;FALSCH;FALSCH;FALSCH
914;Quelle Mittel Durnachtal Stäfeli;;Linthal;8783;721690;195970;;Tagwen Matt;1430;0;72119501;aus Plan gelesen;Trinkwasser;Alpgebäude;Sicker-/Zuleitung;gut;Betondeckel;Brunnenstube/Reservoir;Feldaufnahmen;Tagwen Matt, Linthal;;;29;30;;;keine vorh.;1;nein;R. Brunner;29.09.1998;53;29.09.1998;;WAHR;FALSCH;FALSCH;FALSCH
915;Quelle Bodmen;Bodmen;Linthal;8783;720610;196020;;Tagwen Matt;1830;0;72019601;aus Plan gelesen;Trinkwasser;Alpgebäude;ab Fels;sanierungsbedürftig;Holz;Brunnenstube;Feldaufnahmen;Tagwen Matt, Linthal;;;31;32;;;keine vorh.;;nein;R. Brunner;29.09.1998;54;29.09.1998;;WAHR;FALSCH;FALSCH;FALSCH
916;Quelle Rieter Ortsstafel;Rieter Ortsstafel;Linthal;8783;716780;198380;;Tagwen Dorf;1740;;71619801;aus Plan gelesen;Trinkwasser;Alpgebäude;Bachwasserfassung;;;;Feldaufnahmen;Tagwen Dorf, Linthal;keine Begehung;;;;;;keine vorh.;;;R. Brunner;01.09.1998;55;01.09.1998;;WAHR;FALSCH;FALSCH;FALSCH
917;Quelle Rietberg Mittel Stafel;Rietberg;Linthal;8783;717210;198275;;Tagwen Dorf;1500;20;71719801;aus Plan gelesen;Trinkwasser;Alpgebäude;Sicker-/Zuleitung;gut;Betondeckel;Brunnenstube;Feldaufnahmen;Tagwen Dorf, Linthal;Überwasser in Reservoir Riet;;19;20;;;keine vorh.;;nein;R. Brunner;01.09.1998;56;01.09.1998;;WAHR;FALSCH;FALSCH;FALSCH
918;Quelle Chameralp ober Stafel;Ober Stafel;Linthal;8783;715980;195110;;Gde. Hätzingen;1750;0;71519501;aus Plan gelesen;Trinkwasser;Alpgebäude;Sicker-/Zuleitung/ ab Fels;gut;Betondeckel;Brunnenstube;Feldaufnahmen;Beat Aebli, Werkführer Gde.Hätzingen;;;13;14;;;keine vorh.;1;nein;R. Brunner;01.09.1998;57;01.09.1998;;WAHR;FALSCH;FALSCH;FALSCH
919;Quelle Friteren Hinter Stafel;Friteren Hinter Stafel;Linthal;8783;714575;196485;;Tagwen Ennetlinthli;1440;;71419601;aus Plan gelesen;Trinkwasser;Alpgebäude;Bachwasserfassung;;;;Feldaufnahmen;Tagwen Ennetlinthli Linthal;;;15;;;;keine vorh.;;;R. Brunner;01.09.1998;58;01.09.1998;;WAHR;FALSCH;FALSCH;FALSCH
920;Quelle Ober Friteren;unterhalb Kelle;Linthal;8783;715720;197260;;Tagwen Ennetlinthli;1580;;71519701;aus Plan gelesen;Trinkwasser;Alpgebäude;Bachwasserfassung;;;;Feldaufnahmen;Tagwen Ennentlinthli Linthal;;;16;17;18;;keine vorh.;;;R. Brunner;01.09.1998;59;01.09.1998;;WAHR;FALSCH;FALSCH;FALSCH
921;Quelle Ortstafel;Ortstafel;Linthal;8783;714900;197500;;Tagwen Ennetlinthli;1900;;71419701;aus Plan gelesen;Trinkwasser;Alpgebäude;Bachwasserfassung;;;;Feldaufnahmen;Tagwen Ennetlinthli Linthal;während ca. 1 Monat/Jahr Bachwasserfassung unterhalb Schneefeld, keine Begehung;;;;;;keine vorh.;;;R. Brunner;01.09.1998;60;01.09.1998;;WAHR;FALSCH;FALSCH;FALSCH
922;Quelle Reservoir Riet;Riet unter Stafel;Linthal;8783;717530;198200;;Tagwen Dorf;1390;;71719802;aus Plan gelesen;Trinkwasser;Restaurant Nussbühl;ab Fels;gut;Tor;Reservoir;Feldaufnahmen;Tagwen Dorf Linthal;#NAME?;;21;;;;erforderlich;1;ja;R. Brunner;01.09.1998;61;01.09.1998;;WAHR;FALSCH;FALSCH;FALSCH
923;Quelle Ober Fessis;Wasserböden;Sool;8762;728530;209120;;Gde. Sool;2020;;72820901;aus Plan gelesen;Trinkwasser;Alpgebäude;Bachwasserfassung;gut;keine vorh.;Brunnenstube;Feldaufnahmen;W. Kessler, Förster Sool;Neufasssung 1997, Katadyn-Filter in Hütte;;;;;;keine vorh.;;nein;R. Brunner;25.08.1998;26;25.08.1998;;WAHR;FALSCH;FALSCH;FALSCH
924;Quelle Jagdhütte Chli Gheist;Chli Gheist;Sool;8762;727770;207945;;Hugo Unold, Sool;1480;;72720706;aus Plan gelesen;Trinkwasser;Jagdhütte;Bachwasserfassung;;;;Feldaufnahmen;Hugo Unold, Sool;;;;;;;keine vorh.;;;R. Brunner;25.08.1998;27;25.08.1998;;WAHR;FALSCH;FALSCH;FALSCH
925;Quelle Vorderberg;Berg;Filzbach;8757;727090;219640;;Jakob Menzi;855;;72721903;aus Plan gelesen;Trinkwasser;WV Einzelliegenschaft;Sicker-/Zuleitung;sanierungsbedürftig;Eisentorl;Brunnenstube;Feldaufnahmen;J.Menzi, Vorderberg Filzbach;;;6;7;;;keine vorh.;1;nein;Brunner;30.06.1999;17;30.06.1999;;WAHR;FALSCH;FALSCH;FALSCH
926;Quelle Britterwald, 2;;Filzbach;8757;726515;219970;;Gde. Filzbach;655;10;72621905;aus Plan gelesen;Trinkwasser;WV Einzelliegenschaft;Sicker-/Zuleitung;gut;Betondeckel;Brunnenstube/Reservoir;Feldaufnahmen;Paul Menzi, Brunnenmeister Filzbach;;;14;15;;;keine vorh.;1;nein;Brunner;30.06.1999;18;30.06.1999;;WAHR;FALSCH;FALSCH;FALSCH
927;Quelle Britterwald, 3;;Filzbach;8757;726630;219970;;Gde. Filzbach;690;;72621906;aus Plan gelesen;im Moment ungenutzt;keine Nutzung;Sicker-/Zuleitung;sanierungsbedürftig;;Reservoir;Feldaufnahmen;Paul Menzi, Brunnenmeister Filzbach;Nutzung ehemals für Rest. Brennboden;;16;;;;keine vorh.;;nein;Brunner;30.06.1999;19;30.06.1999;;WAHR;FALSCH;FALSCH;FALSCH
928;Quelle Oberheimet, 2;;Filzbach;8757;728365;219730;;TV Dübendorf;800;0;72821908;aus Plan gelesen;Trinkwasser;WV Einzelliegenschaft;ab Fels;gut;Eisendeckel;Brunnenstube;Feldaufnahmen;Paul Menzi, Brunnenmeister Filzbach;Überwasser in Quelle Oberheimet 1;;21;22;;;keine vorh.;;nein;Brunner;30.06.1999;16;30.06.1999;;WAHR;FALSCH;FALSCH;FALSCH
929;Quelle Oberheimet, 3;;Filzbach;8757;728450;219655;;TV Dübendorf;825;0;72821909;aus Plan gelesen;Trinkwasser;WV Einzelliegenschaft;Sicker-/Zuleitung;gut;Eisendeckel;Brunnenstube;Feldaufnahmen;Paul Menzi, Brunnenmeister Filzbach;;;23;24;;;keine vorh.;1;nein;Brunner;30.06.1999;20;30.06.1999;;WAHR;FALSCH;FALSCH;FALSCH
930;Quelle Obere Eggen, 2;;Filzbach;8757;728185;219700;;Wilhelm + Hans Kamm;815;10;72821905;aus Plan gelesen;Trinkwasser;WV Einzelliegenschaft;Sicker-/Zuleitung;gut;Betondeckel;Brunnenstube;Feldaufnahmen;Wilhelm + Hans Kamm, Filzbach;;;29;30;;;keine vorh.;3;nein;Brunner;30.06.1999;21;30.06.1999;;WAHR;FALSCH;FALSCH;FALSCH
931;Quelle Untere Eggen;Eggen;Filzbach;8757;728220;219715;;B. Fürrer, E. Kamm;815;0;72821906;aus Plan gelesen;Trinkwasser;Ferienhäuser;Sicker-/Zuleitung;gut;Betondeckel;Brunnenstube;Feldaufnahmen;Beda Fürrer-Kamm, E.Kamm-Bürge;;;27;28;;;keine vorh.;1;nein;Brunner;30.06.1999;22;30.06.1999;;WAHR;FALSCH;FALSCH;FALSCH
932;Quelle Gschwend;Gschwend;Filzbach;8757;728340;219500;;Motzer;860;0;72821910;aus Plan gelesen;Trinkwasser;Ferienhäuser;Sicker-/Zuleitung;gut;Plastik;Brunnenstube/Reservoir;Feldaufnahmen;Paul Menzi, Brunnenmeister Filzbach;;;31;32;;;;1;ja;Brunner;30.06.1999;23;30.06.1999;;WAHR;FALSCH;FALSCH;FALSCH
933;Quelle Allmeindli;Rietli;Filzbach;8757;727870;218670;;Gde. Filzbach;1170;0;72721801;aus Plan gelesen;Trinkwasser;Ferienhäuser;ab Fels;gut;Betondeckel;Brunnenstube;Feldaufnahmen;Paul Menzi, Brunnenmeister Filzbach;;;1;2;;;keine vorh.;;nein;Brunner;30.06.1999;24;30.06.1999;;WAHR;FALSCH;FALSCH;FALSCH
934;Quelle Kängelegg;Rossweid;Filzbach;8757;728440;218800;;Melchior Kamm, Hans Menzi;1145;;72821801;aus Plan gelesen;Trinkwasser;Ferienhäuser;ab Fels;;Steinplatten;;Feldaufnahmen;Paul Menzi, Brunnenmeister Filzbach;;;3;4;5;;;;;Brunner;30.06.1999;25;30.06.1999;;WAHR;FALSCH;FALSCH;FALSCH
935;Quelle im Suunberg 2;;Filzbach;8757;729065;219800;;Hans Menzi- Dürst;860;0;72921905;aus Plan gelesen;Trinkwasser;2 Einzelliegenschaft;Sicker-/Zuleitung;gut;Betondeckel;Brunnenstube;Feldaufnahmen;Paul Menzi, Brunnenmeister Filzbach;;;10;11;;;keine vorh.;1;nein;Brunner;30.06.1999;26;30.06.1999;;WAHR;FALSCH;FALSCH;FALSCH
936;Quelle Chriesbaumbrunnen, 2;;Niederurnen;8867;718900;220620;;WV Niederurnen;1160;80;71822002;aus Plan gelesen;Trinkwasser;WV Gemeinde;Sicker-/Zuleitung;gut;Pilzdeckel feuerverzinkt;Brunnenstube;Feldaufnahmen;Herr Brügger, EW Niederurnen;;;2;3;;;definitiv;1;ja;Brunner;17.06.1999;5;17.06.1999;;WAHR;FALSCH;FALSCH;FALSCH
937;Quelle Chriesbaumbrunnen, 3;;Niederurnen;8867;718930;220620;;WV Niederurnen;1170;12;71822003;aus Plan gelesen;Trinkwasser;WV Gemeinde;Sicker-/Zuleitung;gut;Pilzdeckel feuerverzinkt;Brunnenstube;Feldaufnahmen;Herr Brügger, EW Niederurnen;1982 saniert;;4;5;;;definitiv;1;ja;Brunner;17.06.1999;6;17.06.1999;;WAHR;FALSCH;FALSCH;FALSCH
938;Quelle Riesler;Riesler;Mühlehorn;8874;730940;220095;;Otto Kamm + Jakob Haltiner;525;0;73022004;aus Plan gelesen;Trinkwasser;WV Einzelliegenschaft;ab Fels;gut;Eisendeckel;Brunnenstube;Feldaufnahmen;Jakob Haltiner, Mühlehorn;12+13 =Reservoir;;12+13;26;27;;keine vorh.;;;Brunner;01.07.1999;1;01.07.1999;;WAHR;FALSCH;FALSCH;FALSCH
939;Quelle Katzenboden;;Mühlehorn;8874;731715;218685;;Markus Egger;850;0;73121801;aus Plan gelesen;Trinkwasser;3 Häuser + Stalle;ab Bach;schlecht;Holz;Brunnenstube;Feldaufnahmen;Markus Egger, Mühlhorn;;;14;15;;;keine vorh.;0;nein;Brunner;01.07.1999;2;01.07.1999;;WAHR;FALSCH;FALSCH;FALSCH
940;Quelle Hegetschweiler;Katzenboden;Mühlehorn;8874;731470;218600;;Hubert Hegetschweiler, Walenstadt;900;0;73121802;aus Plan gelesen;Trinkwasser;Ferienhäuser;Sicker-/Zuleitung;gut;Betondeckel;Brunnenstube;Feldaufnahmen;Hubert Hegetschweiler, Walenstadt;;;16;17;;;keine vorh.;1;nein;Brunner;01.07.1999;3;01.07.1999;;WAHR;FALSCH;FALSCH;FALSCH
941;Quelle Wagner;Katzenboden;Mühlehorn;8874;731570;218605;;Willi Wagner, Uster;900;0;73121803;aus Plan gelesen;Trinkwasser;Ferienhäuser;Sicker-/Zuleitung;gut;Plastik;Brunnenstube;Feldaufnahmen;Willi Wagner, Uster;;;18;19;;;keine vorh.;1;nein;Brunner;01.07.1999;4;01.07.1999;;WAHR;FALSCH;FALSCH;FALSCH
942;Quelle Christinger;Katzenboden;Mühlehorn;8874;731590;218600;;Ernst Christinger;900;0;73121804;aus Plan gelesen;Trinkwasser;Ferienhäuser;Sicker-/Zuleitung;gut;Plastiktank;Brunnenstube/Reservoir;Feldaufnahmen;Ernst Christinger;;;20;21;;;keine vorh.;1;nein;Brunner;01.07.1999;5;01.07.1999;;WAHR;FALSCH;FALSCH;FALSCH
943;Quelle Dürst;Katzenboden;Mühlehorn;8874;731530;218710;;Peter Dürst, Brenden Mühlehorn;845;0;73121805;aus Plan gelesen;Brauchwasser;Ställe;ab Fels;sanierungsbedürftig;Holz;Brunnenstube;Feldaufnahmen;Peter Dürst, Brenden Mühlehorn;;;22;23;;;keine vorh.;;nein;Brunner;01.07.1999;6;01.07.1999;;WAHR;FALSCH;FALSCH;FALSCH
944;Quelle Hurter;Katzenboden;Mühlehorn;8874;731670;218685;;Hurter;870;0;73121806;aus Plan gelesen;Trinkwasser;Ferienhäuser;Sicker-/Zuleitung;gut;Betondeckel;Brunnenstube;Feldaufnahmen;;;;24;25;;;keine vorh.;1;nein;Brunner;01.07.1999;7;01.07.1999;;WAHR;FALSCH;FALSCH;FALSCH
945;Quelle Küng;Sattel;Mühlehorn;8874;732350;218725;;Küng Kurt, Mühlehorn;810;;73221801;aus Plan gelesen;Trinkwasser;WV Einzelliegenschaft;ab Fels;sanierungsbedürftig;Holz;Brunnenstube;Feldaufnahmen;Küng Marti, Mühlehorn;für Haus und Stall Ennetlinden;;26;27;;;keine vorh.;;;Brunner;01.07.1999;8;01.07.1999;;WAHR;FALSCH;FALSCH;FALSCH
946;Quelle im Wasser;;Mühlehorn;8874;732160;218190;;diverse;1050;0;73221803;aus Plan gelesen;Trinkwasser;Ferienhäuser + Ställe;ab Fels;sanierungsbedürftig;Blech-Deckel;Brunnenstube;Feldaufnahmen;Küng Niklaus, Werkführer Mühlehorn;;;31;32;;;keine vorh.;0;;Brunner;01.07.1999;10;01.07.1999;;WAHR;FALSCH;FALSCH;FALSCH
947;Quelle Enzboden;Enzboden;Mühlehorn;8874;732092;218820;;WV Mühlhorn;770;;73221802;aus Plan gelesen;Trinkwasser;WV Gemeinde;;gut;Eisendeckel;Brunnenstube;Feldaufnahmen;Küng Niklaus, Werkführer Mühlehorn;z.Z. Baustelle- neue Ableitung, ev. Neufassung von ca. 100l/min., die neben der Fassung austreten. Vorsicht 2 versch. Schutzzonenpläne;;28;29;30;;definitiv;;ja;Brunner;01.07.1999;9;01.07.1999;;WAHR;FALSCH;FALSCH;FALSCH
948;Quelle Fronalpstock 1;;Ennenda;8755;726835;214090;;Tagwen Mollis;1835;0;72621401;aus Plan gelesen;Trinkwasser;Alpgebäude;ab Fels;sanierungsbedürftig;Eisendeckel;Brunnenstube/Sammelschacht;Feldaufnahmen;Tagwen Mollis;;;14;15;;;keine vorh.;1;nein;Brunner;28.06.1999;71;28.06.1999;;WAHR;FALSCH;FALSCH;FALSCH
949;Quelle Fronalpstock 2;;Ennenda;8755;726830;214095;;Tagwen Mollis;1820;0;72621402;aus Plan gelesen;Trinkwasser;Alpgebäude;ab Fels;gut;Eisen;Brunnenstube;Feldaufnahmen;Tagwen Mollis;;;14;16;;;keine vorh.;1;nein;Brunner;28.06.1999;72;28.06.1999;;WAHR;FALSCH;FALSCH;FALSCH
950;Quelle Obere Fronalp;;Ennenda;8755;726930;213785;;Tagwen Mollis;1820;0;72621302;aus Plan gelesen;Trinkwasser;Alpgebäude/ Brunnen;Sicker-/Zuleitung;gut;Betondeckel;Brunnenstube/Sammelschacht;Feldaufnahmen;Tagwen Mollis;;;17;18;;;keine vorh.;2;nein;Brunner;28.06.1999;73;28.06.1999;;WAHR;FALSCH;FALSCH;FALSCH
951;Quelle Loch 4;Loch;Matt;8766;730435;201530;;Gde.Matt;1330;;73020103;aus Plan gelesen;Trinkwasser;WV Gemeinde;Sicker-/Zuleitung;gut;Eisentor;Brunnenstube;Feldaufnahmen;Christoph Marti, Werkführer Matt;;;12;13;;;definitiv;1;ja;Brunner;18.10.1999;;18.10.1999;;WAHR;FALSCH;FALSCH;FALSCH
952;Quelle Bächruns 4;im Bächrüsli;Mollis;8753;725318;216426;;WV Mollis;770;0;72521611;aus Plan gelesen;Trinkwasser;WV Gemeinde;Sicker-/Zuleitung;gut;Tor ROMAG;Brunnenstube/Sammelschacht;Feldaufnahmen;Ernst Bühler, Werkführer Mollis;Anzahl Zuleitungen: 1Quelle + 2Zuleitungen;;33;34;;;definitiv;;ja;Brunner;28.06.1999;75;28.06.1999;;WAHR;FALSCH;FALSCH;FALSCH
953;Quelle Rudelirank;;Mollis;8753;724605;217940;;diverse;700;30;72421701;aus Plan gelesen;Trinkwasser;Ferienhäuser;ab Fels;schlecht;keine vorh.;Brunnenstube;Feldaufnahmen;Ernst Bühler, Werkführer Mollis;;;16;17;18/19;;keine vorh.;1;nein;Brunner;28.06.1999;76;28.06.1999;;WAHR;FALSCH;FALSCH;FALSCH
954;Quelle Rast Nürüt 1;;Mollis;8753;725480;218695;;Jakob Rast- Steiner;920;0;72521805;aus Plan gelesen;Trinkwasser;WV Einzelliegenschaft;ab Fels;gut;Eternit- Deckel;Brunnenstube/Sammelschacht;Feldaufnahmen;J. Rast-Steiner, Nürüt Mollis;;;22;23;;;keine vorh.;;nein;Brunner;29.06.1999;77;29.06.1999;;WAHR;FALSCH;FALSCH;FALSCH
955;Quelle Rast Nürüt 2;;Mollis;8753;725470;218715;;Jakob Rast- Steiner;710;10;72521806;aus Plan gelesen;Brauchwasser;Stall;Sicker-/Zuleitung;gut;;Brunnenstube/Sammelschacht;Feldaufnahmen;J. Rasr-Steiner, Nürüt Mollis;;;;;;;keine vorh.;1;nein;Brunner;29.06.1999;78;29.06.1999;;WAHR;FALSCH;FALSCH;FALSCH
956;Quelle Bodenberg;;Mollis;8753;725825;219130;;M. Menzi-Mouron;890;40;72521903;aus Plan gelesen;Trinkwasser;WV Einzelliegenschaft;Sicker-/Zuleitung;gut;Betondeckel;Brunnenstube/Reservoir;Feldaufnahmen;M. Menzi-Mouron, Bodenberg Mollis;;;23;24;25;;keine vorh.;2;nein;Brunner;29.06.1999;79;29.06.1999;;WAHR;FALSCH;FALSCH;FALSCH
957;Quelle Rychen Iberg;Iberg- Obstock;Mollis;8753;725540;217770;;Jakob Rychen;1030;0;72521703;aus Plan gelesen;Trinkwasser;Einzel- und Ferienhäuser;Sicker-/Zuleitung;einigermassen;Holz;Brunnenstube/Reservoir;Feldaufnahmen;Jakob Rychen, Mollis;;;32;33;;;keine vorh.;2;nein;Brunner;29.06.1999;80;29.06.1999;;WAHR;FALSCH;FALSCH;FALSCH
958;Quelle Obstock;Obstock;Mollis;8753;725510;217760;;;1025;0;72521704;aus Plan gelesen;Trinkwasser;Ferienhaus;Sicker-/Zuleitung;gut;Eisentor;Brunnenstube;Feldaufnahmen;Ernst Bühler, Werkführer Mollis;;;34;;;;keine vorh.;1;nein;Brunner;29.06.1999;81;29.06.1999;;WAHR;FALSCH;FALSCH;FALSCH
959;Quelle Heer Obstock;;Mollis;8753;725320;217800;;Fritz Heer Mollis;990;10;72521705;aus Plan gelesen;Trinkwasser;Ferienhaus;Sicker-/Zuleitung;gut;Holz;Brunnenstube;Feldaufnahmen;Fritz Heer, Mollis;Messung im Überlauf;;35;;;;keine vorh.;1;ja;Brunner;29.06.1999;82;29.06.1999;;WAHR;FALSCH;FALSCH;FALSCH
960;Quelle Liriberg;Liriberg;Mollis;8753;726265;219350;;Johann Lienhard;880;;72621903;aus Plan gelesen;Trinkwasser;Einzelliegenschaft + Ferienhaus;ab Fels;schlecht;Holz;Brunnenstube;Feldaufnahmen;Johann Lienhard, Mollis;;;28;29;30;;keine vorh.;2;nein;Brunner;29.06.1999;83;29.06.1999;;WAHR;FALSCH;FALSCH;FALSCH
961;Quelle Britterberg;Britterberg;Mollis;8753;725955;218230;;Kaspar Lenzinger- Schrepfer;860;30;72521807;aus Plan gelesen;Trinkwasser;Einzelliegenschaft;Sicker-/Zuleitung;gut;Eisendeckel 4 Kant;Brunnenstube/Reservoir;Feldaufnahmen;Kaspar Leuzinger, Mollis;Schacht nicht aufgebracht, gem. Mail R. Brunner vom 22.1.2014 ist Lage wahrsch. 1 km nördlicher ???;;31;;;;keine vorh.;1;nein;Brunner;29.06.1999;84;29.06.1999;;WAHR;FALSCH;FALSCH;FALSCH
962;Goldigenwäldli, Rusteli 2;;Mollis;8753;724770;215665;;Gde. Mollis;770;0;72421502;aus Plan gelesen;Trinkwasser;2 Ferienhäuser, 2 Gade + Brunnen;ab Fels/ Boden;sanierungsbedürftig;Betondeckel;Brunnenstube;Feldaufnahmen;Ernst Bühler, Werkführer Mollis;;;7;8;;;keine vorh.;;nein;Brunner;02.07.1999;85;02.07.1999;;WAHR;FALSCH;FALSCH;FALSCH
963;Quelle Schwändeli 2;;Mollis;8753;724770;217310;;Doris Beglinger;540;;72421703;aus Plan gelesen;Brauchwasser;Stall + Brunnen;;;;;Feldaufnahmen;Doris Beglinger, Niderwilerstr., Mollis;überdeckt;;13;;;;keine vorh.;;;Brunner;02.07.1999;86;02.07.1999;;WAHR;FALSCH;FALSCH;FALSCH
964;Quelle Blaser, Schwändeli;;Mollis;8753;725040;217155;;Mario Blaser;605;10;72521706;aus Plan gelesen;Trinkwasser;Einzelliegenschaft;Sicker-/Zuleitung;gut;Betondeckel;Brunnenstube/Reservoir;Feldaufnahmen;Mario Blaser, Schwändeli Mollis;;;14;15;;;keine vorh.;1;nein;Brunner;02.07.1999;87;02.07.1999;;WAHR;FALSCH;FALSCH;FALSCH
965;Quelle Mulleren 2;;Mollis;8753;726900;217230;;WK Mulleren;1550;0;72621711;;Trinkwasser;WV Mullern,Rest. Alpenrösli, Ferien- und Wohnhäus.;Sicker-/Zuleitung;gut;Eisendeckel 4kant.;Brunnenstube;Feldaufnahmen;J. Winteler-Tresch, Mulleren;;;34;35;36;;erforderlich;1;nein;Brunner;29.06.1999;88;29.06.1999;;WAHR;FALSCH;FALSCH;FALSCH
966;Quelle Willi Wang;Alprüteli;Elm;8767;733160;198140;;Ferienhäuser Alprüteli;1210;10;73319802;aus Plan gelesen;Trinkwasser;WV Gemeinde Elm (neu), Ferienhäuser;Sicker-/Zuleitung;gut;Eisendeckel 4 Kant;Brunnenstube;Feldaufnahmen;Walter Frei;;;2;3;;;keine vorh.;1;nein;Brunner;15.06.1999;51;15.06.1999;;WAHR;FALSCH;FALSCH;FALSCH
967;QuelleEmpächli Bergli (Disch);Bergli;Elm;8767;730260;197660;;Disch Peter+Kaspar, Marti Blasius;1455;0;73019705;aus Plan gelesen;Trinkwasser;Weiler;Sicker-/Zuleitung;gut;Eisendeckel mit 4 Kant;Brunnenstube;Feldaufnahmen;Samuel Hefti, EW Elm;;;19;20;;;keine vorh.;1;nein;Brunner;15.06.1999;52;15.06.1999;;WAHR;FALSCH;FALSCH;FALSCH
968;Quelle Elmag- Rain 2;Wiese;Elm;8767;731745;197715;;Kaspar Elmer;995;0;73119702;aus Plan gelesen;Trinkwasser;Dorfbrunnrn, Ställe;Sicker-/Zuleitung;gut;Eisen 4-kant;Brunnenstube;Feldaufnahmen;Kaspar Elmer, Elm;Sandgassbrunnen;;27;28;;;keine vorh.;1;nein;Brunner;15.06.1999;53;15.06.1999;;WAHR;FALSCH;FALSCH;FALSCH
969;Quelle Elmag- Rain 3;Wiese;Elm;8767;731755;197725;;Kaspar Elmer, Fleischgasse;995;40;73119703;aus Plan gelesen;Trinkwasser;WV Einzelliegenschaft;Sicker-/Zuleitung;gut;Betondeckel;Brunnenstube;Feldaufnahmen;Kaspar Elmer, Elm;;;29;;;;keine vorh.;1;nein;Brunner;15.06.1999;54;15.06.1999;;WAHR;FALSCH;FALSCH;FALSCH
970;Quelle Unterbergli;Unterbergli;Engi;8765;729960;205450;;H.Altmann;840;0;72920504;;Trinkwasser;2 Liegenschaften;Aufstossend;genügend;Betondeckel;Brunnenstube;Feldaufnahmen;Heinrich Altmann, Unterbergli Engi;;;17;18;;;keine vorh.;0;nein;Brunner;19.08.1999;23;19.08.1999;;WAHR;FALSCH;FALSCH;FALSCH
971;Quelle Fitter-Chamm Ober Staffel;Matt;Engi;8765;733570;205320;;Gde. Engi;2025;0;73320501;aus Plan gelesen;Trinkwasser;Alpgebäude;ab Fels;gut;Eisen mit 4-Kant;Brunnenstube/Reservoir;Feldaufnahmen;Fux Ernst, Werkführer Engi;;;23;24;25;;keine vorh.;2;nein;Brunner;19.08.1999;24;19.08.1999;;WAHR;FALSCH;FALSCH;FALSCH
972;Quelle Wasserböden;Wasserböden;Engi;8765;733110;204690;;Gde. Engi;1820;20;73320401;aus Plan gelesen;Trinkwasser;Alpgebäude Stöfeli;Sicker-/Zuleitung;gut;Betondeckel;Brunnenstube;Feldaufnahmen;Fux Ernst, Werkführer Engi;;;26;27;;;keine vorh.;1;nein;Brunner;19.08.1999;25;19.08.1999;;WAHR;FALSCH;FALSCH;FALSCH
973;Quelle Trosboden;Trosboden;Engi;8765;732370;205340;;Gde. Engi;1730;;73220501;aus Plan gelesen;Trinkwasser;Alpgebäude Sandigen;ab Fels;gut;Blech-Deckel;Brunnenstube;Feldaufnahmen;Fux Ernst, Werkführer Engi;;;28;29;;;keine vorh.;;nein;Brunner;19.08.1999;26;19.08.1999;;WAHR;FALSCH;FALSCH;FALSCH
974;Quelle Lindenbodenberg;Lindenbodenberg;Engi;8765;731030;205440;;Elsa Marti;1105;0;73120503;aus Plan gelesen;Trinkwasser;Einzelliegenschaft + Ferienhaus;Sicker-/Zuleitung;gut;Betondeckel;Brunnenstube/Reservoir;Feldaufnahmen;Elsa Marti Lindenbodenberg, Engi;;;35;36;;;keine vorh.;1;nein;Brunner;19.08.1999;27;19.08.1999;;WAHR;FALSCH;FALSCH;FALSCH
975;Quelle Höfliegg;;Engi;8765;729150;205710;29;;755;0;72920501;;Brauchwasser;Brunnen;Sicker-/Zuleitung;sanierungsbedürftig;Betondeckel;Brunnenstube;Feldaufnahmen;;;;;;;;keine vorh.;;nein;M.Simmler;25.03.1998;;25.03.1998;;WAHR;FALSCH;FALSCH;FALSCH
976;Quelle Lindenbodenberg 2;Lindenbodenberg;Engi;8765;731090;205430;;Elsa Marti;1130;0;73120504;aus Plan gelesen;Trinkwasser;Einzelliegenschaft;Sicker-/Zuleitung;gut;Betondeckel;Brunnenstube/Reservoir;Feldaufnahmen;Elsa Marti, Lindenbodenberg Engi;Reservoir vollständig überdeckt;;1;;;;keine vorh.;2;nein;Brunner;19.08.1999;28;19.08.1999;;WAHR;FALSCH;FALSCH;FALSCH
977;Quelle Stöckenberg;Stöckenberg;Engi;8765;731150;205340;;Kaspar Luchsinger;1145;0;73120505;;Trinkwasser;Einzelliegenschaft;ab Fels;schlecht;Schieferplatte;Brunnenstube;Feldaufnahmen;Kaspar Luchsinger, Berg Engi;;;2;3;;;keine vorh.;0;nein;Brunner;19.08.1999;29;19.08.1999;;WAHR;FALSCH;FALSCH;FALSCH
978;Quelle Geissberg;Geissberg;Engi;8765;730610;205360;;Gde. Engi;910;;73020504;;Trinkwasser;Einzelliegenschaft;;;;;Feldaufnahmen;Fux Ernst, Werkführer Engi;"Brunnenstube überdeckt
Trinkwasserversorgung für Haus Andi Rhyner, Elm";;6;;;;keine vorh.;;;Brunner;19.08.1999;31;19.08.1999;;WAHR;FALSCH;FALSCH;FALSCH
979;Quelle Fährenboden;Fährenboden;Engi;8765;730940;205230;;Konrad Marti;1040;0;73020505;aus Plan gelesen;Trinkwasser;Einzelliegenschaft;ab Fels;schlecht;Holz;Brunnenstube;Feldaufnahmen;Konrad Marti, Fährenboden Engi;;;4;5;;;keine vorh.;0;nein;Brunner;19.08.1999;30;19.08.1999;;WAHR;FALSCH;FALSCH;FALSCH
980;Quelle Vorder Auen;Rüfi Höschetli;Elm;8767;730375;196890;;Korporation;1110;0;73019603;aus Plan gelesen;Trinkwasser;5 Liegenschaften;Bachwasserfassung;gut;Eisendeckel;Brunnenstube;Feldaufnahmen;Oswald Rhyner, Sunnehügli Elm;;;6;7;;;keine vorh.;1;nein;Brunner;18.08.1999;55;18.08.1999;;WAHR;FALSCH;FALSCH;FALSCH
981;Quelle Elmer + Pfiffner;Rüfi Höschetli;Elm;8767;730385;196900;;Elmer+Pfiffner;1110;0;73019602;aus Plan gelesen;Trinkwasser;4 Wohnhäuser;Aufstossend;genügend;Holz;Brunnenstube;Feldaufnahmen;Beat Elmer, Rüfi Elm;;;8;9;;;keine vorh.;0;nein;Brunner;18.08.1999;36;18.08.1999;;WAHR;FALSCH;FALSCH;FALSCH
982;Quelle Freitag- Furrer;Rüfi Höschetli;Elm;8767;730350;196880;;;1110;0;73019604;aus Plan gelesen;Trinkwasser;;Aufstossend;schlecht;Holz;Brunnenstube;Feldaufnahmen;Ruedi Freitag- Furrer, Egg Elm;;;;;;;keine vorh.;0;nein;Brunner;18.08.1999;57;18.08.1999;;WAHR;FALSCH;FALSCH;FALSCH
983;Quelle Riseten Ober Stafel 2;Riseten;Matt;8766;736980;203685;;Gde. Matt;1940;0;73620302;aus Plan gelesen;Trinkwasser;Alpgebäude;Sicker-/Zuleitung;gut;Betondeckel;Brunnenstube;Feldaufnahmen;Christoph Marti,m Werkführer Matt;;;10;12;;;keine vorh.;2;nein;Brunner;20.08.1999;25;20.08.1999;;WAHR;FALSCH;FALSCH;FALSCH
984;Quelle Riseten Ober Stafel 3;Riseten;Matt;8766;736990;203670;;Gde. Matt;1940;0;73620303;aus Plan gelesen;Trinkwasser;Alpgebäude;Sicker-/Zuleitung;gut;Betondeckel;Brunnenstube;Feldaufnahmen;Christoph Marti, Werkführer Matt;;;11;12;;;keine vorh.;2;nein;Brunner;20.08.1999;26;20.08.1999;;WAHR;FALSCH;FALSCH;FALSCH
985;Quelle Jägerhütte Höreli;Zöpf;Matt;8766;736490;204320;;Lienhard Andrea;1680;0;73620403;aus Plan gelesen;Trinkwasser;Jägerhütte;Sicker-/Zuleitung;gut;Betondeckel;Brunnenstube;Feldaufnahmen;Lienhard Andrea, Glarus (Zürich-Versicherung);;;13;14;;;;1;nein;Brunner;20.08.1999;27;20.08.1999;;WAHR;FALSCH;FALSCH;FALSCH
986;Quelle Riseten Mittel Stafel 2;Distelrain;Matt;8766;736610;204260;;Gde. Matt;1740;0;73620402;aus Plan gelesen;Trinkwasser;Alpgebäude;Sicker-/Zuleitung;gut;Betondeckel;Brunnenstube/Reservoir;Feldaufnahmen;Christoph Marti, Werkführer Matt;Zuleitungen: 1 + Zuleitung von Mittel Stafel 1;;17;18;;;keine vorh.;1;nein;Brunner;20.08.1999;28;20.08.1999;;WAHR;FALSCH;FALSCH;FALSCH
987;Quelle Stollenrus Alp Krauchtal Unter Stafel 1;im Stollen;Matt;8766;736385;205600;;Gde. Matt;1650;0;73620501;aus Plan gelesen;Trinkwasser;Alpgebäude;ab Fels;genügend;Holz;Brunnenstube;Feldaufnahmen;Christoph Marti, Werkführer Matt;;;26;27;;;keine vorh.;0;nein;Brunner;20.08.1999;29;20.08.1999;;WAHR;FALSCH;FALSCH;FALSCH
988;Quelle Heulochwald;Heulochwald;Matt;8766;736260;205700;;Jakob Marti/ Meier;1720;0;73620503;aus Plan gelesen;Trinkwasser;2 Jägerhüttli;Sicker-/Zuleitung;gut;Betondeckel;Brunnenstube;Feldaufnahmen;Jakob Marti, Krauch Matt;;;28;29;;;keine vorh.;2;nein;Brunner;20.08.1999;30;20.08.1999;;WAHR;FALSCH;FALSCH;FALSCH
989;Quelle Bergheim;Buchs-Hoschet;Matt;8766;732650;202890;;Hans Baumgartner;1240;0;73220201;aus Plan gelesen;Trinkwasser;2 Häuser;Sicker-/Zuleitung;gut;Eisendeckel;Brunnenstube;Feldaufnahmen;Hans Baumgartner, im Tschogglen Matt;;;30;31;;;keine vorh.;1;nein;Brunner;20.08.1999;31;20.08.1999;;WAHR;FALSCH;FALSCH;FALSCH
990;Quelle Hell;Hell;Matt;8766;732280;203430;;Heinrich Kubli;1380;;73220301;aus Plan gelesen;Trinkwasser;Ferienhäuser;ab Boden/ Sickerleitung;schlecht;;kein Schacht;Feldaufnahmen;Heinrich Kubli, Netstal;;;32;;;;keine vorh.;1;nein;Brunner;20.08.1999;32;20.08.1999;;WAHR;FALSCH;FALSCH;FALSCH
991;Quelle Weidberg;Weidberg;Matt;8766;732160;204180;;Lampe Bruno;1520;0;73220401;aus Plan gelesen;Trinkwasser;Ferienhaus;Sicker-/Zuleitung;gut;Plastik;Brunnenstube;Feldaufnahmen;Lampe Bruno, Näfels;;;33;34;;;keine vorh.;2;nein;Brunner;20.08.1999;33;20.08.1999;;WAHR;FALSCH;FALSCH;FALSCH
992;Quelle Hüsliberg;Hüsliberg;Matt;8766;732700;203525;;Fredi Marti;1460;0;73220302;aus Plan gelesen;Trinkwasser;Einzelliegenschaft;Sicker-/Zuleitung;gut;Eisendeckel;Brunnenstube;Feldaufnahmen;Fredi Marti, Hoschet- Weissenberg Matt;;;35;36;;;keine vorh.;1;nein;Brunner;20.08.1999;34;20.08.1999;;WAHR;FALSCH;FALSCH;FALSCH
993;Quelle Kegelboden;Kegelboden;Engi;8765;732980;204105;;Hösli Hansruedi;1685;0;73220402;aus Plan gelesen;Trinkwasser;Einzelliegenschaft;ab Fels;gut;Betondeckel;Brunnenstube;Feldaufnahmen;Hösli Hansruedi, im Liesi Linthal;;;1;2;;;keine vorh.;0;nein;Brunner;20.08.1999;;20.08.1999;;WAHR;FALSCH;FALSCH;FALSCH
994;Quelle Weiden Signer;Weiden;Matt;8766;733210;203990;;Signer Martin;1650;0;73320301;aus Plan gelesen;Trinkwasser;Ferienhaus;Sicker-/Zuleitung;genügend;Holz;Brunnenstube;Feldaufnahmen;Signer Martin, Wallisellen;;;6;7;;;keine vorh.;1;nein;Brunner;20.08.1999;;20.08.1999;;WAHR;FALSCH;FALSCH;FALSCH
995;Quelle Wienegg;Wienegg;Matt;8766;733145;202790;;Ruedi Schuler;1215;0;73320201;aus Plan gelesen;Trinkwasser;Einzelliegenschaft;Sicker-/Zuleitung;gut;Betondeckel;Brunnenstube;Feldaufnahmen;Ruedi Schuler, Wienegg Matt;;;8;9;;;keine vorh.;1;nein;Brunner;20.08.1999;;20.08.1999;;WAHR;FALSCH;FALSCH;FALSCH
996;Quelle Blossenalp 3;Blossenalp;Niederurnen;8867;716340;220850;;Tagwen Niederurnen;1420;0;71622003;aus Plan gelesen;Trinkwasser;Alpgebäude;Sicker-/Zuleitung;gut;Betondeckel;Brunnenstube;Feldaufnahmen;Müller Georg, Herrenberg Niederurnen;;;2;3;;;keine vorh.;1;nein;Brunner;17.08.1999;10;17.08.1999;;WAHR;FALSCH;FALSCH;FALSCH
997;Quelle Flüealp;Flüealp;Niederurnen;8867;716515;220120;;Tagwen Niederurnen;1360;0;71622004;aus Plan gelesen;Trinkwasser;Alpgebäude;ab Fels/ aufstossend;gut;Holz;Brunnenstube;Feldaufnahmen;Albert Marti, Gerbi Niederurnen;;;4;;;;keine vorh.;0;nein;Brunner;17.08.1999;11;17.08.1999;;WAHR;FALSCH;FALSCH;FALSCH
998;Quelle Mettmenriet;Mettmenriet;Niederurnen;8867;717780;220220;;Steinmann Fanny;1200;10;71722001;aus Plan gelesen;Trinkwasser;Ferienhäuser;Sicker-/Zuleitung;gut;Eternit;Brunnenstube;Feldaufnahmen;Steinmann Fanny, Hädilochstr.31 Niederurnen;;;6;7;5;;keine vorh.;2;nein;Brunner;17.08.1999;12;17.08.1999;;WAHR;FALSCH;FALSCH;FALSCH
999;Quelle Steinmann Tierweg;Tierweg;Niederurnen;8867;718480;220760;;Steinmann Hans;1200;0;71822004;aus Plan gelesen;Trinkwasser;Ferienhäuser;Sicker-/Zuleitung;gut;Eternit;Brunnenstube;Feldaufnahmen;Steinmann Hans, Mühlebachweg 3 Niederurnen;;;8;9;;;keine vorh.;1;nein;Brunner;17.08.1999;13;17.08.1999;;WAHR;FALSCH;FALSCH;FALSCH
1000;Quelle Jllmenboden;Jllmenboden;Niederurnen;8867;718235;220710;;Violetti Paul;1210;20;71822005;aus Plan gelesen;Trinkwasser;Ferienhaus;Sicker-/Zuleitung;gut;Betondeckel;Brunnenstube;Feldaufnahmen;Violetti Paul, Feldstrasse Niederurnen;zweite Ableitung: Steinmann Jakob Näfels, Taubriet;;10;11;;;keine vorh.;1;;Brunner;17.08.1999;14;17.08.1999;;WAHR;FALSCH;FALSCH;FALSCH
1001;Quelle Jllmenboden 2;Jllmenboden;Niederurnen;8867;718190;220690;;;1205;20;71822006;aus Plan gelesen;Trinkwasser;;Sicker-/Zuleitung;gut;Betondeckel;Brunnenstube;Feldaufnahmen;;;;12;13;;;keine vorh.;1;nein;Brunner;17.08.1999;15;17.08.1999;;WAHR;FALSCH;FALSCH;FALSCH
1002;Quelle Jllmerboden 3;Jllmerboden;Niederurnen;8867;718130;220680;;;1210;0;71822007;aus Plan gelesen;Trinkwasser;;Sicker-/Zuleitung;gut;Betondeckel;Brunnenstube;Feldaufnahmen;;;;14;15;;;;;ja;Brunner;17.08.1999;16;17.08.1999;;WAHR;FALSCH;FALSCH;FALSCH
1003;Quelle Obere Planggen;Kämmli;Niederurnen;8867;717480;221120;;Tagwen Niederurnen;1450;;71722104;aus Plan gelesen;Trinkwasser;Alpgebäude;ab Fels;gut;Betondeckel;Brunnenstube;Feldaufnahmen;Thomas Ebnöther Hintermatt Niederurnen;"bei Trockenheit kein Wasser
Reservoir 10m3 bei Alphütte";;16;17;;;keine vorh.;;nein;Brunner;17.08.1999;17;17.08.1999;;WAHR;FALSCH;FALSCH;FALSCH
1004;Quelle Planggenböden;Planggenböden;Niederurnen;8867;717725;220825;;Tagwen Niederurnen;1280;0;71722002;aus Plan gelesen;Trinkwasser;Alpgebäude/ Jägerhütte;Sicker-/Zuleitung;gut;Holz/ Betondeckel;Brunnenstube;Feldaufnahmen;Thomas Ebnöther, Hintermatt Niederurnen;;;18;19;;;keine vorh.;1;nein;Brunner;17.08.1999;18;17.08.1999;;WAHR;FALSCH;FALSCH;FALSCH
1005;Quelle Hildebrand 1;Hildebrand;Niederurnen;8867;719130;220730;;Müller-Mächler Georg;1015;0;71922003;aus Plan gelesen;Trinkwasser;Einzelliegenschaft;Aufstossend;gut;Betondeckel;Brunnenstube;Feldaufnahmen;Müller-Mächler Georg, Herrenberg Niederurnen;;;22;23;;;keine vorh.;0;nein;Brunner;17.08.1999;19;17.08.1999;;WAHR;FALSCH;FALSCH;FALSCH
1006;Quelle Hildebrand;Hildebrand;Niederurnen;8867;719130;220725;;Müller-Mächler Georg;1015;0;71922004;aus Plan gelesen;Trinkwasser;Ferienhaus;Aufstossend;schlecht;Blech-Deckel;Brunnenstube;Feldaufnahmen;Müller-Mächler Georg, Herrenberg Niederurnen;;;23;25;;;keine vorh.;0;nein;Brunner;17.08.1999;20;17.08.1999;;WAHR;FALSCH;FALSCH;FALSCH
1007;Quelle Sool;;Niederurnen;8867;720330;221485;;Leuzinger Ruedi;1140;0;72022101;aus Plan gelesen;Trinkwasser;Einzelliegenschaft;Bachwasserfassung;gut;Betondeckel/ Tür;Brunnenstube;Feldaufnahmen;Leuzinger Ruedi, Niederurnen;;;;;;;keine vorh.;0;nein;Brunner;17.08.1999;21;17.08.1999;;WAHR;FALSCH;FALSCH;FALSCH
1008;Quelle Matt;Matt;Niederurnen;8867;720620;220920;;Roth Jakob;980;0;72022002;aus Plan gelesen;Trinkwasser;Einzelliegenschaft;Sicker-/Zuleitung;genügend;Schieferplatten;Brunnenstube;Feldaufnahmen;Roth Jakob, Stock Niederurnen;;;26;;;;keine vorh.;1;nein;Brunner;17.08.1999;22;17.08.1999;;WAHR;FALSCH;FALSCH;FALSCH
1009;Quelle Obere Nesslen;Obernesslen;Niederurnen;8867;721365;220625;;Martin Baumann;620;0;72122001;aus Plan gelesen;Trinkwasser;2 Liegenschaften;Sicker-/Zuleitung;gut;Betondeckel;Brunnenstube;Feldaufnahmen;Martin Baumann, Obere Nesslen Niederurnen;;;28;29;;;keine vorh.;2;nein;Brunner;18.08.1999;23;18.08.1999;;WAHR;FALSCH;FALSCH;FALSCH
1010;Quelle Stüssi;Stogg;Niederurnen;8867;721415;220940;;Roth Jakob;780;0;72122002;aus Plan gelesen;Trinkwasser;3 Liegenschaften;Sicker-/Zuleitung;genügend;Blech-Deckel;Brunnenstube;Feldaufnahmen;;;;30;31;;;keine vorh.;1;nein;Brunner;18.08.1999;24;18.08.1999;;WAHR;FALSCH;FALSCH;FALSCH
1011;Quelle Eggrüti;Eggrüti;Niederurnen;8867;721065;220670;;Ebnöther Thomas;690;0;72122004;aus Plan gelesen;Trinkwasser;Einzelliegenschaft;ab Fels;schlecht;Blech-Deckel;Brunnenstube;Feldaufnahmen;Thomas Ebnöther, Stöggenberg Niederurnen;;;32;33;;;keine vorh.;0;nein;Brunner;18.08.1999;27;18.08.1999;;WAHR;FALSCH;FALSCH;FALSCH
1012;Quelle Bettenen;Bettenen;Niederurnen;8867;721610;220590;;Steinmann Robert;560;0;72122003;aus Plan gelesen;Trinkwasser;Einzelliegenschft;ab Fels;genügend;Plastikfass;Brunnenstube;Feldaufnahmen;Steinmann Robert, Bodenberg Niederurnen;;;34;35;36;;keine vorh.;0;nein;Brunner;18.08.1999;28;18.08.1999;;WAHR;FALSCH;FALSCH;FALSCH
1013;Quelle Bränden;Bränden;Niederurnen;8867;719700;220790;;A. Stucki;1055;;71922005;aus Plan gelesen;Trinkwasser;Einzelliegenschaft;;;;Brunnenstube;Feldaufnahmen;Andreas Stucki, Bränden Niederurnen;Aufnahmen verweigert;;;;;;keine vorh.;;;Brunner;18.08.1999;25;18.08.1999;;WAHR;FALSCH;FALSCH;FALSCH
1014;Quelle Stogg 2;Stogg;Niederurnen;8867;721470;220990;;Roth Jakob;790;;72122005;aus Plan gelesen;Trinkwasser;Einzelliegenschaft;;;;Brunnenstube;Feldaufnahmen;Roth Jakob, Stogg Niederurnen;Aufnahme verweigert;;;;;;keine vorh.;;;Brunner;18.08.1999;26;18.08.1999;;WAHR;FALSCH;FALSCH;FALSCH
1015;Quelle Planggi 1;Planggi;Niederurnen;8867;721905;220670;;Jud Alois;510;0;72122007;aus Plan gelesen;Brauchwasser;Stall;Sicker-/Zuleitung;gut;Betondeckel;Brunnenstube;Feldaufnahmen;Jud Alois, Hädilochstrasse Niederurnen;;;1;2;;;keine vorh.;2;nein;Brunner;18.08.1999;29;18.08.1999;;WAHR;FALSCH;FALSCH;FALSCH
1016;Quelle Planggi 2;Planggi;Niederurnen;8867;722000;220680;;Tagwen Niederurnen;480;;72222002;aus Plan gelesen;Brauchwasser;Stall;Sicker-/Zuleitung;genügend;Tor;Brunnenstube;Feldaufnahmen;Rhyner Patrick, Förster Niederurnen;;;3;4;;;keine vorh.;1;nein;Brunner;18.08.1999;30;18.08.1999;;WAHR;FALSCH;FALSCH;FALSCH
1017;Quelle Aeschen;Aeschen;Niederurnen;8867;721665;220265;;Violetti Fritz;505;0;72122006;aus Plan gelesen;Trinkwasser;Einzelliegenschaft;ab Fels/ Lehm;gut;Beonplatten;Brunnenstube;Feldaufnahmen;Violetti Fritz, Aeschen Niederurnen;;;5;6;;;keine vorh.;0;nein;Brunner;18.08.1999;31;18.08.1999;;WAHR;FALSCH;FALSCH;FALSCH
1018;Quelle Feld;Feld;Niederurnen;8867;722230;220100;;Tagwen Niederurnen;450;0;72222001;aus Plan gelesen;Brauchwasser;Stallbrunnen;offener Graben;genügend;Betondeckel;Brunnenstube;Feldaufnahmen;Rhyner Patrick, Förster Niederurnen, Hr. Stüssi !!!;Untersuchungsbericht 02/2001;;7;8;;;keine vorh.;;nein;Brunner;18.08.1999;32;18.08.1999;;WAHR;FALSCH;FALSCH;FALSCH
1019;Quelle Loch 5;Loch;Matt;8766;730420;201515;;Gde. Matt;1335;;73020104;aus Plan gelesen;Trinkwasser;WV Gemeinde;Sicker-/Zuleitung;gut;Eisentor;Brunnenstube;Feldaufnahmen;Christoph Marti, Werkführer Matt;;;14;16;;;definitiv;1;ja;Brunner;18.10.1999;;18.10.1999;;WAHR;FALSCH;FALSCH;FALSCH
1020;Quelle Loch 7;Loch;Matt;8766;730425;201500;;Gde. Matt;1335;5;73020106;aus Plan gelesen;Trinkwasser;WV Gemeinde;Sicker-/Zuleitung;gut;Eisendeckel;Brunnenstube;Feldaufnahmen;Christoph Marti, Werkführer Matt;;;18;;;;definitiv;1;nein;Brunner;18.10.1999;;18.10.1999;;WAHR;FALSCH;FALSCH;FALSCH
1021;Quelle Loch 6;Loch;Matt;8766;730420;201500;;Gde. Matt;1335;;73020105;aus Plan gelesen;Trinkwasser;WV Gemeinde;Sicker-/Zuleitung;gut;Eisentor;Brunnenstube;Feldaufnahmen;Christoph Marti, Werkführer Matt;;;15;17;;;definitiv;1;ja;Brunner;18.10.1999;;18.10.1999;;WAHR;FALSCH;FALSCH;FALSCH
1022;Quelle Hinteregg Ober Stafel 1;Hinteregg;Matt;8766;734755;204420;;Gde. Matt;1845;;73420401;aus Plan gelesen;Trinkwasser;Alpgebäude;ab Fels/ aufstossend;gut;Holz;Brunnenstube;Feldaufnahmen;Christoph Marti, Werkführer Matt;;;27;28;;;keine vorh.;0;nein;Brunner;18.10.1999;;18.10.1999;;WAHR;FALSCH;FALSCH;FALSCH
1023;Quelle Forsthaus;Eggerturm;Matt;8766;734820;203950;;Gde. Matt;1680;0;73420301;aus Plan gelesen;Trinkwasser;Forsthaus Bruch;Sicker-/Zuleitung;gut;Holz;Brunnenstube;Feldaufnahmen;Christoph Marti, Werkführer Matt;;;29;30;;;keine vorh.;1;nein;Brunner;18.10.1999;;18.10.1999;;WAHR;FALSCH;FALSCH;FALSCH
1024;Quelle Vorder Winggelhütten;Vorder Winggelhütten;Matt;8766;735920;204425;;Gde. Matt;1430;0;73520401;aus Plan gelesen;Trinkwasser;Alpgebäude;Sicker-/Zuleitung;gut;Eisen;Brunnenstube;Feldaufnahmen;Christoph Marti, Werkführer Matt;;;36;1;;;keine vorh.;1;nein;Brunner;18.10.1999;;18.10.1999;;WAHR;FALSCH;FALSCH;FALSCH
1025;Quelle Mülibach Ober Stafel 1;Haugeten;Engi;8765;734660;210280;;Gde. Engi;2000;0;73421001;aus Plan gelesen;Trinkwasser;Alpgebäude;ab Fels;gut;Blech-Deckel;Brunnenstube;Feldaufnahmen;Fux Ernst, Werkführer Engi;;;8;9;;;keine vorh.;0;nein;Brunner;19.10.1999;;19.10.1999;;WAHR;FALSCH;FALSCH;FALSCH
1026;Quelle Mülibach Ober Stafel 2;Haugeten;Engi;8765;734700;210270;;Gde. Engi;2015;0;73421002;aus Plan gelesen;Trinkwasser;Alpgebäude;Sicker-/Zuleitung/ ab Fels;gut;Betondeckel;Brunnenstube;Feldaufnahmen;Fux Ernst, Werkführer Engi;;;10;11;;;keine vorh.;1;nein;Brunner;19.10.1999;;19.10.1999;;WAHR;FALSCH;FALSCH;FALSCH
1027;Quelle Jgdhütte Stadler;Mülibach Ober Stafel;Engi;8765;734280;210130;;Karl Stadler;1950;0;73421003;aus Plan gelesen;Trinkwasser;Jagdhütte;Sicker-/Zuleitung;gut;Betondeckel;Brunnenstube;Feldaufnahmen;Karl Stadler Engi;;;12;13;;;keine vorh.;1;nein;Brunner;19.10.1999;;19.10.1999;;WAHR;FALSCH;FALSCH;FALSCH
1028;Quelle Alp Lüser;Tristel;Engi;8765;733330;209740;;Gde. Engi;2010;0;73320901;aus Plan gelesen;Trinkwasser;Alpgebäude;ab Fels;sanierungsbedürftig;Betondeckel;Brunnenstube;Feldaufnahmen;Fux Ernst, Werkführer Engi;wird in den nächsten 3 Wochen saniert;;14;15;;;keine vorh.;2;;Brunner;19.10.1999;;19.10.1999;;WAHR;FALSCH;FALSCH;FALSCH
1029;Quelle Stafel 1;Stafel;Engi;8765;732740;208360;;Hans Blumer;1840;0;73220801;aus Plan gelesen;Trinkwasser;Jagdhütte;Sicker-/Zuleitung;gut;Betondeckel;Brunnenstube;Feldaufnahmen;Hans Blumer Engi;;;16;17;;;keine vorh.;3;nein;Brunner;19.10.1999;;19.10.1999;;WAHR;FALSCH;FALSCH;FALSCH
1030;Quelle Stafel 2;Stafel;Engi;8765;732700;208380;;Werner Luchsinger;1850;0;73220802;aus Plan gelesen;Trinkwasser;Skihütte;Sicker-/Zuleitung;gut;Betondeckel;Brunnenstube;Feldaufnahmen;Werner Luchsinger Schwanden;;;18;19;;;keine vorh.;1;nein;Brunner;19.10.1999;;19.10.1999;;WAHR;FALSCH;FALSCH;FALSCH
1031;Quelle Hauen;Hauen;Engi;8765;733240;207850;;Gde. Engi;1560;0;73320701;aus Plan gelesen;Trinkwasser;Alpgebäude;ab Fels;gut;Betondeckel;Brunnenstube;Feldaufnahmen;Fux Ernst, Werkführer Engi;;;20;2;;;keine vorh.;;nein;Brunner;19.10.1999;;19.10.1999;;WAHR;FALSCH;FALSCH;FALSCH
1032;Quelle Schwammhütte;Schwamm;Engi;8765;732720;207400;;Gde. Engi;1550;0;73220701;aus Plan gelesen;Trinkwasser;Alpgebäude;ab Fels;gut;Betondeckel;Brunnenstube;Feldaufnahmen;Fux Ernst, Werkführer Engi;Schwammhütte, Gamszinggenhütte, Käsespeicher Gams;;23;24;;;keine vorh.;0;nein;Brunner;19.10.1999;;19.10.1999;;WAHR;FALSCH;FALSCH;FALSCH
1033;Quelle Herrenegg;Herrenegg;Engi;8765;731200;205030;;Susu Luchsinger;1080;0;73120506;aus Plan gelesen;Trinkwasser;Wohnhaus + Ferienhaus;ab Fels;schlecht;Steinplatte;Brunnenstube;Feldaufnahmen;Susu Luchsinger Engi;Quellschacht geschädigt;;25;;;;keine vorh.;0;nein;Brunner;19.10.1999;;19.10.1999;;WAHR;FALSCH;FALSCH;FALSCH
1034;Quelle Trog;Trog;Engi;8765;730960;204930;;Kaspar Luchsinger;1000;0;73020401;aus Plan gelesen;Trinkwasser;3 Ferienhäuser;Aufstossend;gut;Betondeckel;Brunnenstube;Feldaufnahmen;Kaspar Luchsinger Engi;;;26;27;;;keine vorh.;0;nein;Brunner;19.10.1999;;19.10.1999;;WAHR;FALSCH;FALSCH;FALSCH
1035;Quelle im Malisand 2;Malisand;Engi;8765;730610;205770;;Weseta;950;0;73020507;aus Plan gelesen;Trinkwasser;Wohnhäuser Weberei;;gut;Eisentor;Brunnenstube;Feldaufnahmen;Weseta Engi;Tor verschlossen;;29;;;;erforderlich;;ja;Brunner;19.10.1999;;19.10.1999;;WAHR;FALSCH;FALSCH;FALSCH
1036;Quelle im Malisand 3;Malisand;Engi;8765;;;;;;;73020508;;;;;;;;Feldaufnahmen;;Quellschacht nicht gefunden;;;;;;;;;Brunner;19.10.1999;;19.10.1999;;WAHR;FALSCH;FALSCH;FALSCH
1037;Quelle Siwellen;Chämm;Engi;8765;728500;202800;;Gde. Engi;2060;0;72820201;aus Plan gelesen;Trinkwasser;Alpgebäude;ab Fels;gut;Betondeckel;Brunnenstube;Feldaufnahmen;Fux Ernst, Werkführer Engi;keine Begehung, Quellangaben nach Fux Ernst;;;;;;keine vorh.;0;nein;Brunner;19.10.1999;;19.10.1999;;WAHR;FALSCH;FALSCH;FALSCH
1038;Quelle Rotbach;;Mühlehorn;;;;;;;;;;;;;;;;Lebensmittelinspektorat;;früher Versorgung Tiefenwinkel, ev. Auf SG Boden??;;;;;;;;;OS;18.06.2001;;;;FALSCH;FALSCH;FALSCH;FALSCH
1039;Quellen Müslitobel;;Mühlehorn;;;;;;;;;;;;;;;;Lebensmittelinspektorat;;früher Versorgung Tiefenwinkel, auf Boden SG???;;;;;;;;;OS;18.06.2001;;;;FALSCH;FALSCH;FALSCH;FALSCH
1040;Bruck-Bühl-Brunnen;Bühl;Glarus;;724150;210400;;;507;;;grob geschätzt;Brauchwasser Brunnen;Brunnen;;;;;Lebensmittelinspektorat;;"von Lebensmittelinspektorat angegeben; Brauchwasser für Gatren, etc.";;;;;;;;;OS;18.06.2001;;;;FALSCH;FALSCH;FALSCH;FALSCH
1045;Quelle Geissegg;Falzüber/Horn;Elm;8767;736150;196150;;;2050;;73619801;aus Plan gelesen;;Alp Falzüber/Horn;;;;;;;;;;;;;;;;;;;;;WAHR;WAHR;FALSCH;FALSCH
1046;Quelle Schilter Runse;Grüenen, Alp Gufeli;Engi;8765;730450;206670;;Brunnenkorporation;;;73020602;;Trinkwasser;Ferienhäuser;;;;;tel Angabe Ernst Fux;Ernst Fux, Werkführer Engi;;;;;;;erforderlich;;;-;20.09.2001;;;;WAHR;FALSCH;FALSCH;FALSCH
1048;Niederenquelle;Niederen;Elm;8767;733800;196350;;;1530;;73319601;aus Plan gelesen;Trinkwasser;Restaurant;;;;;Archiv AFU Glarus;Frau Hefti, Mollis;Lage geschätzt;;;;;;erforderlich;;;;14.06.2002;;;;WAHR;WAHR;FALSCH;FALSCH
1049;Quelle Zantop;Im Grueb;Matt;8766;732150;201600;;Fam Zantop;900;;73220102;aus Plan gelesen;Trinkwasser;Ferienhaus;;;;;;Zantop;Lage geschätzt;;;;;;;;;;20.06.2002;;;;WAHR;WAHR;FALSCH;FALSCH
1050;Rotbergquelle;Rotberg;Braunwald;8784;718420;202050;;;;;71820202;aus Plan gelesen;Trinkwasser;Ferienhaus;;;;;;;;;;;;;;;;;20.06.2002;;;;WAHR;WAHR;FALSCH;FALSCH
1051;Quelle bei Rotberg/Seblengrat;;Braunwald;8784;718450;202100;;;;;71820203;;Beschneiung?;;;;;;;;;;;;;;;;;;;;;;FALSCH;FALSCH;FALSCH;FALSCH
1052;Quelle Oberbelgisee Ober Stafel 2;;Luchsingen;;720030;205300;;Fanilienstiftung Blumer;1470;;72020501;aus Plan gelesen;Trinkwasser;Alpgebäude;;;;;;Döni, Gemeinde Luchingen, Franz Weber Pächter Alp Oberblegi, Otto Luchinger Familienstiftung,;Ersatz für Quelle 720/204-102 da diese schlechte Qualität aufwies;;;;;;;;;;20.06.2002;;;;WAHR;WAHR;FALSCH;FALSCH
1053;Alp Türchle;Türchle;Beschwanden;8777;723850;198770;;Alp Gemeinde Diesbach;1820;;72319801;aus Plan gelesen;Trinkwasser;Alpgebäude;;;;;Gemeinde Diesbach;Herrn Balz Dürst, Alpaufseher Diesbach, zur Zeit nur noch für Aelpler genutzt, keine Sennerei mehr;;;;;;;;;;;17.06.2002;;;;WAHR;WAHR;FALSCH;FALSCH
1054;Chüetal Alp;Chüetal;Betschwanden;8777;724410;197950;;Alp Gemeinde Diesbach;2015;;72419701;aus Plan gelesen;Trinkwasser;Alpgebäude;;;;;Gemeinde Diesbach;Hr. Balz Dürst, Alpaufseher Gemeinde Diesbach;Wasser für Alpgebäude inkl. Sennnerei, es sind zwei Wasserbezugsorte: 1) Bachwasser kommt aber schnell trübe, 2) Wasser aus einem Quellausfstoss (eingestaut) kommt nicht trübe;;;;;;;;;;17.06.2002;;;;WAHR;WAHR;FALSCH;FALSCH
1055;Obermürtschen;Matten;Obstalden;8758;729630;213430;;Neue Alpgenossame Obst-Mühlehorn;1775;;72921301;aus Plan gelesen;Trinkwasser;Alpgebäude;;gut;;;N Küng;N. Küng, Alpvogt, Mühlehorn;Fassung 1990 neu erstellt;;;;;;;;;;20.06.2002;;;;WAHR;WAHR;FALSCH;FALSCH
1056;Untermürtschen;Gerstli;Obstalden;8758;731620;214510;;Neue Alpgenossame Obst-Mühlehorn;1510;;71321401;aus Plan gelesen;Trinkwasser;Alpgebäude;;gut;;;;Niklaus Küng, Alpvogt, Mühlehorn;1990 Einbau einer Katadyn Anlage;;;;;;;;;;20.06.2002;;;;WAHR;WAHR;FALSCH;FALSCH
1057;Alp Mettmen Rüti;Mettmen;Betschwanden;8777;723280;198980;;Alp Gemeinde Rüti;1580;;72319802;aus Plan gelesen;Trinkwasser;Brunnen;;;;;Gemeinde;Geni Streiff, Brunnenmeister Rüti;Quelle und Alp liegen auf Buden Betschwanden, keine Leitung von Quelle zum Haus nur Brunnen neben Quelle;;;;;;;;;;20.06.2002;;;;WAHR;WAHR;FALSCH;FALSCH
1058;Stögg ELMAG;Stöck;Elm;8767;732475;197240;;Elmag/Gemeinde;1210;;73219702;aus Plan gelesen;Trinkwasser;Mineralwassser Elmag;Stollen;;;;Elmag/Loretan;Hr. Bay, Elmag;grosser Stollen;;;;;;;;;;21.06.2002;;;;WAHR;WAHR;FALSCH;FALSCH
1059;Waschwasserquell Elmag;Gschwend;Elm;8767;732020;197040;;;1140;;73219703;aus Plan gelesen;Brauchwasser;Gewerbe Elmag;;;;;Elmag/plan Loretan;Hr. Bay;Waschwasserquelle Elmag (Brauchwasser), wird nicht für Trinkwasser verwendet;;;;;;;;;;21.06.2002;;;;WAHR;WAHR;FALSCH;FALSCH
1060;Leglerhütte;Kärpf;Diesbach;8777;725260;198440;;;2300;;72519801;aus Plan gelesen;;;;;;;Archiv AFU Glarus;Lage nur ungenau von Dr. Jakob Marti;;;;;;;;;;;25.06.2002;;;;WAHR;WAHR;FALSCH;FALSCH
1061;Schäflibrunnen Quelle;Schäflibrunnen -Schlattstrasse;Engi;8765;730572;204955;;;;;73020402;aus Plan gelesen;Trinkwasser;WV Weiler/Quartier;;;;;Gemeinde/Anderhub;;;;;;;;;;;;;;;;WAHR;WAHR;FALSCH;FALSCH
1062;Quelle neu ???;Schwämmli;Näfels;8753;718140;216730;;?;1180;;71821607;aus Plan gelesen;?;;;;;;;Gemeinde Näfels;anlässl. Vernehmlassung WVA im 10.2002 mitgeteilt...;;;;;;keine vorh.;;;;;;;;WAHR;WAHR;FALSCH;FALSCH
1063;Alpenbrüggli/Mühle??;Alpenbrüggli;Ennenda;8755;723770;212330;;;500;;72321202;aus Plan gelesen;;;;;;;Gemeinde;(Gemeinde Ennenda);anlässlich Vernehmlassung WVA v.10.2002 von Gemeinde mitgeteilt;;;;;;keine vorh.;;;;;;;;WAHR;WAHR;FALSCH;FALSCH
1064;Brunnenwasser Tannenboden unten (?);Hahnenwald;Bilten;8865;717570;221680;;Tagwen Bilten;1360;;71722106;aus Plan gelesen;Brauchwasser;Brunnen;;;;;;Hans Winteler, Bauamt Bilten;nur Weidbrunnen, anlässlich Vernehmlassung WVA 11.2002 mitgeteilt;;;;;;keine vorh.;;;;04.11.2002;;;;WAHR;WAHR;FALSCH;FALSCH
1065;Quelle Laufbrunnen Rest. Bächital (?);Oren;Luchsingen;8775;718260;203102;;;1420;;71820302;aus Plan gelesen;Trinkwasser;Restaurant;;;;;Gemeinde;;Anlässlich Vernehmlassung WVA 11.2002 von Gemeinde mitgeteilt (Hämmerli/Lehmann), fördert Wasser in Laufbrunnen und wird ins Rest. getragen!!;;;;;;keine vorh.;;;;04.11.2002;;;;WAHR;WAHR;FALSCH;FALSCH
1066;-;;-;;;;;;;;;;;;;;;;;;;;;;;;;;;;;;;;FALSCH;FALSCH;FALSCH;FALSCH
1067;-;-;;;;;;;;;;;;;;;;;;;-;;;;;;;;;;;;;;FALSCH;FALSCH;FALSCH;FALSCH
1068;Quelle Wichlenmatt;Wichlenalp;Elm;8767;725000;195520;812;Armasuissi Bern;2070;;72519501;;Trinkwasser;Wichlenmatthütte;;;;;;Kaspar Rhyner-Ochsner;Beim Bau eines Fassungsbrunnens im Sommer 2007 bei 724 000/195 475 ist Wasser versiegt;;;;;;;;;;;;;;WAHR;WAHR;FALSCH;FALSCH
1069;;;;;;;;;;;;;;;;;;;;;;;;;;;;;;;;;;;FALSCH;FALSCH;FALSCH;FALSCH
1070;;;;;724890;209985;;;;;;;;;;;;;;;;;;;;;;;;;;;;;FALSCH;FALSCH;FALSCH;FALSCH
1071;961;;;;;;;;;;;;;;;;;;;;;;;;;;;;;;;;;;FALSCH;FALSCH;FALSCH;FALSCH
1072;;;Betschwanden;;;;;;;;;;;;;;;Brunnenstube;;;;;;;;;;;;;;;;;FALSCH;FALSCH;FALSCH;FALSCH
