Schlüssel;Objektname;Lokalbezeichnung;Gemeinde;Postleitzahl;x-Koordinate;y-Koordinate;Parz Nr;Fassungseigentümer;OK Terrain;Schachtüberstand;Ordnungs-Nr;Lagegenauigkeit;Verwendungszweck;Verwendungsart;Fassungsart;Fassungszustand;Fassungsabdeckung;Schachttyp;Datenherkunft;Kontaktperson;Bemerkungen Objektdaten;Foto;Foto-Negativ-Nr 1;Foto-Negativ-Nr 2;Foto-Negativ-Nr 3;Fassung;Schutzzone;Anzahl Zuleitungen;Schloss;Aufgenommen durch;Erhebungsdatum;Alte Ordnungs-Nr;Feldbegehung;Objektbereinigung;WVA-Nutzung;WVA-Nutzung ergänzen;WVA-Nutzung streichen;WVA-Nutzung Lage neu
1;;Rietlöcher;Sool;8762;;;;J. Marti-Wyss, Warth;720;;;aus Plan gelesen;Trinkwasser ?;WV Weiler/Quartier;;;;;Archiv AFU Glarus;;existiert gemäss Gde. nicht;;;;;;keine vorh.;;;R. Brunner;09.02.1998;1;;25.03.1998;FALSCH;FALSCH;FALSCH;FALSCH
2;Mahdquelle rechts;;Sool;8762;727510;207250;;Gde. Sool;1020;30;72720701;im Feld eingemessen;Trinkwasser;WV Gemeinde Sool;Sicker-/Zuleitung;gut;Pilzdeckel;Brunnenstube;Archiv AFU Glarus;J. Marti, Brunnenmeister Sool;;;4;;;;definitiv;1;ja;R. Brunner;09.02.1998;2;25.03.1998;;WAHR;FALSCH;FALSCH;FALSCH
3;Mahdquelle links;;Sool;8762;727560;207250;;Gde. Sool;1020;0;72720702;im Feld eingemessen;Trinkwasser;WV Gemeinde Sool;Stollen+Zuleitung;gut;Pilzdeckel;Brunnenstube;Archiv AFU Glarus;J. Marti, Brunnenmeister Sool;;;5;;;;definitiv;3;ja;R. Brunner;09.02.1998;3;25.03.1998;;WAHR;FALSCH;FALSCH;FALSCH
4;Wegliquelle;;Sool;8762;727750;207190;;Gde. Sool;1030;20;72720703;aus Plan gelesen;Trinkwasser;WV Gemeinde Sool;Sicker-/Zuleitung;gut;Pilzdeckel;Brunnenstube;Archiv AFU Glarus;J. Marti, Brunnenmeister Sool;;;32;33;;;definitiv;1;ja;R. Brunner;09.02.1998;4;25.03.1998;;WAHR;FALSCH;FALSCH;FALSCH
5;Stegenrunsquelle;;Sool;8762;727845;207190;;Gde. Sool;1060;20;72720704;aus Plan gelesen;Trinkwasser;WV Gemeinde Sool;Sicker-/Zuleitung;gut;Pilzdeckel;Brunnenstube;Archiv AFU Glarus;J. Marti, Brunnenmeister Sool;;;34;;;;definitiv;1;ja;R. Brunner;09.02.1998;5;25.03.1998;;WAHR;FALSCH;FALSCH;FALSCH
6;Hüslibachquelle;;Sool;8762;727820;207220;;Gde. Sool;1070;80;72720705;aus Plan gelesen;Trinkwasser;WV Gemeinde Sool;Sicker-/Zuleitung;gut;Pilzdeckel;Brunnenstube;Archiv AFU Glarus;J. Marti, Brunnenmeister Sool;;;35;;;;definitiv;1;ja;R. Brunner;09.02.1998;6;25.03.1998;;WAHR;FALSCH;FALSCH;FALSCH
7;Gheistquelle unten;Gheistberg;Sool;8762;728495;207195;285;Gde. Sool;1340;20;72820701;aus Plan gelesen;Trinkwasser;WV Gemeinde Sool;Sicker-/Zuleitung;gut;Pilzdeckel;Brunnenstube/Sammelschacht;Archiv AFU Glarus;J. Marti, Brunnenmeister Sool;;;2;;;;definitiv;2;ja;R. Brunner;09.02.1998;7;23.03.1998;;WAHR;FALSCH;FALSCH;FALSCH
8;Gheistquelle oben;Gheistberg;Sool;8762;728495;207230;285;Gde. Sool;1355;40;72820702;aus Plan gelesen;Trinkwasser;WV Gemeinde Sool;Sicker-/Zuleitung;gut;Pilzdeckel;Brunnenstube;Archiv AFU Glarus;J. Marti, Brunnenmeister Sool;;;1;;;;definitiv;1;ja;R. Brunner;09.02.1998;8;23.03.1998;;WAHR;FALSCH;FALSCH;FALSCH
9;Brünnenquelle rechts;Brünnen;Sool;8762;728545;207565;285;Gde. Sool;1490;30;72820704;aus Plan gelesen;Trinkwasser;WV Gemeinde Sool;Sicker-/Zuleitung;gut;Pilzdeckel;Sammelschacht;Archiv AFU Glarus;J. Marti, Brunnenmeister Sool;;;6;7;10;;definitiv;1;ja;R. Brunner;09.02.1998;9;25.08.1998;;WAHR;FALSCH;FALSCH;FALSCH
10;Brünnenquelle links;Brünnen;Sool;8762;728575;207565;285;Gde. Sool;1505;20;72820705;aus Plan gelesen;Trinkwasser;WV Gemeinde Sool;Sicker-/Zuleitung;gut;Pilzdeckel;Brunnenstube;Archiv AFU Glarus;J. Marti, Brunnenmeister Sool;;;8;9;;;definitiv;1;ja;R. Brunner;09.02.1998;10;25.08.1998;;WAHR;FALSCH;FALSCH;FALSCH
11;;Schlatt;Sool;8762;;;;A. Tschudi, Schwanden;720;;;aus Plan gelesen;Trinkwasser ?;;;;;;Archiv AFU Glarus;ev weiss alt-Förster J. Marti-Meier bescheid;verfallen, nicht aufgenommen;;;;;;keine vorh.;;;R. Brunner;09.02.1998;11;;25.03.1998;FALSCH;FALSCH;FALSCH;FALSCH
12;Quelle Schütz;Güetli;Sool;8762;726190;206570;209;K. Schütz-Sorg, Dietlikon;575;0;72620601;aus Plan gelesen;Trinkwasser;WV Einzelliegenschaft;Wasseraustritt;sanierungsbedürftig;Schieferplatten;gefasst ohne Schacht;Archiv AFU Glarus;K. Schütz-Sorg, 01/833 19 18;;;14;15;;;keine vorh.;;nein;R. Brunner;09.02.1998;12;25.03.1998;;WAHR;FALSCH;FALSCH;FALSCH
13;Rüedelibrunnen;Wart;Sool;8762;;;;Tagwen Sool;670;;;aus Plan gelesen;im Moment ungenutzt;;;;;;Archiv AFU Glarus;;verfallen, früher genutzt für Unter Sool --> nicht aufgenommen;;;;;;keine vorh.;;;R. Brunner;09.02.1998;13;;25.03.1998;FALSCH;FALSCH;FALSCH;FALSCH
14;Quelle Grüninger/Schnider/Brig;Wart;Sool;8762;726770;206725;241;Grüninger/Schnider/Briggen;660;0;72620602;aus Plan gelesen;Brauchwasser;Brunnenstock;Sicker-/Zuleitung;schlecht;Betondeckel;Brunnenstube/Sammelschacht;Feldaufnahmen;;Auskunft von Mathias Marti sen.;;11;12;;;keine vorh.;2;nein;R. Brunner;09.02.1998;14;25.03.1998;;WAHR;FALSCH;FALSCH;FALSCH
15;;Wart;Sool;8762;;;;M. Marti-Marti, Warth;660;;;aus Plan gelesen;im Moment ungenutzt;;;verfallen;;;Archiv AFU Glarus;;verfallen, nicht aufgenommen;;;;;;keine vorh.;;;R. Brunner;09.02.1998;15;;25.03.1998;FALSCH;FALSCH;FALSCH;FALSCH
16;Auli-Quelle;Auli beim Sernf;Sool;8762;727530;206620;267;H. Jenni-Violetti;640;0;72720601;aus Plan gelesen;Brauchwasser;Brunnen;Sicker-/Zuleitung;schlecht;Betondeckel;Brunnenstube;Archiv AFU Glarus;H. Jenny-Violetti, 644 34 29;ev später Trinkwasser für Haus;;9;10;;;keine vorh.;1;nein;R. Brunner;09.02.1998;16;25.03.1998;;WAHR;FALSCH;FALSCH;FALSCH
17;Auli-Quelle Wald;Auliwald;Sool;8762;727600;206850;281;J. Marti-Wyss, Warth;815;0;72720602;aus Plan gelesen;Trinkwasser;WV Weiler/Quartier;Sicker-/Zuleitung;sanierungsbedürftig;Betondeckel;Sammelschacht;Archiv AFU Glarus;J. Marti-Wyss, 644 12 63;4 Häuser + 1 Stall, Wasserqualität lässt gemäss Angaben Hr. J. Marti vom 1.7.2001 seit Strassenbau zu wünschen übrig. Schutzzone und fernhalten von Strassenabwasser von Fassungsbereich ist wünschensw.;;31;;;;erforderlich;1;nein;R. Brunner;09.02.1998;17;25.03.1998;;WAHR;FALSCH;FALSCH;FALSCH
18;Quelle Cheienwald;Chuewald;Sool;8762;727620;208380;;Gde. Sool;1735;0;72720801;aus Plan gelesen;Trinkwasser;Alpgebäude;ab Fels;sanierungsbedürftig;keine vorh.;Brunnenstube;Archiv AFU Glarus;Förster W. Kessler, 644 41 75;Speisung Alp Achseli;;3;4;5;;keine vorh.;;nein;R. Brunner;09.02.1998;18;25.08.1998;;WAHR;FALSCH;FALSCH;FALSCH
19;Quelle Tröge;Tröge;Sool;8762;726985;207750;;Tagwen Sool;1380;0;72620701;aus Plan gelesen;Trinkwasser;Wegbrunnen;Sicker-/Zuleitung;gut;Eisendeckel;Brunnenstube;Archiv AFU Glarus;Förster W. Kessler, 644 41 75;2 Wegbrunnen;;11;12;13;;keine vorh.;1;nein;R. Brunner;09.02.1998;19;25.08.1998;;WAHR;FALSCH;FALSCH;FALSCH
20;Quelle äusseres Höfli;äusseres Höfli;Sool;8762;728940;206120;17;S. Altmann, Engi;720;;72820601;aus Plan gelesen;Trinkwasser;;ab Fels;sanierngsbedürftig;Hüttli;;Archiv AFU Glarus;S. Altmann, Engi, 642 12 14;Quelle in Gebäude;;6;7;;;keine vorh.;;;R. Brunner;09.02.1998;20;23.03.1998;;WAHR;FALSCH;FALSCH;FALSCH
21;;Wilden;Sool;8762;724960;207300;;Firma Weidmann + Co;520;0;;aus Plan gelesen;Trink- + Brauchwasser;Industrie;;;;Pumpschacht;Archiv AFU Glarus;Weidmann + Co, Marco Weidmann, 644 26 77;Grundwasserfassung, ca 300 l/min.--> nicht aufgenommen;;;;;;keine vorh.;1;nein;R. Brunner;09.02.1998;21;;25.03.1998;FALSCH;FALSCH;FALSCH;FALSCH
49;Sööliquelle;Sööli;Mitlödi;8756;724270;208965;19;Gde. Mitlödi;640;0;72420801;aus Plan gelesen;Brauchwasser;2 Ställe;Wasseraustritt;sanierngsbedürftig;Holz;Brunnenstube;Archiv AFU Glarus;F. Zimmermann, Werkführer Mitlödi;Schüttung klein;;25;;;;keine vorh.;0;nein;R. Brunner;10.02.1998;1;26.03.1998;;WAHR;FALSCH;FALSCH;FALSCH
50;Obere Sienenquelle;Leimplangge;Schwanden;8762;721815;207500;;Gde. Mitlödi;1320;0;72120701;aus Plan gelesen;Trinkwasser;WV Gemeinde Mitlödi;Sicker-/Zuleitung;gut;Gussdeckel;Brunnenstube;Archiv AFU Glarus;F. Zimmermann, Werkführer, Mitlödi;;;29;30;;;definitiv;1;nein;R. Brunner;10.02.1998;2;28.08.1998;;WAHR;FALSCH;FALSCH;FALSCH
51;Untere Sienenquelle;Leimplangge;Schwanden;8762;721880;207500;;Gde. Mitlödi;1300;0;72120702;aus Plan gelesen;Trinkwasser;WV Gemeinde Mitlödi;Sicker-/Zuleitung;mittel-gut;Gussdeckel;Brunnenstube;Archiv AFU Glarus;F. Zimmermann, Werkführer, Mitlödi;;;27;28;;;definitiv;1;nein;R. Brunner;10.02.1998;3;28.08.1998;;WAHR;FALSCH;FALSCH;FALSCH
52;Wygellen-Quelle;Sattel;Schwändi;8762;723415;207225;346;Ennetecken-Wygellen Wasserkorporation;890;0;72320703;im Feld eingemessen;Trinkwasser;WV Gemeinde;Sicker-/Zuleitung;gut;Eisendeckel;Brunnenstube;Archiv Lienert & Haering AG;W. Traxel, Werkführer, Schwändi;;;33;34;;;definitiv;2;ja;R. Brunner;10.02.1998;1;28.08.1998;;WAHR;FALSCH;FALSCH;FALSCH
53;Gehren-Blumerberg-Quelle;Blumerberg;Schwändi;8762;722910;207600;309;Schüpfenbrunnenkorporation;760;0;72220701;aus Plan gelesen;Trinkwasser;WV Weiler/Quartier;Sicker-/Zuleitung;gut;Gussdeckel;Brunnenstube;Archiv AFU Glarus;W. Traxel, Werkführer Schwändi;(nach LMI: WV Mitlödi, Notwasser???);;31;32;;;erforderlich;1;ja;M. Simmler;10.02.1998;2;28.08.1998;;WAHR;FALSCH;FALSCH;FALSCH
54;Mühle-Quelle;Müli;Mitlödi;8756;725120;208200;400;J. Hüsler-Seiler;490;;72520801;aus Plan gelesen;Trinkwasser;WV Einzelliegenschaft;GW-Aufstoss;;;;Archiv AFU Glarus;F. Zimmermann, Werkführer Mitlödi;Haus/Fischzucht;;22;;;;keine vorh.;;;R. Brunner;10.02.1998;6;26.03.1998;;WAHR;FALSCH;FALSCH;FALSCH
55;Wiesbach-Quelle;Wies;Mitlödi;8756;724610;207745;487;öffentlich;504;;72420701;aus Plan gelesen;im Moment ungenutzt;Bach;Wasseraustritt;;;ungefasst;Archiv AFU Glarus;F. Zimmermann, Werkführer Mitlödi;;;20;;;;keine vorh.;;;R. Brunner;10.02.1998;7;26.03.1998;;WAHR;FALSCH;FALSCH;FALSCH
56;;Tschachen;Mitlödi;8756;;;;Kanton/Schatzkorporation;500;;;aus Plan gelesen;im Moment ungenutzt;;aufstossend;;;;Archiv AFU Glarus;;Gemäss Dr. Marti AfU Glarus gestrichen;;;;;;keine vorh.;;;R. Brunner;10.02.1998;8;;26.03.1998;FALSCH;FALSCH;FALSCH;FALSCH
57;Quelle Ennetlinth;Ennetlinth;Mitlödi;8756;724925;207697;371;Gemeinde;500;;72420702;aus Plan gelesen;im Moment ungenutzt;;Wasseraustritt;;;ungefasst;Archiv AFU Glarus;F. Zimmermann, Werkführer Mitlödi;;;21;;;;keine vorh.;;;R. Brunner;10.02.1998;9;26.03.1998;;WAHR;FALSCH;FALSCH;FALSCH
58;Quelle bei Mülifuhr;;Mitlödi;8756;;;;;500;;;aus Plan gelesen;im Moment ungenutzt;;;;;;Archiv AFU Glarus;;Gemäss Dr. Marti AfU Glarus gestrichen;;;;;;keine vorh.;;;R. Brunner;10.02.1998;10;;26.03.1998;FALSCH;FALSCH;FALSCH;FALSCH
59;Quellaustritt Hausliruns;;Mitlödi;8756;;;;;520;;;aus Plan gelesen;im Moment ungenutzt;;;;;;Archiv AFU Glarus;;Gemäss Dr. Marti AfU Glarus gestrichen;;;;;;keine vorh.;;;R. Brunner;10.02.1998;11;;26.03.1998;FALSCH;FALSCH;FALSCH;FALSCH
60;Quellaustritt Linthbord;;Mitlödi;8756;;;;;500;;;aus Plan gelesen;;;;;;;Archiv AFU Glarus;F. Zimmermann, Werkführer Mitlödi;Gemäss Hr Zimmermann nicht vorhanden;;;;;;keine vorh.;;;R. Brunner;10.02.1998;12;;26.03.1998;FALSCH;FALSCH;FALSCH;FALSCH
61;Quelle Tschudi;Schwizerhus;Mitlödi;8756;724295;209910;15;F. Tschudi;520;0;72420901;aus Plan gelesen;Trinkwasser;WV Einzelligenschaft;Wasseraustritt;sanierngsbedürftig;Holzbretter/Blech;Brunnenstube;Archiv AFU Glarus;F. Tschudi-Tschudi, Schweizerhaus, Ennenda;;;23;24;;;keine vorh.;0;ja;R. Brunner;10.02.1998;13;26.03.1998;;WAHR;FALSCH;FALSCH;FALSCH
62;Quelle Brunnen;;Mitlödi;8756;;;;;500;;;aus Plan gelesen;;;;;;;Archiv AFU Glarus;F. Zimmermann, Werkführer Mitlödi;Gemäss Hr. Zimmermann nicht vorhanden;;;;;;keine vorh.;;;R. Brunner;10.02.1998;14;;26.03.1998;FALSCH;FALSCH;FALSCH;FALSCH
274;Quelle Wychlenberg;;Elm;8767;;;;Erben K. Rhyner-Freitag, Auen;1220;;;aus Plan gelesen;im Moment ungenutzt;;;;;;Archiv AFU Glarus;;nicht gefasst;;;;;;;;;;08.04.1998;1;;15.06.1999;FALSCH;FALSCH;FALSCH;FALSCH
275;;Erbs-Grundboden;Elm;8767;;;;Tagwen Elm;1210;;;aus Plan gelesen;im Moment ungenutzt;;;;;;Archiv AFU Glarus;;;;;;;;;;;;08.04.1998;2;;15.06.1999;FALSCH;FALSCH;FALSCH;FALSCH
276;Quelle Brunnenloch;Flur;Elm;8767;729190;195640;;Tagwen Elm;1200;;72919501;aus Plan gelesen;Brauchwasser;Ställe;;;;;Archiv AFU Glarus;Samuel Hefti, EW Elm;überdeckt;;;;;;keine vorh.;;;Brunner;08.04.1998;3;18.08.1999;;WAHR;FALSCH;FALSCH;FALSCH
277;Quelle Hinterhausweidli;Hinterhausweidli;Elm;8767;729520;196380;;R. Elmer, Steinibach;1170;;72919603;aus Plan gelesen;Trinkwasser;WV Einzelliegenschaft;;;;;Archiv AFU Glarus;R. Elmer, Steinibach Elm;überdeckt --> Lawinenholz;;;;;;keine vorh.;;;;08.04.1998;4;18.08.1999;;WAHR;FALSCH;FALSCH;FALSCH
278;;Studenweid;Elm;8767;;;;M. Rhyner, Steinibach;1190;;;aus Plan gelesen;im Moment ungenutzt;WV Weiler/Quartier;;;;;Archiv AFU Glarus;;;;;;;;keine vorh.;;;;08.04.1998;5;;18.08.1999;FALSCH;FALSCH;FALSCH;FALSCH
279;Quelle Studenweid;Studenweid;Elm;8767;729500;196410;;Fam. Disch-Rhyner;1220;;72919604;aus Plan gelesen;Trinkwasser;WV Einzelligenschaft;;;;;Archiv AFU Glarus;Fam. Disch-Rhyner, Elm;überdeckt-->unter Terrain, nicht gefunden;;;;;;keine vorh.;;;Brunner;08.04.1998;6;18.08.1999;;WAHR;FALSCH;FALSCH;FALSCH
280;Quelle Ziegerritt II;Ziegeritt;Elm;8767;729716;197098;;Gde. Elm;1438;10;72919702;im Feld eingemessen;Trinkwasser;WV Gemeinde;Sicker-/Zuleitung;gut;Pilzdeckel;Brunnenstube/Sammelschacht;Archiv AFU Glarus;Samuel Hefti, EW Elm;;;32;33;;;definitiv;2;ja;Brunner;08.04.1998;7;18.08.1999;;WAHR;FALSCH;FALSCH;WAHR
281;Quelle Freitag;Rüfi-Höschetli;Elm;8767;730400;196920;;R. Freitag, Egg;1110;0;73019601;aus Plan gelesen;Trinkwasser;WV Einzelliegenschaft;offener Graben;schlecht;Steinplatte;Brunnenstube;Archiv AFU Glarus;Ruedi Freitag, Höschetli Elm;;;10;11;;;keine vorh.;0;nein;Brunner;08.04.1998;8;18.08.1999;;WAHR;FALSCH;FALSCH;FALSCH
282;Quelle Meinradszell Ost;;Elm;8767;729960;196240;;Gde. Elm;1090;100;72919601;im Feld eingemessen;Trinkwasser;WV Gemeinde;Sicker-/Zuleitung;gut;Eisendeckel feuerverzinkt;Brunnenstube;Archiv AFU Glarus;Samuel Hefti, EW Elm;;;6;7;;;definitiv;1;ja;Brunner;08.04.1998;9;15.06.1999;;WAHR;FALSCH;FALSCH;FALSCH
283;Quellen Laisbach;Eggli;Elm;8767;730910;197125;;Gde. Elm;1070;;73019701;im Feld eingemessen;Trinkwasser;WV Gemeinde;Sicker-/Zuleitung;gut;Tor;Brunnenstube;Archiv AFU Glarus;Samuel Hefti, EW Elm;;;4;5;;;definitiv;1;ja;Brunner;08.04.1998;10;15.06.1999;;WAHR;FALSCH;FALSCH;FALSCH
284;Quelle Elmag - Rain 1;Wiese;Elm;8767;731750;197720;;Beat Elmer;995;10;73119701;aus Plan gelesen;Trinkwasser;WV Einzelliegenschaft;;gut;Eisen 4kant. Schrauben;Brunnenstube;Archiv AFU Glarus;Beat Elmer, Elm;;;25;26;;;keine vorh.;1;nein;Brunner;08.04.1998;11;15.06.1999;;WAHR;FALSCH;FALSCH;FALSCH
285;;Wiese;Elm;8767;;;;Elmag AG, diverse;980;;;aus Plan gelesen;im Moment ungenutzt;;;;;;Archiv AFU Glarus;;trocken;;;;;;;;;;08.04.1998;12;;15.06.1999;FALSCH;FALSCH;FALSCH;FALSCH
286;Quelle Nesslenboden;Nesslenboden;Elm;8767;727448;194705;;EMD;1401;40;72719401;im Feld eingemessen;Trinkwasser;WV Waffenplatz;Sicker-/Zuleitung;gut;Pilzdeckel;Brunnenstube/Sammelschacht;Archiv AFU Glarus;Hanspeter Müller, Ausbildungsabschnitt Büro Matt;plus Zuleitung Rinderboden;;3;4;;;definitiv;1;ja;Brunner;08.04.1998;30;18.08.1999;;WAHR;FALSCH;FALSCH;FALSCH
287;Quelle Rinderboden;Rinderboden;Elm;8767;726390;194725;;EMD;1559;5;72619401;im Feld eingemessen;Trinkwasser;WV Waffenplatz;Sicker-/Zuleitung;gut;Betondeckel;Brunnenstube;Archiv AFU Glarus;Hanspeter Müller, Ausbildungsabschnitt Büro Matt;Leitung kurzgeschlossen, nur Überlauf;;1;2;;;definitiv;1;nein;Brunner;08.04.1998;31;18.08.1999;;WAHR;FALSCH;FALSCH;FALSCH
288;Quelle Chamm Ost;Erbs (auf der Matt);Elm;8767;727540;195900;;;1780;;;aus Plan gelesen;Trinkwasser;WV Weiler/Quartier;;;;Brunnenstube;Archiv AFU Glarus;;Qualität gut;;;;;;;;;;08.04.1998;32;;;FALSCH;FALSCH;FALSCH;FALSCH
289;Quelle Chamm West;Erbs (auf der Matt);Elm;8767;727520;195900;;;1780;;;aus Plan gelesen;Trinkwasser;WV Weiler/Quartier;;;;Brunnenstube;Archiv AFU Glarus;;Qualität schlecht!?;;;;;;;;;;08.04.1998;33;;;FALSCH;FALSCH;FALSCH;FALSCH
290;Quelle Obtrittweg (Quelle Weg);Ober-Erbs auf der Matt);Elm;8767;727510;195760;;Gde. Elm;1730;10;72719501;aus Plan gelesen;Trinkwasser;WV Weiler/Quartier;Sicker-/Zuleitung;gut;Pilzdeckel;Brunnenstube;Archiv AFU Glarus;Kaspar Elmer Gemeindepräsident Elm;;;26;27;;;keine vorh.;1;ja;Brunner;08.04.1998;34;18.08.1999;;WAHR;FALSCH;FALSCH;FALSCH
291;Quelle Chüetal;Erbs;Elm;8767;727490;195670;;;1710;;;aus Plan gelesen;im Moment ungenutzt;;;;;Brunnenstube;Archiv AFU Glarus;;Frage LMI: ist das wirklich eine Quelle?;;;;;;;;;;08.04.1998;35;;18.08.1999;FALSCH;FALSCH;FALSCH;FALSCH
292;;Wiese;Elm;8767;;;;Untere Dörflibrunnenkorporation;980;;;aus Plan gelesen;Brauchwasser;Brunnen;;;;;Archiv AFU Glarus;;Brunnen im Garten;;;;;;;;;;08.04.1998;13;;15.06.1999;FALSCH;FALSCH;FALSCH;FALSCH
293;Quelle Dörflibrunnen;Hinterbach;Elm;8767;;;;diverse;980;;;aus Plan gelesen;;;;;;;Archiv AFU Glarus;;Dörflibrunnen;;;;;;;;;;08.04.1998;14;;15.06.1999;FALSCH;FALSCH;FALSCH;FALSCH
294;Quelle Gandweid;Gandweid;Elm;8767;;;;diverse;980;;;aus Plan gelesen;Brauchwasser;Stallbrunnen;;;;;Archiv AFU Glarus;;;;;;;;;;;;08.04.1998;15;;15.06.1999;FALSCH;FALSCH;FALSCH;FALSCH
295;;Müsli;Elm;8767;;;;diverse;960;;;aus Plan gelesen;im Moment ungenutzt;;;;;;Archiv AFU Glarus;;2 Quellen;;;;;;;;;;08.04.1998;16;;15.06.1999;FALSCH;FALSCH;FALSCH;FALSCH
296;Quelle Bleiken;Bleiken;Elm;8767;731480;198740;;Hüslibrunnenkorporation;1185;0;73119801;aus Plan gelesen;Trinkwasser;WV Weiler/Quartier;Sicker-/Zuleitung;gut;Eisen 4 kant.;Brunnenstube;Archiv AFU Glarus;Samuel Hefti, EW Elm,;;;23;24;;;erforderlich;2;nein;Brunner;08.04.1998;17;15.06.1999;;WAHR;FALSCH;FALSCH;FALSCH
297;Quelle Brunnadern;Brunnadern;Elm;8767;731800;199030;;Brunnenkorp. Schwendiweid;990;0;73119901;aus Plan gelesen;Trinkwasser;WV Weiler/Quartier;Sicker-/Zuleitung;genügend;Holz;Brunnenstube;Archiv AFU Glarus;Christoph Hefti, Schwendiweg Elm;;;20;21;;;keine vorh.;2;nein;Brunner;08.04.1998;18;18.08.1999;;WAHR;FALSCH;FALSCH;FALSCH
298;Quelle Brändenberg;Brändenberg;Elm;8767;731520;199320;;Brunnenkorporation Sulzbach;1120;0;73119902;aus Plan gelesen;Trinkwasser;Weiler Sulzbach;Aufstossend/ Zuleitung;gut;Eternit;Sammelschacht;Archiv AFU Glarus;Kaspar Rhyner, Burg elm;;;22;23;;;keine vorh.;4;nein;Brunner;08.04.1998;19;18.08.1999;;WAHR;FALSCH;FALSCH;FALSCH
299;Quelle Hörelibrunnen (Alprüteli);Alprüteli (Horelibrunnen);Elm;8767;733180;198100;;Gde. Elm;1195;0;73319801;im Feld eingemessen;Trinkwasser;WV Gemeinde Elm (neu) Ferienhaus, Ställe;Sicker-/Zuleitung;;Holz;Brunnenstube;Archiv AFU Glarus;Samuel Hefti, EW Elm;"wird 1999 neu gefasst
-für WV";;1;;;;definitiv;1;nein;Brunner;08.04.1998;20;15.06.1999;;WAHR;FALSCH;FALSCH;FALSCH
300;Quelle Brünnen II;Empächli;Elm;8767;730520;197960;;Gde. Elm;1480;100;73019702;im Feld eingemessen;Trinkwasser;WV Gemeinde;Sicker-/Zuleitung;;Pilzdeckel feuerverzinkt;Brunnenstube/Reservoir;Archiv AFU Glarus;Samuel Hefti, EW Elm;;;12;;;;definitiv;2;;Brunner;08.04.1998;21;15.06.1999;;WAHR;FALSCH;FALSCH;FALSCH
301;Kapuztinerquelle ELMAG MW 3;Gschwend-Gstöck;Elm;8767;732185;197240;;Elmag AG;1100;;73219701;aus Plan gelesen;Mineralquelle;Mineralwasser;Stollen;;;;Plan Loretan/Elmag;Hr. Bay;Hauptwasserquelle, kleiner Stollen;;;;;;erforderlich!!;;;;08.04.1998;22;;;WAHR;WAHR;FALSCH;WAHR
302;Quelle Brünnen I;Empächli;Elm;8767;730475;197955;;Gde. Elm;1490;;73019707;im Feld eingemessen;Trinkwasser;WV Gemeinde;Sicker-/Zuleitung;;;;Archiv AFU Glarus;Samuel Hefti, EW Elm;2 Quellen - nur 1 Schacht (Brünnen 2);;;;;;definitiv;1;;;08.04.1998;24;;15.06.1999;WAHR;WAHR;FALSCH;FALSCH
303;Quelle Pleus;Pleus;Elm;8767;729220;198600;;Gde. Elm;1849;40;72919801;im Feld eingemessen;Trinkwasser;WV Gemeinde;Sicker-/Zuleitung;gut;Pilzdeckel feuerverzinkt;Brunnenstube;Archiv AFU Glarus;Samuel Hefti, EW Elm;;;13;14;;;definitiv;1;ja;Brunner;08.04.1998;25;15.06.1999;;WAHR;FALSCH;FALSCH;FALSCH
304;Quelle Zigeritt I;Zigeritt;Elm;8767;729714;197123;;Gde. Elm;1445;10;72919701;im Feld eingemessen;Trinkwasser;WV Gemeinde;Sicker-/Zuleitung;gut;Pilzdeckel;Brunnenstube;Archiv AFU Glarus;Samuel Hefti, EW Elm;;;30;31;;;definitiv;1;ja;Brunner;08.04.1998;26;18.08.1999;;WAHR;FALSCH;FALSCH;WAHR
305;Quelle Zigeritt III;Zigeritt;Elm;8767;729723;197086;;Gde. Elm;1432;0;72919703;im Feld eingemessen;Trinkwasser;WV Gemeinde;Sicker-/Zuleitung;gut;Pilzdeckel;Brunnenstube;Archiv AFU Glarus;Samuel Hefti, EW Elm;;;34;35;36;;definitiv;1;ja;Brunner;08.04.1998;27;18.08.1999;;WAHR;FALSCH;FALSCH;WAHR
306;Quelle Zigeritt IV;Zigeritt;Elm;8767;729715;197050;;Gde. Elm;1415;;;im Feld eingemessen;Trinkwasser;WV Gemeinde;Sicker-/Zuleitung;;;;Archiv AFU Glarus;Samuel Hefti, EW Elm;kein Schacht;;;;;;definitiv;1;;;08.04.1998;28;;18.08.1999;FALSCH;FALSCH;FALSCH;FALSCH
307;Quelle Mainradzell West;;Elm;8767;729920;196230;;Gde. Elm;1095;100;72919602;im Feld eingemessen;Trinkwasser;WV Gemeinde;Sicker-/Zuleitung;gut;Eisendeckel mit 4 Kant;Brunnenstube;Archiv AFU Glarus;Samuel Hefti, EW Elm;;;8;9;;;definitiv;1;ja;Brunner;08.04.1998;29;15.06.1999;;WAHR;FALSCH;FALSCH;FALSCH
308;Quelle Loch 2;Loch;Matt;8766;730450;201535;702;Gde. Matt;1315;;73020101;aus Plan gelesen;Trinkwasser;WV Gemeinde;Sicker-/Zuleitung;gut;Eisentor;Brunnenstube;Archiv Lienert & Haering AG;Christoph Marti, Werkführer Matt;;;8;9;;;definitiv;5;ja;Brunner;08.04.1998;1;18.10.1999;;WAHR;FALSCH;FALSCH;FALSCH
309;Quelle Stutz 1;Stutz;Matt;8766;730930;201710;702;Gde. Matt;1080;;73020107;aus Plan gelesen;Trinkwasser;WV Gemeinde;Sicker-/Zuleitung;gut;Eisentor;Brunnenstube;Archiv Lienert & Haering AG;Christoph Marti, Werkführer Matt;"1 Quellfassung ständig in Betrieb 
Schlauch nur im Winter in Betrieb
Zuleitung von Quellen Loch";;4;5;;;definitiv;1;ja;Brunner;08.04.1998;2;18.10.1999;;WAHR;FALSCH;FALSCH;FALSCH
310;Quelle Schnabel;Schnabel;Matt;8766;732370;202350;;Gde. Matt;885;;73220202;aus Plan gelesen;Trinkwasser;2 Dorfbrunnen;ab Fels;gut;Eisentor;Brunnenstube;Archiv AFU Glarus;Christoph Marti, Werkführer Matt;nicht ins Netz gespiesen, nur im Notfall;;4;5;;;keine vorh.;1;ja;Brunner;08.04.1998;3;18.10.1999;;WAHR;FALSCH;FALSCH;FALSCH
311;Quelle Langriet;Weiden;Matt;8766;733530;204060;396;Wasserversorgung Weissenberg;1700;90;73320402;aus Plan gelesen;Trinkwasser;WV Weiler/Quartier Weissenberge;Sicker-/Zuleitung;gut;Eisendeckel;Brunnenstube;Archiv AFU Glarus;Stauffacher Fridolin, Weissenberg Matt;;;3;4;;;erforderlich;1;ja;Brunner;08.04.1998;4;20.08.1999;;WAHR;FALSCH;FALSCH;FALSCH
312;Quelle Weiden;Weiden;Matt;8766;733210;204030;396;Wasserversorgung Weissenberg;1655;60;73320403;aus Plan gelesen;Trinkwasser;WV Weiler/Quartier Weissenberge;Sicker-/Zuleitung;gut;Eisendeckel;Brunnenstube;Archiv AFU Glarus;Stauffacher Fridolin, Weissenberg Matt;;;2;1;5;;erforderlich;1;ja;Brunner;08.04.1998;5;20.08.1999;;WAHR;FALSCH;FALSCH;FALSCH
313;Quelle Stübli;Stübli;Matt;8766;731420;201860;280;Brunnengemeinschaft Brummbach;935;0;73120101;aus Plan gelesen;Trinkwasser;1 Ferienhaus, 2 Ställe, 1 Brunnen;Sicker-/Zuleitung;gut;Betondeckel;Brunnenstube;Archiv AFU Glarus;Hans Maduz-Marti, Sand;Neufassung;;2;3;;;keine vorh.;2;nein;Brunner;08.04.1998;6;18.10.1999;;WAHR;FALSCH;FALSCH;FALSCH
314;Quelle Stalden;Stalden;Matt;8766;732120;201990;245;Hans Elmer- Mattle;860;;73220101;aus Plan gelesen;Trinkwasser;Einzelliegenschaft;ab Fels/ aufstossend;sanierungsbedürftig/ schlecht;Eisentor;Brunnenstube;Archiv AFU Glarus;Hans Elmer-Mattle, Matt;;;6;7;;;keine vorh.;0;nein;Brunner;08.04.1998;7;18.10.1999;;WAHR;FALSCH;FALSCH;FALSCH
315;Quelle Stutzhütte;Stutzhütte Alp Krauchtal;Matt;8766;736080;207500;700;Gde. Matt;1670;0;73620701;aus Plan gelesen;Trinkwasser;Alpgebäude;ab Fels;genügend;Holz;Brunnenstube;Archiv AFU Glarus;Christoph Marti, Werkführer Matt;;;19;;;;keine vorh.;0;nein;Brunner;08.04.1998;16;20.08.1999;;WAHR;FALSCH;FALSCH;FALSCH
316;Quelle Steinhüttli;Steinhüttli Alp Krauchtal;Matt;8766;735700;207180;700;Gde. Matt;1640;0;73520701;aus Plan gelesen;Trinkwasser;Alpgebäude;ab Fels;genügend;Holz;Brunnenstube;Archiv AFU Glarus;Christoph Marti, Werkführer Matt;;;20;21;;;keine vorh.;0;nein;Brunner;08.04.1998;17;20.08.1999;;WAHR;FALSCH;FALSCH;FALSCH
317;Quelle Werbenhütte;Werbenhütte Alp Krauchtal;Matt;8766;736140;206320;700;Gde. Matt;1640;0;73620601;aus Plan gelesen;Trinkwasser;Alpgebäude;Sicker-/Zuleitung;gut;Eisendeckel;Brunnenstube;Archiv AFU Glarus;Christoph Marti, Werkführer Matt;;;22;23;;;keine vorh.;2;nein;Brunner;08.04.1998;18;20.08.1999;;WAHR;FALSCH;FALSCH;FALSCH
318;Quelle Vorderegg-Oberstafel;Vorderegg-Oberstafel;Matt;8766;733960;204180;700;Gde. Matt;1845;10;73320404;aus Plan gelesen;Trinkwasser;Alpgebäude;Sicker-/Zuleitung;gut;Holz;Brunnenstube;Archiv AFU Glarus;Christoph Marti, Werkführer Matt;;;23;24;;;keine vorh.;2;nein;Brunner;08.04.1998;8;18.10.1999;;WAHR;FALSCH;FALSCH;FALSCH
319;Quelle Schluchenwald;Schluchenwald;Matt;8766;729970;201660;707;Heiri Marti, Berglialp;1420;;72920102;aus Plan gelesen;Trinkwasser;Alpgebäude;;;;Brunnenstube;Archiv AFU Glarus;Heiri Marti, Sand Matt;"für Unterstafel Bergli
Quellschacht überdeckt, nicht gefunden";;;;;;keine vorh.;;;Brunner;08.04.1998;19;18.10.1999;;WAHR;FALSCH;FALSCH;FALSCH
320;Quelle Rietboden;Rietboden;Matt;8766;730500;202630;707;Heiri Marti, Berglialp;1560;;73020201;aus Plan gelesen;Trinkwasser;Alpgebäude;ab Fels;gut;Eisentor;Brunnenstube;Archiv AFU Glarus;Heiri Marti, Sand Matt;für Mittelstafel Alp Bergli;;21;22;;;keine vorh.;0;nein;Brunner;08.04.1998;20;18.10.1999;;WAHR;FALSCH;FALSCH;FALSCH
321;Quelle Berglialp Ober Stafel;Ober Stafel Alp Bergli;Matt;8766;729340;201640;707;Heiri Marti, Berglialp;1625;0;72920101;aus Plan gelesen;Trinkwasser;Alpgebäude;ab Fels;gut;Betondeckel;Brunnenstube;Archiv AFU Glarus;Heiri Marti, Sand Matt;;;19;20;;;keine vorh.;0;nein;Brunner;08.04.1998;21;18.10.1999;;WAHR;FALSCH;FALSCH;FALSCH
322;Quelle Hinteregg Ober Stafel  2;Ober Stafel Hinteregg;Matt;8766;734790;204400;700;Gde. Matt;1810;0;73420402;aus Plan gelesen;Trinkwasser;Alpgebäude;Sicker-/Zuleitung;gut;Betondeckel;Brunnenstube;Archiv AFU Glarus;Christoph Marti, Werkführer Matt;;;23;24;;;keine vorh.;3;nein;Brunner;08.04.1998;9;18.10.1999;;WAHR;FALSCH;FALSCH;FALSCH
323;Quelle Unter Stafel Vorderegg;Unter Stafel Vorderegg;Matt;8766;735270;203880;700;Gde. Matt;1550;0;73520301;aus Plan gelesen;Trinkwasser;Alpgebäude;ab Fels;gut;Holz;Brunnenstube;Archiv AFU Glarus;Christoph Marti, Werkführer Matt;;;33;34;;;keine vorh.;;nein;Brunner;08.04.1998;10;18.10.1999;;WAHR;FALSCH;FALSCH;FALSCH
324;Quelle Hinteregg Unter Stafel;Hinteregg Unter Stafel;Matt;8766;735390;203940;700;Gde. Matt;1525;0;73520302;aus Plan gelesen;Trinkwasser;Alpgebäude;Sicker-/Zuleitung;gut;Eisendeckel mit 4 Kant;Brunnenstube;Archiv AFU Glarus;Christoph Marti, Werkführer Matt;;;31;32;;;keine vorh.;1;nein;Brunner;08.04.1998;11;18.10.1999;;WAHR;FALSCH;FALSCH;FALSCH
325;Quelle Stollenrus Alp Krauchtal Unter Staffel 2;Stollenrus Alp Krauchtal;Matt;8766;736320;205600;700;Gde. Matt;1630;0;73620502;aus Plan gelesen;Trinkwasser;Alpgebäude;ab Fels;genügend;Holz;Brunnenstube;Archiv AFU Glarus;Christoph Marti, Werkführer Matt;Hintere Winggelhütten;;24;25;;;keine vorh.;1;nein;Brunner;08.04.1998;12;20.08.1999;;WAHR;FALSCH;FALSCH;FALSCH
326;Quelle Riseten Ober Stafel 1;Ober Stafel Riseten;Matt;8766;736980;203680;700;Gde. Matt;1940;20;73620301;aus Plan gelesen;Trinkwasser;Alpgebäude;Sicker-/Zuleitung;gut;Betondeckel;Brunnenstube/Reservoir;Archiv AFU Glarus;Christoph Marti, Werkführer Matt;;;9;12;;;keine vorh.;2;nein;Brunner;08.04.1998;13;20.08.1999;;WAHR;FALSCH;FALSCH;FALSCH
327;Quelle Riseten Mittel Stafel 1;Mittler Stafel Riseten;Matt;8766;736750;204270;700;Gde. Matt;1750;0;73620401;aus Plan gelesen;Trinkwasser;Alpgebäude;ab Fels/ Boden;gut;Holz;Brunnenstube;Archiv AFU Glarus;Christoph Marti, Werkführer Matt;;;15;16;;;keine vorh.;0;nein;Brunner;08.04.1998;14;20.08.1999;;WAHR;FALSCH;FALSCH;FALSCH
328;Quelle Riseten Unter Stafel;Unter Stafel Riseten;Matt;8766;735900;203810;700;Gde. Matt;1445;;73520303;aus Plan gelesen;Trinkwasser;Alpgebäude;Sicker-/Zuleitung;gut;Holz;Brunnenstube;Archiv AFU Glarus;Christoph Marti, Werkführer Matt;;;2;3;;;keine vorh.;1;nein;Brunner;08.04.1998;15;18.10.1999;;WAHR;FALSCH;FALSCH;FALSCH
329;Quelle Lanzerie;Lanzerie Alp Krauchtal;Matt;8766;;;700;Gde. Matt;1520;;;aus Plan gelesen;im Moment ungenutzt;;;;;;Archiv AFU Glarus;Christoph Marti, Werkführer Matt;;;;;;;;;;;08.04.1998;22;;20.08.1999;FALSCH;FALSCH;FALSCH;FALSCH
330;;Bruch;Matt;8766;;;700;Gde. Matt;1270;;;aus Plan gelesen;im Moment ungenutzt;;nicht gefasst;;;;Archiv AFU Glarus;Christoph Marti, Werkführer Matt;;;;;;;keine vorh.;;;;08.04.1998;23;;20.08.1999;FALSCH;FALSCH;FALSCH;FALSCH
331;Quelle Bruchhüttli;Bruch ob Hüttli;Matt;8766;734370;202740;700;Gde. Matt;1200;0;73420201;aus Plan gelesen;Trinkwasser; Wegbrunnen;ab Fels;gut;Holz;Brunnenstube;Archiv AFU Glarus;Christoph Marti, Werkführer Matt;;;7;8;;;keine vorh.;0;nein;Brunner;08.04.1998;24;20.08.1999;;WAHR;FALSCH;FALSCH;FALSCH
333;Quelle Höfli;Höfli;Engi;8765;729500;205450;;Vontobel Heidi, Höfli;770;;72920502;aus Plan gelesen;im Moment ungenutzt;In Bach, Fischweiher;ab Fels;genügend;grosser Stein;;Archiv AFU Glarus;Vontobel Heidi, Höfli, Engi;;;9;10;;;keine vorh.;;nein;Brunner;08.04.1998;2;19.08.1999;;WAHR;FALSCH;FALSCH;FALSCH
334;Quelle Vordere Wartstalden;Wartstalden;Engi;8765;727763;206287;;Gde. Schwanden;794.3400269;0;72720603;Geometeraufnahmen;Trinkwasser;WV Gemeinde Schwanden;Stollen;gut;Eisendeckel;Brunnenstube;Archiv Lienert & Haering AG;J. Tschudi, WV Schwanden;Eigentliche Fassung ca. 300 m im Berg innen;;H24;H25;;;provisorich;1;ja;M. Simmler;08.04.1998;3;04.08.1998;;WAHR;FALSCH;FALSCH;FALSCH
335;Quelle Hinterer Wartstalden;Wartstalden;Engi;8765;728672;205931;;Gde. Schwanden;756.3099976;50;72820501;Geometeraufnahmen;Trinkwasser;WV Gemeinde Schwanden;Stollen;gut;Pilzdeckel;Brunnenstube;Archiv Lienert & Haering AG;J. Tschudi, WV Schwanden;eigentliche Fassung mehrere 100 m im Berg innen;;H26;H27;H28;;provisorisch;1;ja;M. Simmler;08.04.1998;4;04.08.1998;;WAHR;FALSCH;FALSCH;FALSCH
336;Quelle im Knie;Bifang;Engi;8765;730050;205370;;Brunnenkorporation Knie;815;0;73020501;aus Plan gelesen;Trinkwasser;6 Liegenschaften;ab Fels;gut;Eisentor;Brunnenstube;Archiv AFU Glarus;Kurt Klingenfuss, Zürich;;;;;;;erforderlich;0;ja;;08.04.1998;5;19.08.1999;;WAHR;FALSCH;FALSCH;FALSCH
337;Quelle im Holderbergli;Bifang;Engi;8765;730010;205470;;diverse;850;0;73020502;aus Plan gelesen;Trinkwasser;4 Liegenschaften;Sicker-/Zuleitung;genügend;Eisendeckel;Brunnenstube;Archiv AFU Glarus;Leonard Marti-Meili, Holderberg, Engi;;;15;16;;;keine vorh.;1;nein;Brunner;08.04.1998;6;19.08.1999;;WAHR;FALSCH;FALSCH;FALSCH
338;Quelle im Bergli;Bergli;Engi;8765;729930;205550;;M. Baumgartner-Marti;880;0;72920503;aus Plan gelesen;Trinkwasser;Einzelliegenschaft mit Stall;Aufstossend;schlecht;Blech;Brunnenstube;Archiv AFU Glarus;M. Baumgartner-Marti, Bergli, Engi;;;13;14;;;keine vorh.;0;nein;Brunner;08.04.1998;7;19.08.1999;;WAHR;FALSCH;FALSCH;FALSCH
339;Quelle Brunnengaden;Brunnengaden;Engi;8765;730263;205550;;Gde. Engi;880;;73020503;im Feld eingemessen;Trinkwasser;WV Gemeinde;Stollen/ ab Fels;gut;Türe;Brunnenstube;Archiv Lienert & Haering AG;Fux Ernst, Werkführer;;;11;12;;;definitiv;1;ja;Brunner;08.04.1998;8;19.08.1999;;WAHR;FALSCH;FALSCH;FALSCH
340;Quelle im Malissand 1;;Engi;8765;730590;205790;;Weberei Sernftal (Weseta);980;0;73020506;aus Plan gelesen;Trinkwasser;Wohnhäuser, Weberei;;gut;Eisentor;Brunnenstube;Archiv AFU Glarus;Weseta Engi;"-3 Quellschächte
verschlossen";;28;;;;erforderlich;;ja;Brunner;08.04.1998;9;19.10.1999;;WAHR;FALSCH;FALSCH;FALSCH
341;Quelle im Salenstutz;;Engi;8765;;;;Gde. Engi;1000;;;aus Plan gelesen;Brauchwasser;Brunnen;;;;;Archiv AFU Glarus;Fux Ernst, Werkführer;nicht aufgenommen;;;;;;;;;;08.04.1998;10;;19.08.1999;FALSCH;FALSCH;FALSCH;FALSCH
342;Quelle Müslenrus;Müslenrunse/Gufelstock;Engi;8765;730670;206310;;Brunnenkorp. Gufelstock, Gde. Engi;1130;0;73020601;aus Plan gelesen;Trinkwasser;Ferienhäuser;ab Fels;gut;Eisentor;Brunnenstube;Archiv AFU Glarus;Fux Ernst, Werkführer Engi;verschlossen;;30;;;;erforderlich;0;ja;Brunner;08.04.1998;18;19.10.1999;;WAHR;FALSCH;FALSCH;FALSCH
343;;Schiterrunse;Engi;8765;730380;206980;;Gde. Engi;1550;;73020603;aus Plan gelesen;;;;;;;Archiv AFU Glarus;Fux Ernst, Werkführer;;;;;;;;;;;08.04.1998;19;;;WAHR;WAHR;FALSCH;FALSCH
344;Quelle Üeblital;Üeblital;Engi;8765;731265;207050;;Gde. Engi;1185;30;73120701;im Feld eingemessen;Trinkwasser;WV Gemeinde;Sicker-/Zuleitung;gut;Pilzdeckel;Brunnenstube;Archiv Lienert & Haering AG;Fux Ernst, Werkführer;;;21;22;;;definitiv;1;ja;Brunner;08.04.1998;20;19.08.1999;;WAHR;FALSCH;FALSCH;FALSCH
345;;in den Brünnen;Engi;8765;;;;Gde. Engi;1090;;;aus Plan gelesen;im Moment ungenutzt;;;;;;Archiv AFU Glarus;Fux Ernst, Werkführer;ungenutzt,;;;;;;;;;;08.04.1998;21;;19.08.1999;FALSCH;FALSCH;FALSCH;FALSCH
346;;;Engi;8765;;;;O. Haller, Leinsiten;820;;;aus Plan gelesen;Brauchwasser;Brunnen;;;;;Archiv AFU Glarus;Kurt Haller, Leinsiten;nicht aufgenommen;;;;;;;;;;08.04.1998;11;;19.08.1999;FALSCH;FALSCH;FALSCH;FALSCH
347;Quelle i.d. Leinsiten;;Engi;8765;;;;O. Haller, Leinsiten;900;;;aus Plan gelesen;im Moment ungenutzt;;;;;;Archiv AFU Glarus;Kurt Haller, Leinsiten;nicht aufgenommen;;;;;;;;;;08.04.1998;12;;19.08.1999;FALSCH;FALSCH;FALSCH;FALSCH
348;Quelle Hüttenboden;Hüttenboden;Engi;8765;731410;205290;;H. Marti, Berg;1250;0;73120501;aus Plan gelesen;Trinkwasser;Einzelliegenschaft;ab Fels;genügend;Schieferplatte;Brunnenstube;Archiv AFU Glarus;Fux Ernst, Werkführer, Engi;;;30;31;;;keine vorh.;0;nein;Brunner;08.04.1998;13;19.08.1999;;WAHR;FALSCH;FALSCH;FALSCH
349;Quelle Wagenplatz;Wagenplatz;Engi;8765;731350;205190;;Schul Blumer Brämer Brunnenkorporation;1195;0;73120502;aus Plan gelesen;;3 Dorfbrunnen + Stall;Sicker-/Zuleitung;gut;Plastiktank;Brunnenstube;Archiv AFU Glarus;Mathias Marti, Riegelgasse, Engi;;;32;33;34;;keine vorh.;2;nein;Brunner;08.04.1998;14;19.08.1999;;WAHR;FALSCH;FALSCH;FALSCH
350;Quelle i.d. Brunnadern;;Engi;8765;731340;205400;;Gde. Engi;1220;;;aus Plan gelesen;im Moment ungenutzt;;;;;;Archiv AFU Glarus;Fux Ernst, Werkführer Engi;;;;;;;;;;;08.04.1998;15;;19.10.1999;FALSCH;FALSCH;FALSCH;FALSCH
351;Quelle i.d. kalten Brünnen;;Engi;8765;;;;Gde. Engi;1300;;;aus Plan gelesen;im Moment ungenutzt;;;;;;Archiv AFU Glarus;;ungenutzt, nicht aufgenommen;;;;;;;;;;08.04.1998;16;;19.08.1999;FALSCH;FALSCH;FALSCH;FALSCH
352;Planggenruskorporation;Buechwald;Schwanden;8762;;;;Blanggenbrunnenkorporation;900;;;aus Plan gelesen;Brauchwasser;Brunnen (Viehtränke);Bachwasserfassung;;Holz;;Archiv AFU Glarus;J. Tschudi, Werkführer Schwanden;nur Viehtränke --> nicht aufgenommen;;;;;;keine vorh.;;nein;;15.04.1998;1;;28.08.1998;FALSCH;FALSCH;FALSCH;FALSCH
353;Hinterruskorporation;Äschen;Schwanden;8762;;;;Hinterrunsenkorporation;910;;;aus Plan gelesen;;;;;;;Archiv AFU Glarus;H. R. Streiff;gemäss Gemeinde ungenutzt, nicht aufgenommen;;;;;;keine vorh.;;;;16.04.1998;4;;09.10.1998;FALSCH;FALSCH;FALSCH;FALSCH
354;Quelle Leuggelen;Leuggelenwald;Schwanden;8762;722525;205845;;Leuggelbrunnenkorporation;950;0;72220515;aus Plan gelesen;Brauchwasser;Brunnen (Viehtränke), Rest. Leuggelen;Sicker-/Zuleitung;gut;Türe;Brunnenstube;Archiv AFU Glarus;J. Tschudi, Werkführer Schwanden;;;L30;L31;;;keine vorh.;1;ja;M. Simmler;16.04.1998;5;09.10.1998;;WAHR;FALSCH;FALSCH;FALSCH
355;Quelle Hellwald 1;Hellwald;Schwanden;8762;724754;204363;;Gde. Schwanden;1116.680054;;;Geometeraufnahmen;Trinkwasser;WV Gemeinde;;;;;Archiv Lienert & Haering AG;J. Tschudi, Werkführer Schwanden;Quelle neu mit Hellwald 2 gefasst;;;;;;definitiv;;;;16.04.1998;6;;04.08.1998;FALSCH;FALSCH;FALSCH;FALSCH
356;Quelle Hellwald 2;Hellwald;Schwanden;8762;724756;204360;;Gde. Schwanden;1118.640015;40;72420401;Geometeraufnahmen;Trinkwasser;WV Gemeinde;Sicker-/Zuleitung;SVGW-Konform;Pilzdeckel;Brunnenstube/Sammelschacht;Archiv Lienert & Haering AG;J. Tschudi, Werkführer Schwanden;;;G8;G9;G10+1;;definitiv;3;ja;M. Simmler;16.04.1998;7;04.08.1998;;WAHR;FALSCH;FALSCH;FALSCH
357;Quelle Hellwald 3;Hellwald;Schwanden;8762;724770;204360;;Gde. Schwanden;1121.170044;;;Geometeraufnahmen;Trinkwasser;WV Gemeinde;;;;kein Schacht;Archiv Lienert & Haering AG;J. Tschudi, Werkführer Schwanden;Quelle läuft direkt in Sammelbrunnenstube 10;;;;;;definitiv;;;M. Simmler;16.04.1998;8;04.08.1998;;WAHR;FALSCH;FALSCH;FALSCH
358;Quelle Hellwald 4;Hellwald;Schwanden;8762;724783;204374;;Gde. Schwaden;1120.959961;0;72420402;Geometeraufnahmen;Trinkwasser;WV Gemeinde;Sicker-/Zuleitung;gut;Eisendeckel;Kontrollschacht;Archiv Lienert & Haering AG;J. Tschudi, Werkführer Schwanden;Quelle läuft via Kontrollschacht in Sammelbrunnenstube 10;;G6;G7;;;definitiv;1;ja;M. Simmler;16.04.1998;9;04.08.1998;;WAHR;FALSCH;FALSCH;FALSCH
359;Quelle Hellwald 15;Hellwald;Schwanden;8762;724674;204458;;Gde. Schwanden;1054.280029;70;72420403;Aus Plan gelesen;Trinkwasser;WV Gemeinde;Sicker-/Zuleitung;SVGW-Konform;Pilzdeckel;Brunnenstube;Archiv Lienert & Haering AG;J. Tschudi, Werkführer Schwanden;Quelle läuft direkt in Sammelbrunnenstube 10;;G12;G13;;;definitiv;2;ja;M. Simmler;16.04.1998;10;04.08.1998;;WAHR;FALSCH;FALSCH;FALSCH
360;Quelle Tobel 20;Tobel;Schwanden;8762;724489;204514;;Gde. Schwanden;963.6900024;0;72420404;Geometeraufnahmen;Trinkwasser;WV Gemeinde;Sicker-/Zuleitung;gut;Eisendeckel;Kontrollschacht;Archiv Lienert & Haering AG;J. Tschudi, Werkführer Schwanden;Quelle läuft via Kontrollschacht in Sammelbrunnenstube 19;;G14;G15;;;definitiv;1;ja;M. Simmler;16.04.1998;11;04.08.1998;;WAHR;FALSCH;FALSCH;FALSCH
361;Quelle Tobel 21;Tobel;Haslen;8773;724457;204516;;Gde. Schwanden;948.75;10;72420405;Geometeraufnahmen;Trinkwasser;WV Gemeinde Schwanden;Sicker-/Zuleitung;gut;Eisendeckel;Kontrollschacht;Archiv Lienert & Haering AG;J. Tschudi, WV Gde. Schwanden;Quelle läuft via Kontrollschacht in Sammelbrunnenstube 19;;G16;G17;;;definitiv;1;ja;M. Simmler;16.04.1998;1;04.08.1998;;WAHR;FALSCH;FALSCH;FALSCH
362;Quelle Tobel 22;Tobel;Haslen;8773;724441;204555;;Gde. Schwanden;924.4099731;10;72420406;Geometeraufnahmen;Trinkwasser;WV Gemeinde Schwanden;Sicker-/Zuleitung;gut;Eisendeckel;Kontrollschacht;Archiv Lienert & Haering AG;J. Tschudi, WV Gde. Schwanden;Quelle läuft via Kontrollschacht in Sammelbrunnenstube 23;;G18;G19;;;definitiv;1;ja;M. Simmler;16.04.1998;2;04.08.1998;;WAHR;FALSCH;FALSCH;FALSCH
363;Quelle Tobel 25;Tobel;Haslen;8773;724378;204638;;Gde. Schwanden;871.5499878;0;72420407;Geometeraufnahmen;Trinkwasser;WV Gemeinde Schwanden;Sicker-/Zuleitung;gut;Eisendeckel;Kontrollschacht;Archiv Lienert & Haering AG;J. Tschudi, WV Gde. Schwanden;Quelle läuft via Kontrollschacht in Sammelbrunnenstube 24;;H1;H2;;;definitiv;1;ja;M. Simmler;16.04.1998;3;04.08.1998;;WAHR;FALSCH;FALSCH;FALSCH
364;Quelle Tobel 24;Tobel;Haslen;8773;;;;Gde. Schwanden;880.5300293;;;Geometeraufnahmen;im Moment ungenutzt;WV Gemeinde Schwanden;nicht gefasst;;;;Archiv Lienert & Haering AG;J. Tschudi, WV Gde. Schwanden;gemäss J. Tschudi nicht mehr gefasst, da versiegt --> nicht aufgenommen;;;;;;definitiv;;;;16.04.1998;4;;04.08.1998;FALSCH;FALSCH;FALSCH;FALSCH
365;Quelle Schwändibord 35;Schwändibord;Haslen;8773;724319;204607;;Gde. Schwanden;908.3599854;5;72420408;Geometeraufnahmen;Trinkwasser;WV Gemeinde Schwanden;Sicker-/Zuleitung;gut;Eisendeckel;Kontrollschacht;Archiv Lienert & Haering AG;J. Tschudi, WV Gde. Schwanden;Quelle läuft via Kontrollschacht in Sammelbrunnenstube 24;;G20;G21;;;definitiv;1;ja;M. Simmler;16.04.1998;5;04.08.1998;;WAHR;FALSCH;FALSCH;FALSCH
366;Quelle Schwändibord 36.1;Schwändibord;Haslen;8773;724300;204628;;Gde. Schwanden;907.25;30;72420409;Geometeraufnahmen;Trinkwasser;WV Gemeinde Schwanden;Stollen;SVGW-Konform;Eisentüre;Brunnenstube;Archiv Lienert & Haering AG;J. Tschudi, WV Gde. Schwanden;"Quelle läuft via Durchlaufrinne im Stollen in Sammelbrunnenstube 39; neu direkt in Sammelbrunnenstube";;G22;G23;;;definitiv;1;ja;M. Simmler;16.04.1998;;04.08.1998;;WAHR;FALSCH;FALSCH;FALSCH
367;Quelle Schwändibord 37;Schwändibord;Haslen;8773;724282;204641;;Gde. Schwanden;902;;;Geometeraufnahmen;Trinkwasser;WV Gemeinde Schwanden;;;;;Archiv Lienert & Haering AG;J. Tschudi, WV Gde. Schwanden;kein Schacht, Quelle läuft direkt in Sammelbrunnenstube 39;;;G25;;;definitiv;;;M. Simmler;16.04.1998;7;04.08.1998;;WAHR;FALSCH;FALSCH;FALSCH
368;Quelle Schwändibord 38;Schwändibord;Haslen;8773;724283;204718;;Gde. Schwanden;848.7000122;50;72420410;Geometeraufnahmen;Trinkwasser;WV Gemeinde Schwanden;Sicker-/Zuleitung;SVGW-Konform;Pilzdeckel;Brunnenstube;Archiv Lienert & Haering AG;J. Tschudi, WV Gde. Schwanden;Quelle läuft direkt in Sammelbrunnenstube 38;;H3;H4;;;definitiv;1;ja;M. Simmler;16.04.1998;8;04.08.1998;;WAHR;FALSCH;FALSCH;FALSCH
369;Quelle Weidrunse 45;Weidrunse;Schwanden;8762;724462;205131;;Gde. Schwanden;804.4199829;20;72420501;Geometeraufnahmen;Trinkwasser;WV Gemeinde;Stollen;SVGW-Konform;Türe;kein Schacht;Archiv Lienert & Haering AG;J. Tschudi, Werkführer Schwanden;Quelle läuft via Durchlaufrinne in Sammelbrunnenstube 45;;H5;H6;H7;;definitiv;;ja;M. Simmler;16.04.1998;12;04.08.1998;;WAHR;FALSCH;FALSCH;FALSCH
370;Quelle Wagenrunse 56;Wagenrunse;Schwanden;8762;724998;205716;;Gde. Schwanden;693.6699829;10;72420502;Geometeraufnahmen;Trinkwasser;WV Gemeinde;Stollen;gut;Türe;kein Schacht;Archiv Lienert & Haering AG;J. Tschudi, Werkführer Schwanden;;;H11;H10;;;definitiv;2;ja;M. Simmler;16.04.1998;13;04.08.1998;;WAHR;FALSCH;FALSCH;FALSCH
371;Quelle Wagenrunse 57;Wagenrunse;Schwanden;8762;724976;205718;;Gde. Schwanden;685.8800049;10;72420503;Geometeraufnahmen;Trinkwasser;WV Gemeinde;Sicker-/Zuleitung;gut;Türe;Brunnenstube/Sammelschacht;Archiv Lienert & Haering AG;J. Tschudi, Werkführer Schwanden;;;H9;H10;H12;;definitiv;2;ja;M. Simmler;16.04.1998;14;04.08.1998;;WAHR;FALSCH;FALSCH;FALSCH
372;Ginzenquelle;Ginzen;Schwanden;8762;;;;;610;;;aus Plan gelesen;im Moment ungenutzt;;nicht gefasst;;;;Archiv AFU Glarus;J. Tschudi, Werkführer Schwanden;nicht aufgenommen;;;;;;;;;;16.04.1998;15;;04.08.1998;FALSCH;FALSCH;FALSCH;FALSCH
373;Nüenhüttli;Neuenhüttli;Schwanden;8762;725750;204110;;Gde. Schwanden;920;10;72520401;aus Plan gelesen;Trinkwasser;Alpgebäude;Sicker-/Zuleitung;gut;Eisendeckel;Brunnenstube;Archiv AFU Glarus;J. Tschudi, Werkführer Schwanden;Versorgung Unterstafel Alp, nur kleiner Teil des Wassers gefasst;;H22;H23;;;keine vorh.;1;nein;M. Simmler;16.04.1998;162;04.08.1998;;WAHR;FALSCH;FALSCH;FALSCH
374;Niederen Laui;Laui;Schwanden;8762;;;;;940;;;aus Plan gelesen;im Moment ungenutzt;;nicht gefasst;;;;Archiv AFU Glarus;J. Tschudi, Werkführer Schwanden;nicht aufgenommen;;;;;;;;;;16.04.1998;17;;04.08.1998;FALSCH;FALSCH;FALSCH;FALSCH
375;Niederen Unterstafel;Kies;Schwanden;8762;;;;;1000;;;aus Plan gelesen;im Moment ungenutzt;;nicht gefasst;;;;Archiv AFU Glarus;J. Tschudi, Werkführer Schwanden;nicht aufgenommen;;;;;;;;;;16.04.1998;18;;04.08.1998;FALSCH;FALSCH;FALSCH;FALSCH
376;Grütquelle 1/68;Grüt;Schwanden;8762;724745;205749;;Gde. Schwanden;643.9500122;10;72420504;Geometeraufnahmen;Trinkwasser;WV Gemeinde;Sicker-/Zuleitung;sanierungsbedürftig;Blech-Deckel;Brunnenstube;Archiv Lienert & Haering AG;J. Tschudi, Werkführer Schwanden;;;H14;H15;;;definitiv;1;nein;M. Simmler;16.04.1998;19;04.08.1998;;WAHR;FALSCH;FALSCH;FALSCH
377;Grütquelle 2/70;Grüt;Schwanden;8762;724752;205761;;Gde. Schwanden;645;;;;Trinkwasser;WV Gemeinde;;;;unbekannt;Archiv Lienert & Haering AG;J. Tschudi, Werkführer Schwanden;Quelle noch nicht gefunden, Schüttung im Reservoir gemessen;;;;;;definitiv;;;M. Simmler;16.04.1998;20;04.08.1998;;WAHR;FALSCH;FALSCH;FALSCH
378;Quelle Felezen 80;Zusingen;Haslen;8773;723990;205021;41;Gde. Schwanden;680.3900146;0;72320501;Geometeraufnahmen;Trinkwasser;WV Gemeinde Schwanden;Sicker-/Zuleitung;gut;Eisendeckel;Brunnenstube;Archiv Lienert & Haering AG;J. Tschudi, WV Gde. Schwanden;;;F10;F11;;;definitiv;3;nein;M. Simmler;16.04.1998;9;04.08.1998;;WAHR;FALSCH;FALSCH;FALSCH
379;Quelle Ottigen 81;Zusingen;Haslen;8773;723887;205023;;Gde. Schwanden;639.1500244;5;72320502;Geometeraufnahmen;Trinkwasser;WV Gemeinde Schwanden;Sicker-/Zuleitung;gut;Eisendeckel;Brunnenstube;Archiv Lienert & Haering AG;J. Tschudi, WV Gde. Schwanden;;;F12;F13;;;definitiv;1;ja;M. Simmler;16.04.1998;10;04.08.1998;;WAHR;FALSCH;FALSCH;FALSCH
380;Quelle Alpweg 82;Zusingen;Haslen;8773;723938;205121;;Gde. Schwanden;617.6900024;5;72320503;Geometeraufnahmen;Trinkwasser;WV Gemeinde Schwanden;Sicker-/Zuleitung;sanierungsbedürftig;Blech-Deckel;Brunnenstube;Archiv Lienert & Haering AG;J. Tschudi, WV Gde. Schwanden;Fassung wahrscheinlich defekt (Leitungsbruch);;H18;H19;;;definitiv;2;ja;M. Simmler;16.04.1998;11;04.08.1998;;WAHR;FALSCH;FALSCH;FALSCH
393;Quelle Fegis 1;Auenalp Fegis;Haslen;8773;724456;203328;310;Gde. Haslen;1308.47998;0;72420301;Geometeraufnahmen;Trinkwasser;WV Gemeinde Schwanden ??;Sicker-/Zuleitung;gut;Eisendeckel mit Schrauben;Brunnenstube;Archiv Lienert & Haering AG;P. Muhl, Werkführer Gde. Haslen;Neufassung 1985;;24;25;;;definitiv;1;nein;R. Brunner;16.04.1998;12;21.07.1998;;WAHR;FALSCH;FALSCH;FALSCH
394;Quelle Fegis 2;Auenalp Fegis;Haslen;8773;724436;203364;310;Gde. Haslen;1302.420044;0;72420302;Geometeraufnahmen;Trinkwasser;WV Gemeinde Schwanden ??;Sicker-/Zuleitung;gut;Eisendeckel mit Schrauben;Brunnenstube;Archiv Lienert & Haering AG;P. Muhl, Werkführer Gde.Haslen;Neufassung 1985;;26;27;;;definitiv;1;nein;R. Brunner;16.04.1998;13;21.07.1998;;WAHR;FALSCH;FALSCH;FALSCH
395;Quelle Fegis 3;Auenalp Fegis;Haslen;8773;724406;203314;310;Gde. Haslen;1286.969971;0;72420303;Geometeraufnahmen;Trinkwasser;WV Gemeinde Schwanden ??;Sicker-/Zuleitung;gut;Eisendeckel mit Schrauben;Brunnenstube;Archiv Lienert & Haering AG;P. Muhl, Werkführer Gde.Haslen;Neufassung 1985;;28;29;;;definitiv;1;nein;R. Brunner;16.04.1998;14;21.07.1998;;WAHR;FALSCH;FALSCH;FALSCH
396;Quelle Täliberg;Täliberg;Haslen;8773;724118;203600;259;Gde. Haslen;1098.060059;15;72420304;Geometeraufnahmen;Trinkwasser;WV Gemeinde Haslen;Sicker-/Zuleitung;gut;Pilzdeckel;Brunnenstube;Archiv Lienert & Haering AG;P. Muhl, Werkführer Gde.Haslen;Neufassung 1990;;5;6;;;definitiv;1;ja;R. Brunner;16.04.1998;15;21.07.1998;;WAHR;FALSCH;FALSCH;FALSCH
397;Quelle Cholboden;Cholboden;Haslen;8773;723895;203350;259;Gde. Haslen;980;15;72320301;im Feld eingemessen;Trinkwasser;WV Gemeinde Haslen;Sicker-/Zuleitung;gut;Pilzdeckel;Brunnenstube;Archiv Lienert & Haering AG;P. Muhl, Werkführer Gde.Haslen;Neufassung 1985;;9;10;;;definitiv;1;ja;R. Brunner;16.04.1998;16;21.07.1998;;WAHR;FALSCH;FALSCH;FALSCH
398;Quelle Stollen;Lehmrunse;Haslen;8773;723755;203778;259;Gde. Haslen;889.7000122;;72320302;Geometeraufnahmen;Trinkwasser;WV Gemeinde Haslen;Stollen;gut;Tür;Brunnenstube;Archiv Lienert & Haering AG;P. Muhl, Werkführer Gde.Haslen;Neufassung 1986;;10;12;13;;definitiv;;ja;R. Brunner;16.04.1998;17;22.07.1998;;WAHR;FALSCH;FALSCH;FALSCH
399;Quelle Felsen;Lehmrunse;Haslen;8773;723775;203793;259;Gde. Haslen;890.3400269;;72320303;Geometeraufnahmen;Trinkwasser;WV Gemeinde Haslen;ab Fels;gut;Tür;Brunnenstube;Archiv Lienert & Haering AG;P. Muhl, Werkführer Gde.Haslen;Neufassung 1986;;9;11;;;definitiv;;ja;R. Brunner;16.04.1998;18;22.07.1998;;WAHR;FALSCH;FALSCH;FALSCH
400;Quelle Ottenloch 1;Ottenloch;Haslen;8773;723659;203952;259;Gde. Haslen;838.0700073;0;72320304;Geometeraufnahmen;Notwasser;WV Gemeinde Haslen;Sicker-/Zuleitung;gut;Eisendeckel mit Schrauben;Brunnenstube;Archiv Lienert & Haering AG;P. Muhl, Werkführer Gde.Haslen;Neufassung 1986, seit 1992 Notwasser;;14;15;;;definitiv;1;nein;R. Brunner;16.04.1998;19;22.07.1998;;WAHR;FALSCH;FALSCH;FALSCH
401;Quelle Ottenloch 2;Ottenloch;Haslen;8773;723645;203948;259;Gde. Haslen;826.7299805;0;72320305;Geometeraufnahmen;Notwasser;WV Gemeinde Haslen;Sicker-/Zuleitung;gut;Eisendeckel mit Schrauben;Brunnenstube;Archiv Lienert & Haering AG;P. Muhl, Werkführer Gde.Haslen;Neufassung 1986, seit 1992 Notwasser;;16;17;;;definitiv;1;ja;R. Brunner;16.04.1998;20;22.07.1998;;WAHR;FALSCH;FALSCH;FALSCH
402;Quelle Ottenloch 3;Ottenloch;Haslen;8773;723643;203946;259;Gde. Haslen;824.5900269;0;72320306;Geometeraufnahmen;Notwasser;WV Gemeinde Haslen;Sicker-/Zuleitung;gut;Eisendeckel mit Schrauben;Brunnenstube;Archiv Lienert & Haering AG;P. Muhl, Werkführer Gde.Haslen;Neufassung 1986, seit 1992 Notwasser;;18;19;;;definitiv;1;ja;R. Brunner;16.04.1998;21;22.07.1998;;WAHR;FALSCH;FALSCH;FALSCH
403;Quelle Hofer;Höhe;Haslen;8773;723345;204170;259;Gde. Haslen;715;;72320401;im Feld eingemessen;Trinkwasser;WV Gemeinde Haslen;ab Fels;gut;Tür;Brunnenstube;Archiv Lienert & Haering AG;P. Muhl, Werkführer Gde.Haslen;Neufassung 1985;;6;7;;;definitiv;1;ja;R. Brunner;16.04.1998;22;21.07.1998;;WAHR;FALSCH;FALSCH;FALSCH
404;Quelle Strebigen;Auenbergwald;Haslen;8773;724564;204334;310;Gde. Haslen;1084.170044;30;72420412;Geometeraufnahmen;Trinkwasser;WV Gemeinde Haslen;Sicker-/Zuleitung;gut;Pilzdeckel;Brunnenstube;Archiv Lienert & Haering AG;P. Muhl, Werkführer Gde.Haslen;Neufassung 1995;;7;8;;;definitiv;1;ja;R. Brunner;16.04.1998;23;22.07.1998;;WAHR;FALSCH;FALSCH;FALSCH
405;;Waid;Haslen;8773;;;;;1000;;;aus Plan gelesen;;;;;;;Archiv AFU Glarus;;vermutlich Kontrollschacht von Cholboden/Täliberg --> nicht aufgenommen;;;;;;;;;;16.04.1998;24;;22.07.1998;FALSCH;FALSCH;FALSCH;FALSCH
406;Quelle Erdgaden;Erdgaden;Haslen;8773;723120;203575;379;R. Huber, Zürich;810;10;72320307;aus Plan gelesen;Trinkwasser;Ferienhäuser;Sicker-/Zuleitung;gut;Stahlblech-Deckel;Brunnenstube/Reservoir;Archiv AFU Glarus;"P. Muhl, Werkführer Gde.Haslen; R. Huber, Zürich";;;20;21;;;keine vorh.;1;nein;R. Brunner;16.04.1998;25;21.07.1998;;WAHR;FALSCH;FALSCH;FALSCH
407;Quelle Alpweg (Weber);Alpweg;Haslen;8773;724150;205145;40;G. Weber, Haslen;670;0;72420506;aus Plan gelesen;Trinkwasser;WV Einzelliegenschaft;Sicker-/Zuleitung;gut;Betondeckel;Brunnenstube;Archiv AFU Glarus;"P. Muhl, Werkführer Gde. Haslen; G. Weber, Haslen";;;27;28;;;keine vorh.;2;nein;R. Brunner;16.04.1998;29;22.07.1998;;WAHR;FALSCH;FALSCH;FALSCH
408;Stallquelle Bühl;Bühl;Haslen;8773;723765;205090;43;H.J. Jenny, Sool;550;0;72320505;aus Plan gelesen;Trinkwasser;Brunnen;Sicker-/Zuleitung;gut;Betondeckel;Brunnenstube;Archiv AFU Glarus;"P. Muhl, Werkführer Gde.Haslen; H.J. Jenny, Sool";Sanierung 1997, Stall und Hausbrunnen;;5;6;;;keine vorh.;1;nein;R. Brunner;16.04.1998;27;21.07.1998;;WAHR;FALSCH;FALSCH;FALSCH
409;Hausquelle Isler, Felezen;Felezen;Haslen;8773;723990;204930;41;Rolf Isler, Haslen;725;0;72320402;aus Plan gelesen;Trinkwasser;WV Einzelliegenschaft;Sicker-/Zuleitung;gut;Betondeckel;Brunnenstube;Archiv AFU Glarus;"P. Muhl, Werkführer Gde.Haslen; Rolf Isler, Haslen";wird zur Zeit saniert, ev. zusätzliche Fassung;;23;24;;;keine vorh.;1;nein;R. Brunner;16.04.1998;28;22.07.1998;;WAHR;FALSCH;FALSCH;FALSCH
410;Quelle Ottigenwald;Ottigenwald;Haslen;8773;723800;204980;43;H.J. Jenny, Sool;600;0;72320403;aus Plan gelesen;Brauchwasser;Stallbrunnen;Sicker-/Zuleitung;gut;Blechleiste;Brunnenstube;Archiv AFU Glarus;"P. Muhl, Werkführer Gde.Haslen; H.J. Jenny, Sool";Sanierung 1988;;3;4;;;keine vorh.;2;nein;R. Brunner;16.04.1998;26;21.07.1998;;WAHR;FALSCH;FALSCH;FALSCH
411;Fabrikquellen;Sand;Haslen;8773;;;43;D. Jenni & Cie;650;10;;aus Plan gelesen;im Moment ungenutzt;;Sicker-/Zuleitung;;Beggu-Deckel;Brunnenstube;Archiv AFU Glarus;"P. Muhl, Werkführer Gde.Haslen; D. Jenni & Cie";Fabrikkanal, nicht aufgenommen;;;;;;keine vorh.;2;nein;;16.04.1998;30;;21.07.1998;FALSCH;FALSCH;FALSCH;FALSCH
412;Fabrikquelle;Kappeli;Haslen;8773;723505;204895;259;D. Jenni & Cie;542;;72320404;aus Plan gelesen;Trinkwasser;Brunnen;Sicker-/Zuleitung;gut;Türe;Brunnenstube;Archiv AFU Glarus;"P. Muhl, Werkführer Gde.Haslen; D. Jenni & Cie";;;32;33;;;keine vorh.;3;ja;R. Brunner;16.04.1998;31;21.07.1998;;WAHR;FALSCH;FALSCH;FALSCH
413;Korporationsquelle;Schwändi;Haslen;8773;724270;204700;360;Korporation Schlattberg;880;0;72420413;aus Plan gelesen;Trinkwasser;Ferienhäuser, Skihaus Schwanden (TV Stäfa);Sicker-/Zuleitung/Hohlgraben;schlecht;Eisendeckel mit Schrauben;Brunnenstube;Archiv AFU Glarus;"P. Muhl, Werkführer Gde.Haslen; L. Stüssi (Eigentümer)";"nicht Skihaus Skic. Altstätten; versorgt 3 FH + 2 EFH+Skihaus, Wasserqualität unsicher, jedoch kaum menschliche Einflüsse weiter oben.";;20;21;22;;erforderlich;1;nein;R. Brunner;16.04.1998;32;22.07.1998;;WAHR;FALSCH;FALSCH;FALSCH
414;Stallquelle;Matteli;Haslen;8773;;;282;L. Schiesser, Haslen;560;;;aus Plan gelesen;Brauchwasser;Vieh-Tränke;Sicker-/Zuleitung;;;kein Schacht;Archiv AFU Glarus;;Stall wird abgerissen, nicht aufgenommen;;;;;;keine vorh.;1;;;16.04.1998;34;;21.07.1998;FALSCH;FALSCH;FALSCH;FALSCH
415;Quelle Matt;Matt;Haslen;8773;722510;203610;283;A. Bosshard, Dietlikon;560;10;72220301;aus Plan gelesen;Trinkwasser;WV Einzelliegenschaft;Sicker-/Zuleitung;gut;Betondeckel;Brunnenstube;Archiv AFU Glarus;"P. Muhl, Werkführer Gde.Haslen; A. Bosshard, Dietlikon";wird gepumpt;;23;24;;;keine vorh.;1;nein;R. Brunner;16.04.1998;33;21.07.1998;;WAHR;FALSCH;FALSCH;FALSCH
416;Quelle Waid I;Waid;Haslen;8773;;;263;Gemeinde Haslen;650;20;;aus Plan gelesen;im Moment ungenutzt;;Sicker-/Zuleitung;gut;Eisendeckel;Brunnenstube;Archiv AFU Glarus;P. Muhl, Werkführer Gde.Haslen;Evtl. Nutzung als Kühlwasser für Steinfräsen Ricetti AG, nicht aufgenommen;;;;;;keine vorh.;7;ja;;16.04.1998;35;;21.07.1998;FALSCH;FALSCH;FALSCH;FALSCH
417;Quelle Waid II;Waid;Haslen;8773;;;206;Gemeinde Haslen;650;40;;aus Plan gelesen;im Moment ungenutzt;;Sicker-/Zuleitung;;Eisendeckel;Brunnenstube;Archiv AFU Glarus;P. Muhl, Werkführer Gde.Haslen;Evtl. Nutzung als Kühlwasser für Steinfräsen Ricetti AG, nicht aufgenommen;;;;;;keine vorh.;4;ja;;16.04.1998;36;;21.07.1998;FALSCH;FALSCH;FALSCH;FALSCH
418;Stallquelle Hösli;Kuhbödeli;Haslen;8773;723090;204025;242;S. Hösli, Haslen;620;0;72320405;aus Plan gelesen;Brauchwasser;Stallbrunnen;Sicker-/Zuleitung;gut;Betondeckel;Brunnenstube;Archiv AFU Glarus;"P. Muhl Werkführer Gde.Haslen; S. Hösli, Haslen";;;30;31;;;keine vorh.;1;nein;R. Brunner;16.04.1998;37;21.07.1998;;WAHR;FALSCH;FALSCH;FALSCH
419;Quelle Skihaus 1;Lindenboden;Haslen;8773;723275;203390;336;TV Dietlikon;930;0;72320308;aus Plan gelesen;Trinkwasser;WV Einzelliegenschaft;Sicker-/Zuleitung;gut;Betondeckel+Blechdeckel;Brunnenstube;Archiv AFU Glarus;"P. Muhl Werkführer Gde.Haslen; TV Dietlikon";;;13;15;;;keine vorh.;1;nein;R. Brunner;16.04.1998;38;21.07.1998;;WAHR;FALSCH;FALSCH;FALSCH
420;Stallquellen Pfäffeli;Pfäffeli;Haslen;8773;723000;203255;340;S. Hösli, Haslen;880;10;72320309;aus Plan gelesen;Trinkwasser;WV Einzelliegenschaft;Sicker-/Zuleitung;gut;Betondeckel;Brunnenstube;Archiv AFU Glarus;"p. Muhl Werkführer Gde.Haslen; S. Hösli Haslen";;;17;19;;;keine vorh.;2;nein;R. Brunner;16.04.1998;39;21.07.1998;;WAHR;FALSCH;FALSCH;FALSCH
421;Quelle Rauchegg;Rauchegg;Haslen;8773;723150;203900;325;A. Burgener, Rotkreuz;720;5;72320310;aus Plan gelesen;Trinkwasser;Ferienhäuser;Sicker-/Zuleitung;gut;Eisendeckel mit 4 Kant;Brunnenstube;Archiv AFU Glarus;P. Muhl, Werkführer Gde.Haslen;;;22;23;;;keine vorh.;2;nein;R. Brunner;16.04.1998;40;21.07.1998;;WAHR;FALSCH;FALSCH;FALSCH
422;Quelle Tobeleggli;Tobeleggli;Haslen;8773;723210;204020;259;Gemeinde Haslen;650;0;72320407;aus Plan gelesen;Brauchwasser;Brunnen;Sicker-/Zuleitung;gut;Eisendeckel mit 4 Kant;Brunnenstube;Archiv AFU Glarus;P. Muhl, Werkführer Gde.Haslen;ehemals Quelle Ottenloch;;25;26;27;;keine vorh.;1;nein;R. Brunner;16.04.1998;41;21.07.1998;;WAHR;FALSCH;FALSCH;FALSCH
423;Blumerberg-Quelle 2A;Blumerberg;Nidfurn;8772;722217;205246;174;Gde. Nidfurn;837;10;72220501;im Feld eingemessen;Trinkwasser;WV Gemeinde Nidfurn;Sicker-/Zuleitung;gut;Betondeckel;Brunnenstube;Archiv Lienert & Haering AG;J. Hefti, Werkführer Nidfurn;;;14;;;;definitiv;1;nein;R. Brunner;16.04.1998;1;20.07.1998;;WAHR;FALSCH;FALSCH;FALSCH
424;Blumerberg-Quelle 2B;Blumerberg;Nidfurn;8772;722212;205248;174;Gde. Nidfurn;838;10;72220502;im Feld eingemessen;Trinkwasser;WV Gemeinde Nidfurn;Sicker-/Zuleitung;gut;Betondeckel;Brunnenstube;Archiv Lienert & Haering AG;J. Hefti, Werkführer Nidfurn;;;12;13;;;definitiv;1;nein;R. Brunner;16.04.1998;2;20.07.1998;;WAHR;FALSCH;FALSCH;FALSCH
425;Bord-Quelle B1;Blumerberg;Nidfurn;8772;722217;205265;174;Gde. Nidfurn;838;;72220503;im Feld eingemessen;Trinkwasser;WV Gemeinde Nidfurn;Sicker-/Zuleitung;gut;Türe;Brunnenstube;Archiv Lienert & Haering AG;J. Hefti, Werkführer Nidfurn;;;10;11;;;definitiv;1;ja;R. Brunner;16.04.1998;3;20.07.1998;;WAHR;FALSCH;FALSCH;FALSCH
426;Bord-Quelle B2;Blumerberg;Nidfurn;8772;722204;205308;174;Gde. Nidfurn;847;;72220504;im Feld eingemessen;Trinkwasser;WV Gemeinde Nidfurn;Hohlgraben;gut;Türe;Brunnenstube;Archiv Lienert & Haering AG;J. Hefti, Werkführer Nidfurn;;;2;3;;;definitiv;2;ja;R. Brunner;16.04.1998;4;20.07.1998;;WAHR;FALSCH;FALSCH;FALSCH
427;Bord-Quelle B3;Blumerberg;Nidfurn;8772;722195;205323;174;Gde. Nidfurn;859;0;72220505;im Feld eingemessen;Trinkwasser;WV Gemeinde Nidfurn;Sicker-/Zuleitung;gut;Eisendeckel mit 4 Kant;Brunnenstube;Archiv Lienert & Haering AG;J. Hefti, Werkführer Nidfurn;;;4;5;;;definitiv;1;nein;R. Brunner;16.04.1998;5;20.07.1998;;WAHR;FALSCH;FALSCH;FALSCH
428;Bord-Quelle B5;Blumerberg;Nidfurn;8772;722265;205310;174;Gde. Nidfurn;861;;72220506;im Feld eingemessen;Trinkwasser;WV Gemeinde Nidfurn;Hohlgraben;gut;Türe;Brunnenstube;Archiv Lienert & Haering AG;J. Hefti, Werkführer Nidfurn;;;6;7;;;definitiv;1;ja;R. Brunner;16.04.1998;6;20.07.1998;;WAHR;FALSCH;FALSCH;FALSCH
429;Bord-Quelle B6;Blumerberg;Nidfurn;8772;722287;205334;174;Gde. Nidfurn;871;;72220507;im Feld eingemessen;Trinkwasser;vieh-Tränke, WV Gemeinde Nidfurn;Hohlgraben;gut;Türe;Brunnenstube;Archiv Lienert & Haering AG;J. Hefti, Werkführer Nidfurn;;;8;9;;;definitiv;1;ja;R. Brunner;16.04.1998;7;20.07.1998;;WAHR;FALSCH;FALSCH;FALSCH
430;Tränkiloch-Quelle T1;Tränkiloch;Nidfurn;8772;722135;205404;178;Gde. Nidfurn;894;;72220508;im Feld eingemessen;Trinkwasser;WV Gemeinde Nidfurn;Hohlgraben;gut;Türe;Brunnenstube;Archiv Lienert & Haering AG;J. Hefti, Werkführer Nidfurn;;;36;1;;;definitiv;1;ja;R. Brunner;16.04.1998;8;20.07.1998;;WAHR;FALSCH;FALSCH;FALSCH
431;Tränkiloch-Quelle T3;Tränkiloch;Nidfurn;8772;722116;205417;178;Gde. Nidfurn;899;;72220509;im Feld eingemessen;Trinkwasser;WV Gemeinde Nidfurn;Stollen;gut;Türe;Brunnenstube;Archiv Lienert & Haering AG;J. Hefti, Werkführer Nidfurn;;;35;;;;definitiv;1;ja;R. Brunner;16.04.1998;9;20.07.1998;;WAHR;FALSCH;FALSCH;FALSCH
432;Tränkiloch-Quelle T4;Tränkiloch;Nidfurn;8772;722123;205418;178;Gde. Nidfurn;901;;72220510;im Feld eingemessen;Trinkwasser;WV Gemeinde Nidfurn;Stollen/ Hohlgraben;gut;Türe;Brunnenstube;Archiv Lienert & Haering AG;J. Hefti, Werkführer Nidfurn;;;32;33;34;;definitiv;2;ja;R. Brunner;16.04.1998;10;20.07.1998;;WAHR;FALSCH;FALSCH;FALSCH
433;Quelle Blumerberg 3a;Blumerberg;Nidfurn;8772;;;;;850;;;aus Plan gelesen;im Moment ungenutzt;;;;;;Archiv AFU Glarus;;1988 stillgelegt, existiert nicht;;;;;;;;;;16.04.1998;11;;20.07.1998;FALSCH;FALSCH;FALSCH;FALSCH
434;Quelle Ranzberg 2a;Ranzberg;Nidfurn;8772;;;168;Gde. Nidfurn;840;;;aus Plan gelesen;im Moment ungenutzt;;;;;;Archiv AFU Glarus;J. Hefti, Werkführer Nidfurn;1988 stillgelegt, nicht aufgenommen;;;;;;;;;;16.04.1998;12;;20.07.1998;FALSCH;FALSCH;FALSCH;FALSCH
435;Quelle Ranzberg 1a;Ranzberg;Nidfurn;8772;;;168;Gde. Nidfurn;840;;;aus Plan gelesen;im Moment ungenutzt;;;;;;Archiv AFU Glarus;J. Hefti, Werkführer Nidfurn;1988 stillgelegt, nicht aufgenommen;;;;;;;;;;16.04.1998;13;;20.07.1998;FALSCH;FALSCH;FALSCH;FALSCH
436;;;Nidfurn;8772;;;;;840;;;aus Plan gelesen;im Moment ungenutzt;;;;;;Archiv AFU Glarus;;Gde. unbekannt, wahrsch. identisch mit Ranzberg 1a;;;;;;;;;;16.04.1998;14;;20.07.1998;FALSCH;FALSCH;FALSCH;FALSCH
437;;;Nidfurn;8772;;;;;840;;;aus Plan gelesen;im Moment ungenutzt;;;;;;Archiv AFU Glarus;;Gde. unbekannt, wahrsch. identisch mit Ranzberg 2a;;;;;;;;;;16.04.1998;15;;20.07.1998;FALSCH;FALSCH;FALSCH;FALSCH
438;Brunnenseeli;Brunnen;Nidfurn;8772;722570;204740;;Daniel Jenny, Fabrik;560;;72220401;aus Plan gelesen;Brauchwasser;Brunnen;Wasseraustritt;sanierungsbedürftig;keine vorh.;kein Schacht;Archiv AFU Glarus;J. Hefti, Werkführer Nidfurn;;;21;22;;;keine vorh.;;nein;R. Brunner;16.04.1998;17;20.07.1998;;WAHR;FALSCH;FALSCH;FALSCH
439;Quelle Schadenbann / Aeschenköpf;Aeschenköpf;Nidfurn;8772;721665;204630;161;Gde. Leuggelbach;1025;;72120403;im Feld eingemessen;Trinkwasser;WV Gemeinde Leuggelbach;Sicker-/Zuleitung;gut;Türe;Sammelschacht;Archiv Lienert & Haering AG;"Hp. Marthy, Stegerboden, Leuggelbach; St. Wirth, Stegerboden, Leuggelbach, H. Tresch, Hauptstrasse";auf Boden Gemeinde Nidfurn, gehört aber zu Gemeinde Leuggelbach!;;16;17;;;definitiv;5;ja;R. Brunner;16.04.1998;16;20.07.1998;;WAHR;FALSCH;FALSCH;FALSCH
440;Quelle Ijen;Ijen;Leuggelbach;8772;721420;204750;122;Kraftwerke Sernf-Niederen;1140;;72120401;aus Plan gelesen;Brauchwasser;Energieerzeugung;;;;;Archiv AFU Glarus;"Kraftwerke Sernf-Niederen; Hr. Diethelm, Schwanden";nicht aufgenommen;;;;;;keine vorh.;;;Brunner;16.04.1998;1;20.07.1998;;WAHR;FALSCH;FALSCH;FALSCH
441;;Schlattberg;Leuggelbach;8772;;;;E. Rosenberg-Disch;700;;;aus Plan gelesen;;;;;;;Archiv AFU Glarus;;H. Tresch Gemeindepräsident: Quelle nicht mehr bestehend --> nicht aufgenommen;;;;;;;;;;16.04.1998;2;;20.07.1998;FALSCH;FALSCH;FALSCH;FALSCH
442;;Nesslen;Luchsingen;8775;;;;Gde. Luchsingen;690;;;aus Plan gelesen;im Moment ungenutzt;;;;;Reservoir;Archiv AFU Glarus;Fritz Dönni, Werkführer Gde. Luchsingen;Reservoir --> nicht aufgenommen;;;;;;;;;;16.04.1998;1;;04.09.1998;FALSCH;FALSCH;FALSCH;FALSCH
443;;Tugberg;Luchsingen;8775;;;;Gde. Luchsingen;750;;;aus Plan gelesen;im Moment ungenutzt;;;;;Reservoir;Archiv AFU Glarus;Fritz Dönni, Werkführer Gde. Luchsingen;Reservoir --> nicht aufgenommen;;;;;;;;;;16.04.1998;2;;28.09.1998;FALSCH;FALSCH;FALSCH;FALSCH
444;Quelle Schlattberg;;Luchsingen;8775;;;;J. Kuratli, Ebnat-Kappel;920;;;aus Plan gelesen;Trinkwasser;WV Weiler/Quartier;;;;Reservoir;Archiv AFU Glarus;;Reservoir --> nicht aufgenommen;;;;;;;;;;16.04.1998;3;;04.09.1998;FALSCH;FALSCH;FALSCH;FALSCH
445;Quelle Schlattberg 4;Schlattberg;Luchsingen;8775;720645;202600;;J. Kuratli, Ebnat-Kappel;990;0;72020204;aus Plan gelesen;Trinkwasser;WV Weiler/Quartier;Sicker-/Zuleitung;gut;Betondeckel;Brunnenstube/Sammelschacht;Archiv AFU Glarus;;;;25;26;;;keine vorh.;2;nein;R. Brunner;16.04.1998;4;04.09.1998;;WAHR;FALSCH;FALSCH;FALSCH
446;Quelle Schlattberg 5;Schlattberg;Luchsingen;8775;;;;J. Kuratli, Ebnat-Kappel;990;0;;aus Plan gelesen;Trinkwasser;WV Weiler/Quartier;;;;;Archiv AFU Glarus;;nur Kontrollschacht --> nicht aufgenommen;;;;;;keine vorh.;1;nein;Brunner;16.04.1998;5;;04.09.1998;FALSCH;FALSCH;FALSCH;FALSCH
447;Quelle Zetries;Zetries;Luchsingen;8775;;;;;870;;;aus Plan gelesen;im Moment ungenutzt;;;;;;Archiv AFU Glarus;;ev. Nutzung für Gde. diskutiert, nicht aufgenommen;;;;;;;;;;16.04.1998;6;;27.08.1998;FALSCH;FALSCH;FALSCH;FALSCH
448;Vordere Tugberg-Quelle;Tugberg;Luchsingen;8775;721055;202770;;Gde. Luchsingen;790;;72120205;im Feld eingemessen;Trinkwasser;WV Gemeinde Luchsingen;Stollen ca. 30 m;sanierngsbedürftig;Türe;Brunnenstube;Archiv AFU Glarus;Fritz Dönni, Werkführer Gde. Luchsingen;;;34;35;36;;definitiv;1;ja;R. Brunner;16.04.1998;7;04.09.1998;;WAHR;FALSCH;FALSCH;FALSCH
449;Mittlere Tugberg-Quelle;Tugberg;Luchsingen;8775;721045;202740;;Gde. Luchsingen;795;;72120206;im Feld eingemessen;Trinkwasser;WV Gemeinde Luchsingen;Sicker-/Zuleitung/ Hohlgraben;sanierngsbedürftig;Tor;Brunnenstube;Archiv AFU Glarus;Fritz Dönni, Werkführer Gde. Luchsingen;;;32;33;;;definitiv;1;ja;R. Brunner;16.04.1998;8;04.09.1998;;WAHR;FALSCH;FALSCH;FALSCH
450;Hintere Tugberg-Quelle;Tugberg;Luchsingen;8775;721042;202735;;Gde. Luchsingen;795;;72120207;im Feld eingemessen;Trinkwasser;WV Gemeinde Luchsingen;ab Fels;sanierngsbedürftig;Tor;Brunnenstube;Archiv AFU Glarus;Fritz Dönni, Werkführer Gde. Luchsingen;wird 1999 saniert;;31;;;;definitiv;1;ja;R. Brunner;16.04.1998;9;04.09.1998;;WAHR;FALSCH;FALSCH;FALSCH
451;Nesslenquelle Seeli;Nesslen;Luchsingen;8775;720890;203115;;Gde. Luchsingen;750;;72020301;im Feld eingemessen;Trinkwasser;WV Gemeinde Luchsingen;ab Fels;gut;Tor;Brunnenstube;Archiv AFU Glarus;Fritz Dönni, Werkführer Gde. Luchsingen;;;23;24;25 +;;definitiv;;ja;R. Brunner;16.04.1998;10;27.08.1998;;WAHR;FALSCH;FALSCH;FALSCH
452;Nesslenquelle Stollen;Nesslen;Luchsingen;8775;720880;203090;;Gde. Luchsingen;745;;72020302;im Feld eingemessen;Trinkwasser;WV Gemeinde Luchsingen;Stollen;gut;Tor;Brunnenstube;Archiv AFU Glarus;Fritz Dönni, Werkführer Gde. Luchsingen;;;2;3;;;definitiv;;ja;R. Brunner;16.04.1998;11;27.08.1998;;WAHR;FALSCH;FALSCH;FALSCH
453;Untere Nesslenquelle 1, oben;;Luchsingen;8775;720920;203060;;Gde. Luchsingen;740;0;72020303;im Feld eingemessen;im Moment ungenutzt;;Sicker-/Zuleitung;gut;Eisendeckel;Brunnenstube;Archiv AFU Glarus;Fritz Dönni, Werkführer Gde. Luchsingen;trocken kein Zulauf, vom Netz abgehängt;;4;5;;;keine vorh.;1;ja;R. Brunner;16.04.1998;12;27.08.1998;;WAHR;FALSCH;FALSCH;FALSCH
454;Untere Nesslenquelle 2, unten;;Luchsingen;8775;720905;203115;;Gde. Luchsingen;735;0;72020304;im Feld eingemessen;im Moment ungenutzt;;Sicker-/Zuleitung;gut;Eisendeckel;Brunnenstube;Archiv AFU Glarus;Fritz Dönni, Werkführer Gde. Luchsingen;vom Netz abgehängt;;6;7;;;keine vorh.;1;ja;R. Brunner;16.04.1998;13;27.08.1998;;WAHR;FALSCH;FALSCH;FALSCH
455;Quelle Chlettenboden 1;Chlettenboden;Hätzingen;8776;722261;202248;;Gde. Hätzingen;811.7299805;;72220201;Geometeraufnahmen;Trinkwasser;WV Gemeinde;Sicker-/Zuleitung;gut;Tür;Brunnenstube;Archiv Lienert & Haering AG;Beat Aebli, Werkführer Gde.Hätzingen;;;3;4;;;erforderlich;1;ja;R. Brunner;16.04.1998;1;28.09.1998;;WAHR;FALSCH;FALSCH;FALSCH
456;Quelle Chlettenboden 2;Chlettenboden;Hätzingen;8776;722284;202224;;Gde. Hätzingen;832.3099976;;72220202;Geometeraufnahmen;Trinkwasser;WV Gemeinde;Sicker-/Zuleitung;gut;Tür;Brunnenstube;Archiv Lienert & Haering AG;Beat Aebli, Werkführer Gde.Hätzingen;;;1;2;;;erforderlich;1;ja;R. Brunner;16.04.1998;2;28.09.1998;;WAHR;FALSCH;FALSCH;FALSCH
457;Quelle Chlettenboden 3;Chlettenboden;Hätzingen;8776;722249;202225;;Gde. Hätzingen;813.2999878;;72220203;Geometeraufnahmen;Trinkwasser;WV Gemeinde;Sicker-/Zuleitung;gut;Tür;Brunnenstube;Archiv Lienert & Haering AG;Beat Aebli, Werkführer Gde.Hätzingen;;;5;6;;;erforderlich;1;ja;R. Brunner;16.04.1998;3;28.09.1998;;WAHR;FALSCH;FALSCH;FALSCH
458;Quelle Chlettenboden 4;Chlettenboden;Hätzingen;8776;722240;202229;;Gde. Hätzingen;808.4099731;;72220204;Geometeraufnahmen;Trinkwasser;WV Gemeinde;Sicker-/Zuleitung;gut;Tür;Brunnenstube;Archiv Lienert & Haering AG;Beat Aebli, Werkführer Gde.Hätzingen;;;7;8;;;erforderlich;1;ja;R. Brunner;16.04.1998;4;28.09.1998;;WAHR;FALSCH;FALSCH;FALSCH
459;Geissgässli 1 + 2;Geissgässli;Hätzingen;8776;722288;202485;;Gde. Hätzingen;769.3499756;40;72220205;Geometeraufnahmen;Trinkwasser;WV Gemeinde;Sicker-/Zuleitung;SVGW-Konform;Pilzdeckel;Sammelschacht;Archiv Lienert & Haering AG;Beat Aebli, Werkführer Gde.Hätzingen;Quellen saniert Juli 1997;;19;20;;;erforderlich;2;ja;R. Brunner;16.04.1998;5;28.09.1998;;WAHR;FALSCH;FALSCH;FALSCH
460;Quelle Schlatt;;Hätzingen;8776;722180;202476;;Gde. Hätzingen;718.4799805;;72220206;Geometeraufnahmen;Trinkwasser;WV Gemeinde;Sicker-/Zuleitung;gut;Tür;Brunnenstube;Archiv Lienert & Haering AG;Beat Aebli, Werkführer Gde.Hätzingen;zusätzlich Nutzung durch Privatpersonen (Stall, Ferienhaus);;17;18;;;erforderlich;2;ja;R. Brunner;16.04.1998;6;28.09.1998;;WAHR;FALSCH;FALSCH;FALSCH
461;Quelle Buholz;Buholz;Hätzingen;8776;722115;202374;;Gde. Hätzingen;694.0100098;;72220207;Geometeraufnahmen;Trinkwasser;WV Gemeinde;Sicker-/Zuleitung;gut;Tür;Brunnenstube/Sammelschacht;Archiv Lienert & Haering AG;Beat Aebli, Werkführer Gde.Hätzingen;;;13;14;;;erforderlich;1;ja;R. Brunner;16.04.1998;7;28.09.1998;;WAHR;FALSCH;FALSCH;FALSCH
462;Quelle Schlettli;Schlettli;Hätzingen;8776;721997;202234;;Gde. Hätzingen;703.0100098;;72120201;Geometeraufnahmen;Trinkwasser;WV Gemeinde;Sicker-/Zuleitung;gut;Tür;Brunnenstube;Archiv Lienert & Haering AG;Beat Aebli, Werkführer Gde.Hätzingen;;;11;12;;;definitiv;1;ja;R. Brunner;16.04.1998;8;28.09.1998;;WAHR;FALSCH;FALSCH;FALSCH
463;;;Hätzingen;8776;;;;;750;;;aus Plan gelesen;im Moment ungenutzt;;;;;;Archiv AFU Glarus;Beat Aebli, Werkführer Gde.Hätzingen;Quelle verschüttet, ungenutzt --> nicht aufgenommen;;;;;;;;;;16.04.1998;9;;28.09.1998;FALSCH;FALSCH;FALSCH;FALSCH
464;Quelle Au;Au;Hätzingen;8776;721270;202040;;Gde. Hätzingen;580;60;72120202;Geometeraufnahmen;Notwasser;WV Gemeinde Hätzingen (Notwasser);Sicker-/Zuleitung;gut;Pilzdeckel;Brunnenstube;Archiv Lienert & Haering AG;Beat Aebli, Werkführer Gde.Hätzingen;Nur für Notfälle (abgeschrieben);;33;;;;provisorisch;1;ja;R. Brunner;16.04.1998;10;28.09.1998;;WAHR;FALSCH;FALSCH;FALSCH
465;Quelle Gramis;Gramis;Hätzingen;8776;722585;203150;;Reto Tscholl;675;0;72220303;aus Plan gelesen;Trinkwasser;WV Einzelliegenschaft;Sicker-/Zuleitung;gut;Eisendeckel mit 4 Kant;Brunnenstube;Archiv AFU Glarus;Beat Aebli, Werkführer Gde.Hätzingen;;;23;;;;keine vorh.;1;nein;R. Brunner;16.04.1998;11;28.09.1998;;WAHR;FALSCH;FALSCH;FALSCH
466;;Hoschet;Hätzingen;8776;;;;F. Oprecht/F. Hefti;600;;;aus Plan gelesen;Brauchwasser;Brunnen;;;;;Archiv AFU Glarus;Beat Aebli, Werkführer Gde.Hätzingen;Weidbrunnen --> nicht aufgenommen;;;;;;;;;;16.04.1998;12;;28.09.1998;FALSCH;FALSCH;FALSCH;FALSCH
467;Quelle Egghaus;Geisgässli;Hätzingen;8776;722040;202680;;A. Hefti;580;0;72220208;aus Plan gelesen;Trinkwasser;WV Einzelliegenschaft;Sicker-/Zuleitung;gut;Eisendeckel;Brunnenstube/Reservoir;Archiv AFU Glarus;Beat Aebli, Werkführer Gde.Hätzingen;A. Hefti, Spenglerei/Sanitär;;26;;;;keine vorh.;1;nein;R. Brunner;16.04.1998;13;28.09.1998;;WAHR;FALSCH;FALSCH;FALSCH
468;Quelle Rinderstampf;Rinderstampf;Hätzingen;8776;721805;202270;;R.+H. Hefti;610;0;72120203;aus Plan gelesen;Trinkwasser;Brunnen;Sicker-/Zuleitung;gut;Betondeckel;Brunnenstube;Archiv AFU Glarus;Beat Aebli, Werkführer Gde.Hätzingen;2 Stallbrunnen, Dorfbrunnen;;27;28;;;keine vorh.;1;nein;R. Brunner;16.04.1998;14;28.09.1998;;WAHR;FALSCH;FALSCH;FALSCH
469;Quelle Damigen;Damigen;Hätzingen;8776;722405;202955;;Jakob Marti;600;0;72220209;aus Plan gelesen;Brauchwasser;Stallbrunnen;Sicker-/Zuleitung;sanierungsbedürftig;Holz;Brunnenstube;Archiv AFU Glarus;Jakob Marti, Nidfurn;2 Ställe;;24;25;;;keine vorh.;2;nein;R. Brunner;16.04.1998;15;28.09.1998;;WAHR;FALSCH;FALSCH;FALSCH
470;Quelle Hätzigä;Hätzigä;Hätzingen;8776;721850;202120;;Schiesser/Zimmermann;670;0;72120204;aus Plan gelesen;Brauchwasser;Stallbrunnen;ab Fels;sanierungsbedürftig;Holz;Brunnenstube;Archiv AFU Glarus;Beat Aebli, Werkführer Gde.Hätzingen;;;29;30;;;keine vorh.;;nein;R. Brunner;16.04.1998;16;28.09.1998;;WAHR;FALSCH;FALSCH;FALSCH
471;Quelle Obzaunen;Obzaunen;Hätzingen;8776;721880;201800;;Hch. Rhyner;710;0;72120101;aus Plan gelesen;Brauchwasser;Stallbrunnen;Sicker-/Zuleitung;gut;Betondeckel;Brunnenstube;Archiv AFU Glarus;Beat Aebli, Werkführer Gde.Hätzingen;;;31;32;;;keine vorh.;1;nein;R. Brunner;16.04.1998;17;28.09.1998;;WAHR;FALSCH;FALSCH;FALSCH
472;;Chämi;Hätzingen;8776;;;;Gde. Hätzingen;800;;;aus Plan gelesen;;;;;;;Archiv AFU Glarus;;Gemeinde unbekannt --> nicht aufgenommen;;;;;;;;;;16.04.1998;18;;28.09.1998;FALSCH;FALSCH;FALSCH;FALSCH
473;Quelle Obere Rufi;;Diesbach;8777;;;;Gde. Diesbach;1180;;;aus Plan gelesen;im Moment ungenutzt;;Stollen;;;;Archiv AFU Glarus;;nicht aufgenommen;;;;;;keine vorh.;;;;16.04.1998;1;;22.07.1998;FALSCH;FALSCH;FALSCH;FALSCH
474;Quelle Alpeli 1;Alpeli;Diesbach;8777;721990;200160;;Gde. Diesbach;980;;72120001;im Feld eingemessen;Trinkwasser;WV Gemeinde;Stollen;gut;Türe;Brunnenstube;Archiv Lienert & Haering AG;Herr Schurter Präsident WV Diesbach, Paul Hunold Werkführer Diesbach;;;29;30;31;;provisorisch;1;ja;R. Brunner;16.04.1998;2;22.07.1998;;WAHR;FALSCH;FALSCH;FALSCH
475;Quelle Alpeli 2;Alpeli;Diesbach;8777;721985;200160;;Gde. Diesbach;980;;72120002;im Feld eingemessen;Trinkwasser;WV Gemeinde;Stollen;gut;Türe;Brunnenstube;Archiv Lienert & Haering AG;Herr Schurter Präsident WV Diesbach;;;32;;;;provisorisch;1;ja;R. Brunner;16.04.1998;6;22.07.1998;;WAHR;FALSCH;FALSCH;FALSCH
476;Quelle Alpeli 3;Alpeli;Diesbach;8777;721980;200160;;Gde. Diesbach;980;;72120003;im Feld eingemessen;Trinkwasser;WV Gemeinde;Sicker-/Zuleitung;gut;Türe;Brunnenstube;Archiv AFU Glarus;Herr Schurter Präsident WV Diesbach;;;33;;;;provisorisch;1;ja;R. Brunner;16.04.1998;7;22.07.1998;;WAHR;FALSCH;FALSCH;FALSCH
477;Quelle Altenboden;Lattegg;Diesbach;8777;722880;200965;;Gde. Diesbach;1550;0;72220001;aus Plan gelesen;Trinkwasser;Ferienhäuser;ab Fels;sanierungsbedürftig;Holz;Brunnenstube;Archiv AFU Glarus;"F. Dürst-Frey; W. Schurter Präsident WV Diesbach";Forsthütte Altenboden;;34;;;;keine vorh.;;nein;R. Brunner;16.04.1998;3;22.07.1998;;WAHR;FALSCH;FALSCH;FALSCH
478;Quelle Ruesdili;Schwamm;Diesbach;8777;723420;199870;;Gde. Diesbach;1630;;72319901;aus Plan gelesen;Trinkwasser;WV Weiler/Quartier;unbekannt;gut;Türe mit 4 Kant;Brunnenstube;Archiv AFU Glarus;Paul Hunold, Werkführer Diesbach;"Ruesdili-Hütte; Alp Bodmen Sennhütte";;4;5;;;keine vorh.;;ja;R. Brunner;16.04.1998;4;03.09.1998;;WAHR;FALSCH;FALSCH;FALSCH
479;Kalte Brünnen;Kalte Brünnen;Diesbach;8777;;;;Gde. Diesbach;1590;;;aus Plan gelesen;im Moment ungenutzt;;;;;;Archiv AFU Glarus;;nicht aufgenommen;;;;;;keine vorh.;;;;16.04.1998;5;;22.07.1998;FALSCH;FALSCH;FALSCH;FALSCH
480;Quelle Bann;Bann;Betschwanden;8777;721500;200270;;Gde. Betschwanden;940;;;aus Plan gelesen;im Moment ungenutzt;;;;;;Archiv AFU Glarus;Thomas Zweifel, Werkführer Betschwanden;nicht aufgenommen;;;;;;keine vorh.;;;;16.04.1998;1;;03.09.1998;FALSCH;FALSCH;FALSCH;FALSCH
481;Quelle Tannenwäldli;Tannenwäldli;Betschwanden;8777;720590;201070;;Gde. Betschwanden;650;;;aus Plan gelesen;Trinkwasser;WV Weiler/Quartier;;;;;Archiv AFU Glarus;Thomas Zweifel, Werkführer Betschwanden;identisch Quelle Kyburz, Aufnahme mit P. Hunold, Diesbach;;;;;;keine vorh.;;;;16.04.1998;2;;03.09.1998;FALSCH;FALSCH;FALSCH;FALSCH
482;Quelle Niederenberg;Niederenberg;Betschwanden;8777;721790;200490;;Gde. Betschwanden;1020;;;aus Plan gelesen;Brauchwasser;Vieh-Tränke;;;;;Archiv AFU Glarus;Thomas Zweifel, Werkführer Betschwanden;nicht aufgenommen;;;;;;keine vorh.;;;;16.04.1998;3;;03.09.1998;FALSCH;FALSCH;FALSCH;FALSCH
483;Quelle Schwändeli;Oberschwändeli;Betschwanden;8777;720295;201140;;Gde. Betschwanden;975;0;72020105;aus Plan gelesen;Trinkwasser;WV Einzelliegenschaft;Sicker-/Zuleitung;gut;Betondeckel;Brunnenstube;Archiv AFU Glarus;Thomas Zweifel, Werkführer Betschwanden;;;27;28;;;keine vorh.;1;nein;R. Brunner;16.04.1998;4;03.09.1998;;WAHR;FALSCH;FALSCH;FALSCH
484;Quelle Alplen;Alplen;Betschwanden;8777;719990;201260;92;Gde. Betschwanden;1200;;;aus Plan gelesen;im Moment ungenutzt;Vieh-Tränke;;;;;Archiv AFU Glarus;Thomas Zweifel, Werkführer Betschwanden;schlechte Qualität, nicht aufgenommen;;;;;;keine vorh.;;;;16.04.1998;5;;03.09.1998;FALSCH;FALSCH;FALSCH;FALSCH
485;Quelle Mettlen;Mettlen;Betschwanden;8777;721110;199960;;Gde. Betschwanden;840;0;72119901;aus Plan gelesen;Trinkwasser;WV Einzelliegenschaft;Bachwasserfassung;gut;Holz;Brunnenstube;Archiv AFU Glarus;Thomas Zweifel, Werkführer Betschwanden;Fassung überdeckt;;3;;;;keine vorh.;;nein;R. Brunner;16.04.1998;6;03.09.1998;;WAHR;FALSCH;FALSCH;FALSCH
486;Quelle Schlatt;Schlatt;Betschwanden;8777;720300;200315;;Bohnenblust;630;40;72020001;aus Plan gelesen;Trinkwasser;WV Einzelliegenschaft;Sicker-/Zuleitung;gut;Betonbretter;Brunnenstube;Archiv AFU Glarus;Thomas Zweifel, Werkführer Betschwanden;;;34;35;;;keine vorh.;1;nein;R. Brunner;16.04.1998;7;03.09.1998;;WAHR;FALSCH;FALSCH;FALSCH
487;Quelle Schlatt;Schlatt;Betschwanden;8777;720400;200370;;Bohnenblust;610;0;72020002;aus Plan gelesen;Brauchwasser;Stallbrunnen;Wasseraustritt;sanierungsbedürftig;Holzfass;Brunnenstube;Archiv AFU Glarus;Thomas Zweifel, Werkführer Betschwanden;;;1;2;;;keine vorh.;1;nein;R. Brunner;16.04.1998;8;03.09.1998;;WAHR;FALSCH;FALSCH;FALSCH
488;Quelle Zopfisol;Zopfisol;Betschwanden;8777;720270;200750;;Gde. Betschwanden/Fux/Kündig;815;0;72020003;aus Plan gelesen;im Moment ungenutzt;;Sicker-/Zuleitung;sanierungsbedürftig;Holz;Brunnenstube;Archiv AFU Glarus;Thomas Zweifel, Werkführer Betsch, gem. Angaben Th. Z. vom 11.2001 besteht keine Verwendung mehr;Häuser Fux + Kündig;;29;30;;;keine vorh.;2;nein;R. Brunner;16.04.1998;9;03.09.1998;;WAHR;FALSCH;FALSCH;FALSCH
489;Quelle Schlettli;Schlettli;Betschwanden;8777;720500;200540;;E. Wanner-Herger, Adliswil;620;;;aus Plan gelesen;Brauchwasser;Vieh-Tränke;;schlecht;;Brunnenstube;Archiv AFU Glarus;Thomas Zweifel, Werkführer Betschwanden;nicht aufgenommen;;;;;;keine vorh.;;;;16.04.1998;10;;03.09.1998;FALSCH;FALSCH;FALSCH;FALSCH
490;Stelliboden;Stelliboden;Diesbach;8777;723170;201110;;Fam. Legler;1660;50;72320102;aus Plan gelesen;Trinkwasser;Ferienhäuser;Sicker-/Zuleitung;Gut;Blechkiste;Brunnenstube;Feldaufnahmen;;;;36;36;;;keine vorh.;1;nein;R. Brunner;22.07.1998;6;22.07.1998;;WAHR;FALSCH;FALSCH;FALSCH
491;Quelle Obermargeln;Obermargglen;Betschwanden;8777;720176;200344;4;Gde. Betschwanden;675;;72020004;im Feld eingemessen;Trinkwasser;WV Gemeinde Betschwanden;Stollen;gut;Türe;Brunnenstube;Archiv Lienert & Haering AG;Thomas Zweifel, Werkführer Betschwanden;;;31;32;33;;provisorisch;;ja;R. Brunner;16.04.1998;1;03.09.1998;;WAHR;FALSCH;FALSCH;FALSCH
492;Quelle a;;Rüti;8782;;;4;Gde. Betschwanden;;;;;im Moment ungenutzt;;nicht gefasst;;;;Archiv Lienert & Haering AG;Thomas Zweifel, Werkführer Betschwanden;nicht aufgenommen;;;;;;definitiv;;;;16.04.1998;2;;03.09.1998;FALSCH;FALSCH;FALSCH;FALSCH
493;Quelle b;;Rüti;8782;;;4;Gde. Betschwanden;;;;;im Moment ungenutzt;;nicht gefasst;;;;Archiv Lienert & Haering AG;Thomas Zweifel, Werkführer Betschwanden;nicht aufgenommen;;;;;;definitiv;;;;16.04.1998;3;;03.09.1998;FALSCH;FALSCH;FALSCH;FALSCH
494;Marglen Schacht C Q lV  (Q2?);Eggli;Rüti;8782;720126;200284;7;Gde. Rüti;715;20;72020006;im Feld eingemessen;Trinkwasser;WV Gemeinde;Sicker-/Zuleitung;gut;Pilzdeckel;Brunnenstube;Archiv Lienert & Haering AG;E. Streiff, Werkführer Rüti;Schacht C;;27;28;;;provisorisch;1;ja;R. Brunner;16.04.1998;5;23.07.1998;;WAHR;FALSCH;FALSCH;FALSCH
495;Marglen Schacht B Q ll (Stollen-Q Q1, zugedeckt);Eggli;Rüti;8782;720138;200296;8;Gde. Rüti;712;30;72020005;im Feld eingemessen;Trinkwasser;WV Gemeinde;Sicker-/Zuleitung;gut;Pilzdeckel;Brunnenstube;Archiv Lienert & Haering AG;E. Streiff, Werkführer Rüti;Schacht B;;22;23;;;provisorisch;1;ja;R. Brunner;16.04.1998;4;23.07.1998;;WAHR;FALSCH;FALSCH;FALSCH
496;Marglen Schacht D Q V + Vl (Q3?);Eggli;Rüti;8782;720118;200306;4;Gde. Rüti;718;20;72020007;im Feld eingemessen;Trinkwasser;WV Gemeinde;Sicker-/Zuleitung;gut;Pilzdeckel;Brunnenstube;Archiv Lienert & Haering AG;E. Streiff, Werkführer Rüti;Schacht D;;29;30;;;provisorisch;2;ja;R. Brunner;16.04.1998;6;23.07.1998;;WAHR;FALSCH;FALSCH;FALSCH
497;Marglen Q lll (Hintere-Stollen-Q4);Eggli;Rüti;8782;720132;200318;4;Gde. Rüti;714;;72020008;im Feld eingemessen;Trinkwasser;WV Gemeinde;Stollen;gut;Türe;Brunnenstube;Archiv Lienert & Haering AG;E. Streiff, Werkführer Rüti;;;24;25;26;;provisorisch;;ja;R. Brunner;16.04.1998;7;23.07.1998;;WAHR;FALSCH;FALSCH;FALSCH
498;Maienegg;Maienegg;Rüti;8782;720600;199950;;Gde. Rüti;670;0;72019901;aus Plan gelesen;Trinkwasser;WV Einzelliegenschaft;ab Fels;sanierungsbedürftig;Blech-Deckel;brunnenstube;Archiv AFU Glarus;E. Streiff, Werkführer Rüti;;;34;35;36;;keine vorh.;;nein;R. Brunner;16.04.1998;8;23.07.1998;;WAHR;FALSCH;FALSCH;FALSCH
499;Quelle Stüssi Durnägeli;Fuchsloch;Rüti;8782;720365;198910;;F.+ P. Stüssi;800;0;72019801;aus Plan gelesen;Brauchwasser;Stallbrunnen;ab Fels;gut;Betondeckel;Brunnenstube;Archiv AFU Glarus;;Ställe Stüssi + Schindler;;34;35;;;keine vorh.;1;nein;R. Brunner;16.04.1998;9;26.08.1998;;WAHR;FALSCH;FALSCH;FALSCH
500;Tschingelguet;Bergguetbad;Rüti;8782;719300;199325;;F. Kundert;720;0;71919901;aus Plan gelesen;Brauchwasser;Stallbrunnen;sicker-/Zuleitung;sanierungsbedürftig;Holz;Brunnenstube/Reservoir;Archiv AFU Glarus;;wird später ev. für Hausversorgung (Stall) genutzt;;20;21;;;keine vorh.;1;nein;R. Brunner;16.04.1998;10;23.07.1998;;WAHR;FALSCH;FALSCH;FALSCH
501;Quelle Schlettli;Schlatt;Rüti;8782;720145;200020;;Egger;670;;72020009;aus Plan gelesen;Trinkwasser;Ferienhaus;Hohlgraben;sanierungsbedürftig;keine vorh.;kein Schacht;Archiv AFU Glarus;;;;31;32;;;keine vorh.;;nein;R. Brunner;16.04.1998;11;23.07.1998;;WAHR;FALSCH;FALSCH;FALSCH
502;Quelle Restiberg;Restiberg;Rüti;8782;720425;198325;;Ferienheim Blaukreuz;1090;0;72019802;aus Plan gelesen;Trinkwasser;WV Weiler/Quartier;unbekannt;gut;Stahlblech-Deckel;Brunnenstube;Archiv AFU Glarus;;;;28;29;;;erforderlich;;ja;R. Brunner;16.04.1998;12;26.08.1998;;WAHR;FALSCH;FALSCH;FALSCH
503;Tannenboden-Quelle;Looch;Braunwald;8784;718602;199560;;Stüssi Tannenboden;1180;0;71819902;aus Plan gelesen;Trinkwasser;WV Einzelliegenschaft;Sicker-/Zuleitung;gut;Eisendeckel mit 4 Kant;Brunnenstube;Archiv AFU Glarus;Balz Dürst, Werkführer Braunwald;Schacht nicht aufgebracht;;13;12;;;erforderlich;;nein;R. Brunner;16.04.1998;58;30.09.1998;;WAHR;FALSCH;FALSCH;FALSCH
504;Quelle Alp Durnachtal;Heustafel;Linthal;8783;723095;196435;;Gde. Rüti;1930;0;72319601;aus Plan gelesen;Trinkwasser;Alpgebäude;ab Fels;gut;Eisendeckel;Brunnenstube;Archiv AFU Glarus;Eugen Streiff, Werkführer Gde.Rüti;Fassung überdeckt, 1994 neu gefasst;;22;23;;;keine vorh.;;nein;R. Brunner;16.04.1998;14;26.08.1998;;WAHR;FALSCH;FALSCH;FALSCH
505;Hälsli;Alp Bodmen;Rüti;8782;721700;198855;;Gde. Rüti;1710;0;72119801;aus Plan gelesen;Trinkwasser;Alpgebäude;ab Fels;gut;keine vorh.;Brunnenstube;Archiv AFU Glarus;E. Streiff, Werkführer Rüti;Alp Halsli (Mittelstafel Alp Bodmen) via Widder;;14;15;;;keine vorh.;;nein;R. Brunner;16.04.1998;15;23.07.1998;;WAHR;FALSCH;FALSCH;FALSCH
507;Quelle Ober Stafel 1;;Braunwald;8784;717310;201445;;Braunwaldbahn AG;1780;0;71720101;im Feld eingemessen;Trinkwasser;Restaurant + Alpgebäude;Sicker-/Zuleitung;gut;Eisendeckel mit 4 Kant;Brunnenstube;Archiv Lienert & Haering AG;Balz Dürst, Werkführer Braunwald;;;35;36;;;provisorich;1;nein;R. Brunner;16.04.1998;1;02.09.1998;;WAHR;FALSCH;FALSCH;FALSCH
508;Quelle Ober Stafel 2;;Braunwald;8784;717355;201455;;Braunwaldbahn AG;1780;0;71720102;im Feld eingemessen;Trinkwasser;Restaurant;Sicker-/Zuleitung;gut;Eisendeckel mit 4 Kant;Brunnenstube;Archiv Lienert & Haering AG;Balz Dürst, Werkführer Braunwald;;;33;34;;;provisorich;1;nein;R. Brunner;16.04.1998;2;02.09.1998;;WAHR;FALSCH;FALSCH;FALSCH
509;Quelle Obere Platten Nr. 1;Obere Platten;Braunwald;8784;717995;201685;;Gde. Braunwald;1800;0;71720105;im Feld eingemessen;Trinkwasser;WV Gemeinde;Sicker-/Zuleitung;gut;Eisendeckel mit 4 Kant;Brunnenstube;Archiv Lienert & Haering AG;Balz Dürst, Werkführer Braunwald;;;27;28;;;definitiv;1;nein;R. Brunner;16.04.1998;3;02.09.1998;;WAHR;FALSCH;FALSCH;FALSCH
510;Quelle Kaltenbrunnen;untere Platten;Braunwald;8784;718145;201595;;Gde. Braunwald;1680;;71820101;im Feld eingemessen;Trinkwasser;WV Gemeinde;Sicker-/Zuleitung;gut;Türe;Brunnenstube;Archiv Lienert & Haering AG;Balz Dürst, Werkführer Braunwald;;;10;11;;;definitiv;1;ja;R. Brunner;16.04.1998;4;02.09.1998;;WAHR;FALSCH;FALSCH;FALSCH
511;Alp-Quelle;Alp-Unterstafel, Ohren;Braunwald;8784;719130;201360;;Gde. Braunwald;1520;40;71920102;aus Plan gelesen;Trinkwasser;WV Gemeinde;Sicker-/Zuleitung;gut;Pilzdeckel;Brunnenstube;Archiv AFU Glarus;Balz Dürst, Werkführer Braunwald;Gehört zur Versorgung von Kneugrat, befindet sich aber direkt oberhalb Unter-Stafel;;12;13;;;definitiv;1;ja;R. Brunner;16.04.1998;5;02.09.1998;;WAHR;FALSCH;FALSCH;FALSCH
512;Priestloch-Quelle;Rietberg;Braunwald;8784;717920;199420;245;Streiff-Rietberg;1220;0;71719901;aus Plan gelesen;Trinkwasser;WV Weiler/Quartier;ab Fels;gut;Betondeckel;Brunnenstube;Archiv AFU Glarus;Balz Dürst, Werkführer Braunwald;zusätzliche Ableitung zum Pumpenschacht der WV bei der Höhenklinik  --> Notwasserversorgung der WV;;9;10;;;erforderlich;;nein;R. Brunner;16.04.1998;6;30.09.1998;;WAHR;FALSCH;FALSCH;FALSCH
513;Looch-Quelle;Unter-Looch;Braunwald;8784;718600;199560;155;Gredinger, Alpenblick;1180;0;71819901;aus Plan gelesen;Trinkwasser;WV Weiler/Quartier;Sicker-/Zuleitung;gut;Eisendeckel mit 4 Kant;Brunnenstube;Archiv AFU Glarus;Balz Dürst, Werkführer Braunwald;Quelle für Gebiet Tannenboden, zusätzliche Ableitung zum Pumpenschacht der WV bei der Höhenklinik --> Notwasserversorgung der WV;;11;12;;;erforderlich;1;nein;R. Brunner;16.04.1998;7;30.09.1998;;WAHR;FALSCH;FALSCH;FALSCH
514;Schwettiberg-Quelle 1;Sytli;Braunwald;8784;719212;200932;26;Gde. Braunwald;1445;0;71920001;aus Plan gelesen;Trinkwasser;WV Gemeinde Braunwald ???;Sicker-/Zuleitung;gut;Eisendeckel;Brunnenstube;Archiv AFU Glarus;Balz Dürst, Werkführer Braunwald;;;21;22;;;erforderlich;1;nein;R. Brunner;16.04.1998;8;02.09.1998;;WAHR;FALSCH;FALSCH;FALSCH
515;Hüttenquelle;Alp-Unterstafel;Braunwald;8784;;;;Hch. Zweifel;;;;;im Moment ungenutzt;;;;;;Archiv AFU Glarus;Balz Dürst, Werkführer Braunwald;gemäss Gde. nicht mehr genutzt --> nicht aufgenommen;;;;;;;;;;16.04.1998;9;;02.09.1998;FALSCH;FALSCH;FALSCH;FALSCH
516;Sitli-Obschräenquellen;Oberschräen;Braunwald;8784;719150;200895;30;Fritz Schuler;1440;0;71920002;aus Plan gelesen;Trinkwasser;WV Einzelliegenschaft;Sicker-/Zuleitung;sanierungsbedürftig;Eisendeckel;Brunnenstube;Archiv AFU Glarus;Balz Dürst, Werkführer Braunwald;;;24;;;;keine vorh.;1;nein;R. Brunner;16.04.1998;10;02.09.1998;;WAHR;FALSCH;FALSCH;FALSCH
517;Schwettiberg-Quelle 2;Schwettiberg;Braunwald;8784;719215;200930;;Gde. Braunwald;1445;0;71920003;aus Plan gelesen;Trinkwasser;WV Gemeinde Braunwald ???;Sicker-/Zuleitung;gut;Eisendeckel;Brunnenstube/Sammelschacht;Archiv AFU Glarus;Balz Dürst, Werkführer Braunwald;;;21;23;;;erforderlich;1;nein;R. Brunner;16.04.1998;11;02.09.1998;;WAHR;FALSCH;FALSCH;FALSCH
518;Milzschwändiquellen;Milzschwandi;Braunwald;8784;;;;Alpkorporation;;;;;im Moment ungenutzt;;;;;;Archiv AFU Glarus;Balz Dürst, Werkführer Braunwald;Bach, Gde. unbekannt --> nicht aufgenommen;;;;;;keine vorh.;;;;16.04.1998;12;;02.09.1998;FALSCH;FALSCH;FALSCH;FALSCH
519;Gyseneggquellen;Schindlerberg;Braunwald;8784;;;;Fam Schuler, Gysenegg;;;;;Brauchwasser;Brunnen;;;;;Archiv AFU Glarus;Balz Dürst, Werkführer Braunwald;Weidbrunnen --> nicht aufgenommen;;;;;;keine vorh.;;;;16.04.1998;13;;30.09.1998;FALSCH;FALSCH;FALSCH;FALSCH
520;Spritzbachquellen;Unter Looch;Braunwald;8784;;;;Gredinger;;;;;im Moment ungenutzt;;;;;;Archiv AFU Glarus;Balz Dürst, Werkführer Braunwald;gemäss Gde. ungenutzt --> nicht aufgenommen;;;;;;keine vorh.;;;;16.04.1998;14;;30.09.1998;FALSCH;FALSCH;FALSCH;FALSCH
521;Quelle Egglibrünnen 1;Egglibrünnen;Braunwald;8784;717585;199490;;J. Streiff, Tschudiberg;1220;30;71719902;aus Plan gelesen;Trinkwasser;WV Einzelliegenschaft;Sicker-/Zuleitung;gut;Betondeckel;Brunnenstube/Reservoir;Archiv AFU Glarus;Balz Dürst, Werkführer Braunwald;wird gepumpt;;36;1;2;;keine vorh.;1;ja;R. Brunner;16.04.1998;15;30.09.1998;;WAHR;FALSCH;FALSCH;FALSCH
522;Brächalpquellen;Brächalp-Unterstafel;Braunwald;8784;;;;Alpkorporation;1170;;;aus Plan gelesen;Brauchwasser;Viehtränke;;;;;Archiv AFU Glarus;Balz Dürst, Werkführer Braunwald;Viehtränke --> nicht aufgenommen;;;;;;keine vorh.;;;;16.04.1998;16;;30.09.1998;FALSCH;FALSCH;FALSCH;FALSCH
523;Quelle Schiesser Bräch ober Stafel;Brächalp ober Stafel;Braunwald;8784;716495;200180;;Schiesser + Kündig;1605;0;71620003;aus Plan gelesen;Trinkwasser;Alpgebäude;ab Fels;sanierungsbedürftig;Holz;Brunnenstube;Archiv AFU Glarus;Balz Dürst, Werkführer Braunwald;;;8;9;;;keine vorh.;0;nein;R. Brunner;16.04.1998;17;02.09.1998;;WAHR;FALSCH;FALSCH;FALSCH
524;Heulochquellen;Heuloch;Braunwald;8784;;;;Alpkorporation Brächalp;;;;;im Moment ungenutzt;;;;;;Archiv AFU Glarus;Balz Dürst, Werkführer Braunwald;gemäss Gde. ungenutzt --> nicht aufgenommen;;;;;;;;;;16.04.1998;18;;02.09.1998;FALSCH;FALSCH;FALSCH;FALSCH
525;Zilibachquellen;;Braunwald;;;;;Alpkorporation Brächalp;;;;;im Moment ungenutzt;;;;;;Archiv AFU Glarus;;gemäss Gde. ungenutzt --> nicht aufgenommen;;;;;;;;;;16.04.1998;19;;02.09.1998;FALSCH;FALSCH;FALSCH;FALSCH
526;Quelle Oberbann/Wasserstein 1;Wasserstein;Linthal;8783;719065;196905;764;Wasserkorporation Auen;980;20;71919601;aus Plan gelesen;Trinkwasser;WV Weiler/Quartier;ab Fels;gut;Pilzdeckel;Brunnenstube;Archiv Lienert & Haering AG;Peter Schiesser, WK Auen Linthal;Betonabdeckung;;32;31;;;definitiv;1;ja;R. Brunner;16.04.1998;3;31.08.1998;;WAHR;FALSCH;FALSCH;FALSCH
527;Quelle Oberbann/Wasserstein 2;Wasserstein;Linthal;8783;719055;196900;764;Wasserkorporation Auen;980;10;71919602;aus Plan gelesen;Trinkwasser;WV Weiler/Quartier;Sicker-/Zuleitung;gut;Pilzdeckel;Brunnenstube;Archiv Lienert & Haering AG;Peter Schiesser, WK Auen Linthal;Betonabdeckung seit 1996;;33;34;;;definitiv;1;ja;R. Brunnger;16.04.1998;4;31.08.1998;;WAHR;FALSCH;FALSCH;FALSCH
528;Quelle Oberbann/Wasserstein 3;Wasserstein;Linthal;8783;719050;196885;764;Wasserkorporation Auen;980;0;71919603;aus Plan gelesen;Trinkwasser;WV Weiler/Quartier;Sicker-/Zuleitung;gut;Pilzdeckel;Brunnenstube;Archiv Lienert & Haering AG;Peter Schiesser, WK Auen Linthal;;;29;30;;;definitiv;1;ja;R. Brunner;16.04.1998;5;31.08.1998;;WAHR;FALSCH;FALSCH;FALSCH
529;Quelle im Wässerli 2;Im Wässerli;Linthal;8783;719670;195630;764;Wasserkorporation Auen;1220;0;71919501;aus Plan gelesen;Trinkwasser;WV Weiler/Quartier;Sicker-/Zuleitung;gut;Pilzdeckel;Brunnenstube/Sammelschacht;Archiv Lienert & Haering AG;Peter Schiesser, WK Auen Linthal;;;3;4;;;definitiv;1;ja;R. Brunner;16.04.1998;6;31.08.1998;;WAHR;FALSCH;FALSCH;FALSCH
530;Quelle im Wässerli 3;Im Wässerli;Linthal;8783;719690;195615;764;Wasserkorporation Auen;1220;0;71919502;aus Plan gelesen;Trinkwasser;WV Weiler/Quartier;Sicker-/Zuleitung;gut;Pilzdecke mit 4 Kant;Brunnenstube;Archiv Lienert & Haering AG;Peter Schiesser, WK Auen Linthal;;;9;10;;;definitiv;1;ja;R. Brunner;16.04.1998;7;31.08.1998;;WAHR;FALSCH;FALSCH;FALSCH
531;Quelle im Wässerli 4;Im Wässerli;Linthal;8783;719695;195630;764;Wasserkorporation Auen;1225;0;71919503;aus Plan gelesen;Trinkwasser;WV Weiler/Quartier;Sicker-/Zuleitung;gut;Betondeckel;Brunnenstube;Archiv Lienert & Haering AG;Peter Schiesser, WK Auen Linthal;;;7;8;;;definitiv;2;nein;R. Brunner;16.04.1998;8;31.08.1998;;WAHR;FALSCH;FALSCH;FALSCH
532;Quelle im Wässerli 5;Im Wässerli;Linthal;8783;719705;195615;764;Wasserkorportion Auen;1250;10;71919504;aus Plan gelesen;Trinkwasser;WV Weiler/Quartier;Sicker-/Zuleitung;gut;Pilzdeckel mit 4 Kant;Brunnenstube;Archiv Lienert & Haering AG;Peter Schiesser, WK Auen Linthal;;;5;6;;;definitiv;1;ja;R. Brunner;16.04.1998;9;31.08.1998;;WAHR;FALSCH;FALSCH;FALSCH
533;Quelle Brettegg 1;Brettegg;Linthal;8783;719395;195560;764;Wasserkorporation Auen;1220;0;71919505;aus Plan gelesen;Trinkwasser;WV Weiler/Quartier;ab Fels;gut;Pilzdeckel;Brunnenstube;Archiv Lienert & Haering AG;Peter Schiesser, WK Auen Linthal;;;11;12;13;;definitiv;2;ja;R. Brunner;16.04.1998;10;31.08.1998;;WAHR;FALSCH;FALSCH;FALSCH
534;Quelle Brettegg 2;;Linthal;8783;;;764;;1220;;;aus Plan gelesen;;;;;;;Archiv Lienert & Haering AG;;Schacht existiert nicht, fliesst in 719/195-105;;;;;;;;;;16.04.1998;11;;31.08.1998;FALSCH;FALSCH;FALSCH;FALSCH
535;A 16, Quelle Siten (Lauener);Siten;Linthal;8783;719625;198005;;A. Lauener;740;0;71919801;aus Plan gelesen;Brauchwasser;Stallbrunnen;Sicker-/Zuleitung;gut;Eisendeckel;Brunnenstube;Archiv AFU Glarus;A. Lauener   643 11 84;;;22;23;24;;keine vorh.;1;nein;R. Brunner;16.04.1998;1;01.09.1998;;WAHR;FALSCH;FALSCH;FALSCH
536;Quelle Chäferloch 1;Chäferloch;Linthal;8783;718829;197033;131;Gde. Linthal;810;10;71819701;Geometeraufnahmen;Trinkwasser;WV Gemeinde Linthal;Sicker-/Zuleitung;gut;Pilzdeckel;Brunnenstube;Archiv Lienert & Haering AG;Hansheiri Stüssi, Werkführer Linthal;Brandschen Reservoir;;35;36;;;definitiv;1;ja;R. Brunner;16.04.1998;2;31.08.1998;;WAHR;FALSCH;FALSCH;FALSCH
537;Quelle Chäferloch 2;Chäferloch;Linthal;8783;718797;197026;131;Gde. Linthal;800;0;71819702;Geometeraufnahmen;Trinkwasser;WV Gemeinde Linthal;Sicker-/Zuleitung;gut;Eisendeckel mit 4 Kant;Brunnenstube/Sammelschacht;Archiv Lienert & Haering AG;Hansheiri Stüssi, Werkführer Linthal;Brandschen Reservoir;;1;2;;;definitiv;1;ja;R. Brunner;16.04.1998;35;31.08.1998;;WAHR;FALSCH;FALSCH;FALSCH
538;B7, Quelle Bodenberg;;Linthal;8783;718790;195260;;diverse;945;0;71819501;aus Plan gelesen;Trinkwasser;WV Weiler/Quartier;Sicker-/Zuleitung;gut;Eisendeckel;Brunnenstube;Archiv AFU Glarus;Werner Ronner   643 18 77;;;22;23;;;keine vorh.;1;nein;R, Brunner;16.04.1998;12;31.08.1998;;WAHR;FALSCH;FALSCH;FALSCH
539;D1;;Linthal;8783;718200;194140;;B. Zweifel/S. Blumer;900;;;aus Plan gelesen;Brauchwasser;Vieh-Tränke;;;;;Archiv AFU Glarus;Heinrich Zweifel   643 18 13;nur Viehtränke --> nicht aufgenommen;;;;;;;;;;16.04.1998;13;;31.08.1998;FALSCH;FALSCH;FALSCH;FALSCH
540;D2;;Linthal;8783;718040;194170;;B. Zweifel/S. Blumer;800;;;aus Plan gelesen;Brauchwasser;Vieh-Tränke;;;;;Archiv AFU Glarus;Heinrich Zweifel   643 18 13;Viehtränke --> nicht aufgenommen;;;;;;;;;;16.04.1998;14;;31.08.1998;FALSCH;FALSCH;FALSCH;FALSCH
541;D4, Quelle Obbortberg;Obbortberg;Linthal;8783;718665;194200;623;Jörg Lauffer;1075;0;71819401;aus Plan gelesen;Trinkwasser;Restaurant, Ferienhaus;ab Fels;gut;zugemauert;kein Schacht;Archiv AFU Glarus;Jörg Lauffer   643 30 56;Restaurant Obbort, Ferienhaus Keller;;21;;;;erforderlich;;nein;R. Brunner;16.04.1998;15;31.08.1998;;WAHR;FALSCH;FALSCH;FALSCH
542;D14, Quelle Hinter Eggli;Hinter Eggli;Linthal;8783;718860;194620;617;M. Reithebuch, Obbort;1150;0;71819402;aus Plan gelesen;Trinkwasser;WV Einzelliegenschaft;Sicker-/Zuleitung;sanierungsbedürftig;Betondeckel;Brunnenstube;Archiv AFU Glarus;Hansruedi Reithebuch   643 31 34;Bachwasser läuft in Schacht;;19;20;;;keine vorh.;2;nein;R. Brunner;16.04.1998;16;31.08.1998;;WAHR;FALSCH;FALSCH;FALSCH
543;D16;;Linthal;8783;718500;194650;618;G. Hässig, Effretikon;950;;;aus Plan gelesen;;;Bachwasserfassung;;;;Archiv AFU Glarus;Gottlieb Hässig-Streiff, Lindenstr. 13, 8307  Effretikon;Bachwasserfassung --> nicht aufgenommen;;;;;;;;;;16.04.1998;17;;31.08.1998;FALSCH;FALSCH;FALSCH;FALSCH
544;D19, Quelle oberer Bodenberg;Bodenberg;Linthal;8783;718750;195120;;B. Zweifel, Boden;970;0;71819502;aus Plan gelesen;Brauchwasser;Stallbrunnen;unbekannt;sanierungsbedürftig;Holz;Brunnenstube;Archiv AFU Glarus;Hansheiri Zweifel, Linthal 643 31 84;;;24;25;;;keine vorh.;;nein;R. Brunner;16.04.1998;18;31.08.1998;;WAHR;FALSCH;FALSCH;FALSCH
545;D21;;Linthal;8783;718480;193310;;Soldenhoff, Bödeli;900;;;aus Plan gelesen;;;;;;;Archiv AFU Glarus;Hansheiri Zweifel, Linthal  643 31 84;identisch mit Quelle 718/195-101;;;;;;;;;;16.04.1998;19;;31.08.1998;FALSCH;FALSCH;FALSCH;FALSCH
546;D22;;Linthal;8783;718430;195020;;B. Stüssi/D. Thut, Reitis.;900;;;aus Plan gelesen;im Moment ungenutzt;;;;;;Archiv AFU Glarus;Albrecht Zweifel, Linthal  643 31 55;nicht aufgenommem;;;;;;;;;;16.04.1998;20;;31.08.1998;FALSCH;FALSCH;FALSCH;FALSCH
547;D26;;Linthal;8783;718010;195100;;A. Zweifel;810;;;aus Plan gelesen;;;;;;;Archiv AFU Glarus;;Pumpstation  -->nicht aufgenommen;;;;;;;;;;16.04.1998;21;;31.08.1998;FALSCH;FALSCH;FALSCH;FALSCH
548;H1;;Linthal;8783;718040;194600;639;Th. Schiesser, Reitimatt;790;50;;aus Plan gelesen;;;;gut;;Brunnenstube;Archiv AFU Glarus;Jakob Schiesser, Linthal  643 34 58;Grundwasserfassung für 3 Liegenschaften --> nicht aufgenommen;;;;;;keine vorh.;1;nein;;16.04.1998;22;;31.08.1998;FALSCH;FALSCH;FALSCH;FALSCH
549;H2, Quelle Ofenkopf;Ofenkopf bei Haufenrunse;Linthal;8783;717490;194910;764;J. Schiesser-Zweifel, Reitimatt;920;0;71719401;aus Plan gelesen;Trinkwasser;WV Einzelliegenschaft;ab Fels;sanierungsbedürftig;Holz;Brunnenstube;Archiv AFU Glarus;Jakob Schiesser, Linthal  643 34 58;seit 1907, ab 2001 verschüttet, Res. ausser Betrieb gem Angaben J. Schiesser vom 10.4.06;;28;29;;;keine vorh.;1;nein;R. Brunner;16.04.1998;23;31.08.1998;;WAHR;FALSCH;FALSCH;FALSCH
550;H4;;Linthal;8783;717600;195410;;B. Zweifel, Laueli;870;;;aus Plan gelesen;im Moment ungenutzt;;;;;;Archiv AFU Glarus;Thomas Zweifel, Linthal  643 33 04;nicht aufgenommen;;;;;;;;;;16.04.1998;24;;31.08.1998;FALSCH;FALSCH;FALSCH;FALSCH
551;H6;;Linthal;8783;717640;195480;;B. Zweifel, Laui;860;;;aus Plan gelesen;im Moment ungenutzt;Vieh-Tränke;;;;;Archiv AFU Glarus;Rosmarie Gisler-Zweifel, Linthal  643 14 76;nicht aufgenommen;;;;;;;;;;16.04.1998;25;;31.08.1998;FALSCH;FALSCH;FALSCH;FALSCH
552;H8;Laui;Linthal;8783;717580;195760;;Rosmarie Gisler-Zweifel;830;;;aus Plan gelesen;Brauchwasser;Stallbrunnen;;;;;Archiv AFU Glarus;Rosmarie Gisler-Zweifel, Linthal  643 14 76;nicht aufgenommen;;;;;;;;;;16.04.1998;26;;31.08.1998;FALSCH;FALSCH;FALSCH;FALSCH
553;H9;Fätschli;Linthal;8783;717430;196270;;Pfadiheim;910;;;aus Plan gelesen;im Moment ungenutzt;WV Einzelliegenschaft;Bachwasserfassung;;Eisendeckel;Brunnenstube/Reservoir;Archiv AFU Glarus;Rudolf Stutz, Linthal  643 32 30;Pfadiheim an Netz WK Auen angeschlossen --> nicht aufgenommen;;;;;;keine vorh.;1;ja;;16.04.1998;27;;01.09.1998;FALSCH;FALSCH;FALSCH;FALSCH
554;J1 Oeler;Oeler;Linthal;8783;717474;196465;457;Tagwen Ennetlinth;860;0;71719601;aus Plan gelesen;Trinkwasser;WV Einzelliegenschaft;Sicker-/Zuleitung;gut;Betondeckel;Brunnenstube;Archiv AFU Glarus;Hansheiri Stüssi, Werkführer Linthal;;;30;31;;;keine vorh.;1;nein;R. Brunner;16.04.1998;28;01.09.1998;;WAHR;FALSCH;FALSCH;FALSCH
555;J3, Quelle Oberrämis;Oberrämis;Linthal;8783;717488;196596;462;B. Zweifel, Oberrämis;865;;71719602;aus Plan gelesen;Trinkwasser;WV Einzelliegenschaft;Sicker-/Zuleitung;gut;Haus;Brunnenstube;Archiv AFU Glarus;Hansheiri Zweifel-Oehler, Wässerwiesenstr. 70, 8408  Winterthur;Wasseraustritte im Stall;;32;33;;;keine vorh.;;nein;R. Brunner;16.04.1998;29;01.09.1998;;WAHR;FALSCH;FALSCH;FALSCH
556;Quelle Fruttmatt;Fruttmatt;Linthal;8783;717464;196829;516;Gde. Linthal;900;30;71719603;im Feld eingemessen;Trinkwasser;WV Gemeinde;Stollen;gut;Eisendeckel;Brunnenstube;Archiv Lienert & Haering AG;Hansheiri Stüssi, Werkführer Linthal;;;23;24;25 +;;definitiv;;ja;R. Brunner;16.04.1998;30;31.08.1998;;WAHR;FALSCH;FALSCH;FALSCH
557;J6, Quelle Schwändeli;Schwändeli;Linthal;8783;717190;196430;466;Hch. Zweifel, Bergli;940;0;71719604;aus Plan gelesen;Trinkwasser;Restaurant Bergli;Sicker-/Zuleitung;gut;Eisendeckel mit 4 Kant;Brunnenstube;Archiv AFU Glarus;Hch. Zweifel, Linthal  643 33 16;;;27;28;;;erforderlich;1;nein;R. Brunner;16.04.1998;31;31.08.1998;;WAHR;FALSCH;FALSCH;FALSCH
558;J7;;Linthal;8783;717130;196480;466;Hch. Zweifel, Bergli;960;;;aus Plan gelesen;;Brunnen;;;;;Archiv AFU Glarus;Hch. Zweifel, Linthal  643 33 16;nur für Brunnen --> nicht aufgenommen;;;;;;;;;;16.04.1998;32;;31.08.1998;FALSCH;FALSCH;FALSCH;FALSCH
559;J9, Quelle Eggli;Eggli;Linthal;8783;717122;196823;478;Felix Zweifel;1050;0;71719605;aus Plan gelesen;Trinkwasser;WV Einzelliegenschaft;Sicker-/Zuleitung;gut;Eisendeckel;Brunnenstube;Archiv AFU Glarus;Felix Zweifel-Bissig, Linthal;;;5;6;;;keine vorh.;1;nein;R. Brunner;16.04.1998;33;01.09.1998;;WAHR;FALSCH;FALSCH;FALSCH
560;J14, Quelle Oberberg;Oberberg;Linthal;8783;716970;196720;474;Hch. Zweifel, Oberberg;1055;;71619601;aus Plan gelesen;Trinkwasser;WV Einzelliegenschaft;Sicker-/Zuleitung;gut;Türe;Brunnenstube;Archiv AFU Glarus;Hch. Zweifel, Linthal  643 15 71;;;3;4;;;keine vorh.;2;nein;R. Brunner;16.04.1998;34;01.09.1998;;WAHR;FALSCH;FALSCH;FALSCH
572;Obmoos-Quelle;Obmoos;Elm;8767;731470;197390;;Obmoosbrunnen-Korportion;1010;0;73119704;aus Plan gelesen;Trinkwasser;WV Weiler/Quartier;Aufstossend;gut;Eisendeckel mit 4 Kant;Brunnenstube;Archiv Lienert & Haering AG;Samuel Hefti, EW Elm;;;18;19;;;keine vorh.;0;nein;Brunner;17.04.1998;36;18.08.1999;;WAHR;FALSCH;FALSCH;FALSCH
573;Bord-Quelle B4;Blumerberg;Nidfurn;8772;;;174;Gde. Nidfurn;860;;;aus Plan gelesen;im Moment ungenutzt;;;;;;Archiv Lienert & Haering AG;;1988 stillgelegt, nicht aufgenommen;;;;;;;;;;17.04.1998;18;;20.07.1998;FALSCH;FALSCH;FALSCH;FALSCH
574;Blumerberg-Quelle 1;;Nidfurn;8772;722215;205245;;Gde. Nidfurn;840;;;aus Plan gelesen;im Moment ungenutzt;;Sicker-/Zuleitung;;;;Archiv Lienert & Haering AG;J. Hefti, Werkführer Nidfurn;1988 stillgelegt, nicht aufgenommen;;;;;;;1;;;17.04.1998;19;;20.07.1998;FALSCH;FALSCH;FALSCH;FALSCH
575;Quelle Luchsinger/Wichser/Hefti T5;Tränkiloch;Nidfurn;8772;722118;205420;178;Hefti/Luchsinger/Wichser;904;;72220511;aus Plan gelesen;Trinkwasser;WV Weiler/Quartier;unbekannt;;;;Archiv Lienert & Haering AG;"Fritz Luchsinger, Thon, Schwanden; Hh Wichser, im Güetli, Nidfurn; Gebr. Hefti, im Grub, Nidfurn";Schacht überdeckt;;;;;;ev. erforderlich?;1;;R. Brunner;17.04.1998;20;20.07.1998;;WAHR;FALSCH;FALSCH;FALSCH
576;Maienbrunnen unten;Ennetecken;Schwanden;8763;723220;207275;;Ennetecken-Wygellenkorp.;900;0;72320701;im Feld eingemessen;Trinkwasser;WV Gemeinde Schwändi;Sicker-/Zuleitung;gut;Türe;Brunnenstube/Sammelschacht;Archiv Lienert & Haering AG;W. Traxel, Werkführer Schwändi;;;35;36;;;definitiv;1;ja;R. Brunner;17.04.1998;21;28.08.1998;;WAHR;FALSCH;FALSCH;FALSCH
577;Maienbrunnen oben;Ennetecken;Schwanden;8762;723200;207325;;Ennetecken-Wygellenkorp.;900;0;72320702;im Feld eingemessen;Trinkwasser;WV Gemeinde Schwändi;Sicker-/Zuleitung;gut;Gussdeckel;Brunnenstube;Archiv Lienert & Haering AG;W. Traxel, Werkführer Schwändi;;;1;2;;;definitiv;1;nein;R. Brunner;16.04.1998;22;28.08.1998;;WAHR;FALSCH;FALSCH;FALSCH
578;Quelle Ottigen 83;;Haslen;8773;723884;205096;;Gde. Schwanden;620;0;72320504;Geometeraufnahmen;Trinkwasser;WV Gemeinde Schwanden;Sicker-/Zuleitung;gut;Eisendeckel;Brunnenstube;Archiv Lienert & Haering AG;J. Tschudi, WV Gde. Schwanden;;;H16;H17;;;definitiv;3;ja;M. Simmler;17.04.1998;42;04.08.1998;;WAHR;FALSCH;FALSCH;FALSCH
579;Quelle Alpweg 84;;Haslen;8773;;;;Gde. Schwanden;620;;;Geometeraufnahmen;im Moment ungenutzt;WV Gemeinde Schwanden;;;;;Archiv Lienert & Haering AG;J. Tschudi, WV Gde. Schwanden;keine Fassung mehr, nicht aufgenommen;;;;;;definitiv;;ja;;17.04.1998;43;;04.08.1998;FALSCH;FALSCH;FALSCH;FALSCH
580;Burstberg-Quelle;;Braunwald;8784;;;243;Streiff, Rietberg;1260;;;aus Plan gelesen;Brauchwasser;Vieh-Tränke;;;;;Archiv Lienert & Haering AG;;Vieh-Tränke --> nicht aufgenommen;;;;;;keine vorh.;;;;17.04.1998;20;;30.09.1998;FALSCH;FALSCH;FALSCH;FALSCH
581;Tutenbergquelle;;Braunwald;8784;;;;;1270;;;aus Plan gelesen;im Moment ungenutzt;;;;;;Archiv Lienert & Haering AG;;gemäss Gde. ungenutzt --> nicht aufgenommen;;;;;;;;;;17.04.1998;21;;30.09.1998;FALSCH;FALSCH;FALSCH;FALSCH
582;Leglerberg-Quelle;Leglerberg;Braunwald;8784;717830;199870;;Schiesser, Leglerberg;1320;0;71719905;aus Plan gelesen;Trinkwasser;WV Einzelliegenschaft;Sicker-/Zuleitung;gut;Eisendeckel mit 4 Kant;Brunnenstube;Archiv Lienert & Haering AG;Balz Dürst, Werkführer Braunwald;;;25;26;;;keine vorh.;1;nein;R. Brunner;17.04.1998;22;02.09.1998;;WAHR;FALSCH;FALSCH;FALSCH
583;;Müllerberg;Braunwald;8784;;;;;1300;;;aus Plan gelesen;im Moment ungenutzt;;;;;;Archiv Lienert & Haering AG;; Gde. unbekannt --> nicht aufgenommen;;;;;;;;;;17.04.1998;23;;30.09.1998;FALSCH;FALSCH;FALSCH;FALSCH
584;;Müllerberg;Braunwald;8784;;;;;1300;;;aus Plan gelesen;im Moment ungenutzt;;;;;;Archiv Lienert & Haering AG;;Gde. unbekannt --> nicht aufgenommen;;;;;;;;;;17.04.1998;24;;30.09.1998;FALSCH;FALSCH;FALSCH;FALSCH
585;;Müllerberg;Braunwald;8784;;;;;1300;;;aus Plan gelesen;im Moment ungenutzt;;;;;;Archiv Lienert & Haering AG;;Gde. unbekannt --> nicht aufgenommen;;;;;;;;;;17.04.1998;25;;30.09.1998;FALSCH;FALSCH;FALSCH;FALSCH
586;;Müllerberg;Braunwald;8784;;;;;1340;;;aus Plan gelesen;im Moment ungenutzt;;;;;;Archiv Lienert & Haering AG;;Gde. unbekannt --> nicht aufgenommen;;;;;;;;;;17.04.1998;26;;30.09.1998;FALSCH;FALSCH;FALSCH;FALSCH
587;;;Braunwald;8784;;;;;1400;;;aus Plan gelesen;im Moment ungenutzt;;;;;;Archiv Lienert & Haering AG;;Gde. unbekannt --> nicht aufgenommen;;;;;;;;;;17.04.1998;27;;30.09.1998;FALSCH;FALSCH;FALSCH;FALSCH
588;;;Braunwald;8784;;;;;1400;;;aus Plan gelesen;im Moment ungenutzt;;;;;;Archiv Lienert & Haering AG;;Gde. unbekannt --> nicht aufgenommen;;;;;;;;;;17.04.1998;28;;30.09.1998;FALSCH;FALSCH;FALSCH;FALSCH
589;;;Braunwald;8784;;;;;;;;aus Plan gelesen;im Moment ungenutzt;;;;;;Archiv Lienert & Haering AG;;Gde. unbekannt --> nicht aufgenommen;;;;;;;;;;17.04.1998;29;;30.09.1998;FALSCH;FALSCH;FALSCH;FALSCH
590;;Gisenegg;Braunwald;8784;;;;;1460;;;aus Plan gelesen;im Moment ungenutzt;;;;;;Archiv Lienert & Haering AG;;Gde. unbekannt --> nicht aufgenommen;;;;;;;;;;17.04.1998;30;;30.09.1998;FALSCH;FALSCH;FALSCH;FALSCH
591;;Mittleren Berg;Braunwald;8784;;;;;1400;;;aus Plan gelesen;im Moment ungenutzt;;;;;;Archiv Lienert & Haering AG;;Gde. unbekannt --> nicht aufgenommen;;;;;;;;;;17.04.1998;31;;30.09.1998;FALSCH;FALSCH;FALSCH;FALSCH
592;;Mittleren Berg;Braunwald;8784;;;;;1360;;;aus Plan gelesen;im Moment ungenutzt;;;;;;Archiv Lienert & Haering AG;;Gde. unbekannt --> nicht aufgenommen;;;;;;;;;;17.04.1998;32;;30.09.1998;FALSCH;FALSCH;FALSCH;FALSCH
593;;Mittleren Berg;Braunwald;8784;;;;;1370;;;aus Plan gelesen;im Moment ungenutzt;;;;;;Archiv Lienert & Haering AG;;Gde. unbekannt --> nicht aufgenommen;;;;;;;;;;17.04.1998;33;;30.09.1998;FALSCH;FALSCH;FALSCH;FALSCH
594;;Mittleren Berg;Braunwald;8784;;;;;1380;;;aus Plan gelesen;im Moment ungenutzt;;;;;;Archiv Lienert & Haering AG;;Gde. unbekannt --> nicht aufgenommen;;;;;;;;;;17.04.1998;34;;30.09.1998;FALSCH;FALSCH;FALSCH;FALSCH
595;;;Braunwald;8784;;;;;1300;;;aus Plan gelesen;im Moment ungenutzt;;;;;;Archiv Lienert & Haering AG;;Gde. unbekannt --> nicht aufgenommen;;;;;;;;;;17.04.1998;35;;30.09.1998;FALSCH;FALSCH;FALSCH;FALSCH
596;;;Braunwald;8784;;;;;1300;;;aus Plan gelesen;im Moment ungenutzt;;;;;;Archiv Lienert & Haering AG;;Gde. unbekannt --> nicht aufgenommen;;;;;;;;;;17.04.1998;36;;30.09.1998;FALSCH;FALSCH;FALSCH;FALSCH
597;;Mittleren Berg;Braunwald;8784;;;;;1350;;;aus Plan gelesen;im Moment ungenutzt;;;;;;Archiv Lienert & Haering AG;;Gde. unbekannt --> nicht aufgenommen;;;;;;;;;;17.04.1998;37;;30.09.1998;FALSCH;FALSCH;FALSCH;FALSCH
598;;;Braunwald;8784;;;;;1340;;;aus Plan gelesen;im Moment ungenutzt;;;;;;Archiv Lienert & Haering AG;;Gde. unbekannt --> nicht aufgenommen;;;;;;;;;;17.04.1998;38;;30.09.1998;FALSCH;FALSCH;FALSCH;FALSCH
599;;;Braunwald;8784;;;;;1380;;;aus Plan gelesen;im Moment ungenutzt;;;;;;Archiv Lienert & Haering AG;;Gde. unbekannt --> nicht aufgenommen;;;;;;;;;;17.04.1998;39;;30.09.1998;FALSCH;FALSCH;FALSCH;FALSCH
600;;;Braunwald;8784;;;;;1380;;;aus Plan gelesen;im Moment ungenutzt;;;;;;Archiv Lienert & Haering AG;;Gde. unbekannt --> nicht aufgenommen;;;;;;;;;;17.04.1998;40;;30.09.1998;FALSCH;FALSCH;FALSCH;FALSCH
601;;;Braunwald;8784;;;;;1400;;;aus Plan gelesen;im Moment ungenutzt;;;;;;Archiv Lienert & Haering AG;;Gde. unbekannt --> nicht aufgenommen;;;;;;;;;;17.04.1998;41;;30.09.1998;FALSCH;FALSCH;FALSCH;FALSCH
602;;;Braunwald;8784;;;;;1400;;;aus Plan gelesen;im Moment ungenutzt;;;;;;Archiv Lienert & Haering AG;;Gde. unbekannt --> nicht aufgenommen;;;;;;;;;;17.04.1998;42;;30.09.1998;FALSCH;FALSCH;FALSCH;FALSCH
603;;;Braunwald;8784;;;;;1400;;;aus Plan gelesen;im Moment ungenutzt;;;;;;Archiv Lienert & Haering AG;;Gde. unbekannt --> nicht aufgenommen;;;;;;;;;;17.04.1998;43;;30.09.1998;FALSCH;FALSCH;FALSCH;FALSCH
604;;;Braunwald;8784;;;;;1400;;;aus Plan gelesen;im Moment ungenutzt;;;;;;Archiv Lienert & Haering AG;;Gde. unbekannt --> nicht aufgenommen;;;;;;;;;;17.04.1998;44;;30.09.1998;FALSCH;FALSCH;FALSCH;FALSCH
605;;Rubschen;Braunwald;8784;;;;;1470;;;aus Plan gelesen;im Moment ungenutzt;;;;;;Archiv Lienert & Haering AG;;Gde. unbekannt --> nicht aufgenommen;;;;;;;;;;17.04.1998;45;;30.09.1998;FALSCH;FALSCH;FALSCH;FALSCH
610;Quelle Gheistberg;Gheistberg;Sool;8762;728600;207120;;J. Marti-Wyss/Gde. Sool;1320;;72820703;aus Plan gelesen;Trinkwasser;WV Einzelligenschaft;;;;;Feld;J. Marti-Wyss;Versorgung von Hütte Marti-Wyss und Brunnen von Gde. Sool;;36;;;;keine vorh.;;;R. Brunner;04.05.1998;22;25.03.1998;;WAHR;FALSCH;FALSCH;FALSCH
611;Quelle Au;Au;Sool;8762;725470;206450;;Kämpf;540;;72520601;aus Plan gelesen;Brauchwasser;Brunnen;;;;;Feld;Jakob Marti, Gde Sool;;;18;;;;keine vorh.;;;R. Brunner;04.05.1998;24;25.03.1998;;WAHR;FALSCH;FALSCH;FALSCH
613;Quelle Fuchsrain;Fuchsrain;Sool;8762;725340;206450;;;560;0;72520602;im Feld eingemessen;Brauchwasser;Brunnen;Wasseraustritt;sanierngsbedürftig;Schieferplatte;Brunnen;Begehung;Jakob Marti, Gde Sool;;;19;;;;keine vorh.;;nein;R. Brunner;04.05.1998;25;25.03.1998;;WAHR;FALSCH;FALSCH;FALSCH
617;Reservoirquelle;Höhe;Haslen;8773;;;259;Gemeinde Haslen;641;0;;aus Plan gelesen;im Moment ungenutzt;;Sicker-/Zuleitung;gut;Eisendeckel;Brunnenstube;Gemeinde;P. Muhl, Werkführer Gde.Haslen;vom Netz abgehängt, nicht aufgenommen;;;;;;keine vorh.;1;ja;;15.05.1998;;;21.07.1998;FALSCH;FALSCH;FALSCH;FALSCH
618;Quelle Schatzmann;Raussen;Haslen;8773;723215;204150;259;H. Schatzmann;655;0;72320406;aus Plan gelesen;Brauchwasser;WV Einzelliegenschaft;Sicker-/Zuleitung;gut;Betondeckel;Brunnenstube;Gemeinde;"P. Muhl, Werkführer Gde.Haslen;H. Schatzmann Haslen";Stall und Garten, Neufassung 1991;;28;29;;;keine vorh.;1;nein;R. Brunner;15.05.1998;51;21.07.1998;;WAHR;FALSCH;FALSCH;FALSCH
619;Quelle Obmoos 2;Obmoos;Elm;8767;731470;197400;;Obmoosbrunnen-Korporation;980;;73119707;aus Plan gelesen;Trinkwasser;WV Weiler/Quartier;;;;;Archiv Lienert & Haering AG;Samuel Hefti, EW Elm;;;;;;;keine vorh.;2;;;16.04.1998;;18.08.1999;;WAHR;WAHR;FALSCH;FALSCH
620;Quelle Strit;;Elm;8767;;;;Anton Bäbler;;;;;Brauchwasser;Brunnen;;;;Brunnenstube;;;Laufbrünneli;;;;;;;;;;15.05.1998;37;;15.06.1999;FALSCH;FALSCH;FALSCH;FALSCH
621;Quelle Gerstboden;oberer Gerstboden;Elm;8767;730940;198730;;Brunnengemeinschaft;1440;0;73019802;aus Plan gelesen;Trinkwasser;2 Ferienhäuser + Einzelliegenschaft;Sicker-/Zuleitung;gut-genügend;Betondeckel;Brunnenstube;Feldaufnahmen;Fridolin Disch, Gerstboden Elm;;;24;25;;;keine vorh.;1;nein;Brunner;15.05.1998;38;18.08.1999;;WAHR;FALSCH;FALSCH;FALSCH
622;Quelle Wald;;Elm;8767;;;;Brunnengemeinschaft;;;;;Brauchwasser;Brunnen;;;;Brunnenstube;;Samuel Hefti, EW Elm;;;;;;;;;;;15.05.1998;39;;15.06.1999;FALSCH;FALSCH;FALSCH;FALSCH
623;Quelle Schliefer;Schliefer;Elm;8767;730700;197700;;Gebr. Hauser;1340;0;73019703;aus Plan gelesen;Trinkwasser;WV Einzelliegenschaft;Sicker-/Zuleitung;gut;Eisen 4 Kant;Brunnenstube;Feldaufnahmen;Samuel Hefti, EW Elm;;;10;11;;;keine vorh.;2;nein;Brunner;15.05.1998;42;15.06.1999;;WAHR;FALSCH;FALSCH;FALSCH
624;Quelle Empächli;;Elm;8767;730870;198140;;Brunnengemeinschaft;1445;0;73019801;aus Plan gelesen;Trinkwasser;WV Weiler/Quartier;ab Fels;sanierungsbedürftig;Holz;Brunnenstube;Feldaufnahmen;Samuel Hefti, EW Elm;;;15;16;;;keine vorh.;0;nein;Brunner;15.05.1998;40;15.06.1999;;WAHR;FALSCH;FALSCH;FALSCH
625;Quelle Empächli;;Elm;8767;;;;Hans Rhyner, Spicher;;;;;im Moment ungenutzt;WV Einzelliegenschaft;;;;Brunnenstube;;;;;;;;;;;;;15.05.1998;41;;15.06.1999;FALSCH;FALSCH;FALSCH;FALSCH
626;Quelle Hinter Empächli Bergli;;Elm;8767;730270;197700;;Dr. Lalive, Bergli;1455;0;73019704;aus Plan gelesen;Trinkwasser;Ferienhaus;Sicker-/Zuleitung;gut;Eisen 4kant. Schrauben;Brunnenstube;Feldaufnahmen;;;;17;18;;;keine vorh.;1;nein;Brunner;15.05.1998;43;15.06.1999;;WAHR;FALSCH;FALSCH;FALSCH
627;Quelle Batschwändi-Bort;;Elm;8767;;;;Pankraz Rhyner, Oberhus;;;;;Brauchwasser;Stall;;;;Brunnenstube;;;;;;;;;;;;;15.05.1998;44;;15.06.1999;FALSCH;FALSCH;FALSCH;FALSCH
628;Quelle Güetli;;Elm;8767;731600;198110;;Kasp. Rhyner;1180;0;73119802;aus Plan gelesen;Trinkwasser;WV Einzelliegenschaft;Sicker-/Zuleitung;gut;Eisen 4kant. Schrauben;Brunnenstube;Feldaufnahmen;;;;21;22;;;keine vorh.;2;nein;Brunner;15.05.1998;45;15.06.1999;;WAHR;FALSCH;FALSCH;FALSCH
629;Quelle Stalden;Stalden;Elm;8767;731270;197620;;Marg. Elmer;1130;;73119705;aus Plan gelesen;Trinkwasser;Ferienhaus;;;;Brunnenstube;;;überdeckt mit Holz --> nicht gefunden;;;;;;keine vorh.;;;Brunner;15.05.1998;46;18.08.1999;;WAHR;FALSCH;FALSCH;FALSCH
630;Quelle Stalden 2;Stalden;Elm;8767;731280;197610;;Ruedi Elmer-Zweifel;1125;0;73119706;aus Plan gelesen;Trinkwasser;WV Einzelliegenschaft;Bachwasserfassung;genügend-schlecht;Blech-Deckel;Brunnenstube;Feldaufnahmen;Ruedi Elmer- Zweifel, Stalden Elm;;;16;17;;;;0;nein;Brunner;15.05.1998;47;18.08.1999;;WAHR;FALSCH;FALSCH;FALSCH
631;Quelle Waldboden;Waldboden;Elm;8767;730810;197540;;Ruedi Rhyner;1345;0;73019706;aus Plan gelesen;Trinkwasser;WV Einzelliegenschaft;Sicker-/Zuleitung;gut;Betondeckel;Brunnenstube;Feldaufnahmen;Ruedi Rhyner, Waldboden Elm;;;;;;;keine vorh.;1;nein;Brunner;15.05.1998;48;18.08.1999;;WAHR;FALSCH;FALSCH;FALSCH
633;Quelle Schür;Schür;Betschwanden;8777;;;;E. Fux, Zürich;;;;;Brauchwasser;Vieh-Tränke;;gut;;;Gemeinde;Thomas Zweifel, Werkführer Betschwanden;nicht aufgenommen;;;;;;keine vorh.;;;;16.04.1998;11;;03.09.1998;FALSCH;FALSCH;FALSCH;FALSCH
634;Quelle Bann (gross Schräje);Bann;Betschwanden;8777;;;;Gemeinde Betschwanden;;;;;im Moment ungenutzt;;Stollen;gut;Türe;Brunnenstube;Gemeinde;Thomas Zweifel, Werkführer Betschwanden;nicht aufgenommen;;;;;;keine vorh.;;;;16.04.1998;12;;03.09.1998;FALSCH;FALSCH;FALSCH;FALSCH
635;Quelle Schlatt;Schlatt;Betschwanden;8777;720270;200750;;F. Kündig;670;;;aus Plan gelesen;Trinkwasser;Brunnen;;gut;;Brunnenstube;Gemeinde;Thomas Zweifel, Werkführer Betschwanden;identisch Quelle Zopfisol (488) oder Obermarglan (Schlüssel 491)? Gemäss Ang Th.Z vom 11.2001 ist die die neue Fassung für das Haus F. Kündig;;;;;;keine vorh.;;;;16.04.1998;13;;03.09.1998;FALSCH;FALSCH;FALSCH;FALSCH
651;Quelle Stutz 2;Stutz;Matt;8766;730930;201735;;Gde. Matt;1090;0;73020108;aus Plan gelesen;Trinkwasser;WV Gemeinde;ab Fels;sanierungsbedürftig;Holz;Brunnenstube;Feldaufnahmen;Christoph Marti, Werkführer Matt;;;6;7;;;keine vorh.;0;nein;Brunner;18.10.1999;;18.10.1999;;WAHR;FALSCH;FALSCH;FALSCH
657;Quelle Wisswand;Wisswand;Luchsingen;8775;720880;203770;;Gebr. Figi;1150;0;72020307;aus Plan gelesen;Trinkwasser;WV Einzelliegenschaft;Sicker-/Zuleitung;gut;Eisendeckel;Brunnenstube;Gemeinde;Fritz Dönni, Werkführer Gde. Luchsingen;Quelle für 3 Familien;;7;8;;;keine vorh.;3;nein;R. Brunner;29.05.1998;32;04.09.1998;;WAHR;FALSCH;FALSCH;FALSCH
658;Quelle Birchen;Birchen;Luchsingen;8775;;;;;;;;;im Moment ungenutzt;;;;;;Gemeinde;;"Frühere Fassung für Mittelstafel; ersetzt durch Quelle Tierbrünnen --> nicht aufgenommen";;;;;;keine vorh.;;;;29.05.1998;;;27.08.1998;FALSCH;FALSCH;FALSCH;FALSCH
659;Quelle Tierbrunnen;Tierbrunnen;Luchsingen;8775;718130;203200;;Gde. Luchsingen;1505;0;71820301;aus Plan gelesen;Trinkwasser;Mittelstafel Bösbächi, (Bergwirtschaft??);Sicker-/Zuleitung;gut;Holz;Brunnenstube;Gemeinde;Fritz Dönni, Werkführer Gde. Luchsingen;"Neufassung 1996, kein Hausanschluss; gem. Angaben Lebensmittelinspekt von Feb. 2001: Wasser nicht für Wirtschaft, Versorgung für Bösbächi Mittelstafel (Mittelstafel).";;12;13;;;erforderlich;2;nein;R. Brunner;29.05.1998;24;27.08.1998;;WAHR;FALSCH;FALSCH;FALSCH
660;Quelle Platschgenboden;Platschgenboden;Luchsingen;8775;;;;;;;;;im Moment ungenutzt;;;;;;Gemeinde;;wird nicht mehr genutzt --> nicht aufgenommen;;;;;;;;;;29.05.1998;;;27.08.1998;FALSCH;FALSCH;FALSCH;FALSCH
661;Quelle Bösbächi Ober Stafel E;Ober Stafel;Luchsingen;8775;718480;202500;;Gde. Luchsingen;1695;50;71820201;aus Plan gelesen;Trinkwasser;Alpgebäude;Sicker-/Zuleitung;gut;Eisendeckel;Brunnenstube;Gemeinde;Fritz Dönni, Werkführer Gde. Luchsingen;;;9;10;;;keine vorh.;1;nein;R. Brunner;29.05.1998;25;27.08.1998;;WAHR;FALSCH;FALSCH;FALSCH
662;Quelle Oberblegi Unter Stafel;Unter Stafel;Luchsingen;8775;720000;204030;;Blumer Stiftung, Schwanden;1430;0;72020403;aus Plan gelesen;Trinkwasser;Alpgebäude;ab Fels;gut;Blech-Deckel;Brunnenstube;Gemeinde;Fritz Dönni, Werkführer Gde. Luchsingen;;;16;17;;;keine vorh.;0;nein;R. Brunner;29.05.1998;27;27.08.1998;;WAHR;FALSCH;FALSCH;FALSCH
663;"J10; Quelle Fruttberge 1";Sonnenberg;Linthal;8783;717107;196795;478;J. Zweifel;1050;0;71719606;aus Plan gelesen;Trinkwasser;WV Einzelliegenschaft;Sicker-/Zuleitung;gut;Betondeckel;Brunnenstube;Feldaufnahmen;Josef Zweifel-Heissenberger, Bazenheid;;;7;8;;;keine vorh.;2;nein;R. Brunner;01.09.1998;35;01.09.1998;;WAHR;FALSCH;FALSCH;FALSCH
664;J16, Quelle Fruttberge 2;Sonnenberg;Linthal;8783;717093;196755;478;J. Zweifel;1050;0;71719607;aus Plan gelesen;Trinkwasser;WV Einzelliegenschaft;Sicker-/Zuleitung;schlecht;Betondeckel;Brunnenstube;Gemeinde;J. Zweifel-Heissenberger, Bazenheid;;;9;10;;;keine vorh.;2;nein;R. Brunner;01.09.1998;36;01.09.1998;;WAHR;FALSCH;FALSCH;FALSCH
693;Quelle Plättli;Hauenbüchel;Engi;8765;733400;208020;;Gemeinde Engi;1550;0;73320801;aus Plan gelesen;Trinkwasser;Alpgebäude;ab Fels;sanierungsbedürftig;Steinplatte;Brunnenstube;Gemeinde;Fux Ernst, Werkführer Engi;;;22;;;;keine vorh.;0;nein;Brunner;15.06.1998;22;19.10.1999;;WAHR;FALSCH;FALSCH;FALSCH
722;Quelle Pfändlergut;Pfändlergut;Nidfurn;8772;723170;205380;72;Gebr. Hefti;558;;72320508;aus Plan gelesen;Brauchwasser;Stallbrunnen;Hohlgraben;unbekannt;unbekannt;Brunnenstube;Gemeinde;Gebr. Hefti, Grub, Nidfurn;Fassung überdeckt;;26;;;;keine vorh.;1;nein;R. Brunner;09.07.1998;21;20.07.1998;;WAHR;FALSCH;FALSCH;FALSCH
723;Quelle Leuggelenberg;Wildenberg;Nidfurn;8772;722460;205710;186;Zimmermann/Luchsinger;925;10;72220513;aus Plan gelesen;Trinkwasser;WV Einzelliegenschaft;Sicker-/Zuleitung;gut;Betondeckel;Brunnenstube;Gemeinde;"Fritz Zimmermann, Wigellen, Schwändi; Fritz Luchsinger, Thon 15, Schwanden";;;28;29;;;keine vorh.;1;nein;R. Brunner;09.07.1998;23;20.07.1998;;WAHR;FALSCH;FALSCH;FALSCH
724;Quelle Leuggelenberg;Wildenberg;Nidfurn;8772;722440;205765;186;Rüegg/Zimmermann;945;40;72220512;aus Plan gelesen;Trinkwasser;Bergwirtschaft, Alpgebäude;Sicker-/Zuleitung;gut;Pilzdeckel;Brunnenstube/Reservoir;Gemeinde;"Fritz Zimmermann-Zimmermann, Wygellen, Schändi; Emil Rüegg-Knobel, Herrenstr., Schwanden";"Rest. Alpenblick (Rüegg); 2 Brunnen (Zimmermann)";;27;;;;erforderlich;1;ja;R. Brunner;09.07.1998;22;20.07.1998;;WAHR;FALSCH;FALSCH;FALSCH
725;Quelle Schwändibord 36.2;Schwändibord;Haslen;8773;724285;204628;;Gde. Schwanden;907.25;50;72420411;Geometeraufnahmen;Trinkwasser;WV Gemeinde Schwanden;Sicker-/Zuleitung;SVGW-Konform;Pilzdeckel;Sammelschacht;Gemeinde;J. Tschudi, WV Gde. Schwanden;Quelle läuft direkt in Sammelbrunnenstube 39;;G24;G25;;;definitiv;3;ja;M. Simmler;27.07.1998;6;04.08.1998;;WAHR;FALSCH;FALSCH;FALSCH
726;Quelle Weidrunse 46;Weidrunse;Schwanden;8762;724464;205131;;Gde. Schwanden;804.4199829;50;72420505;Geometeraufnahmen;Trinkwasser;WV Gemeinde;Sicker-/Zuleitung;SVGW-Konform;Pilzdeckel;Sammelschacht;Gemeinde;J. Tschudi, Werkführer Schwanden;Quelle läuft direkt in Sammelbrunnenstube 45;;H8;;;;definitiv;2;ja;M. Simmler;27.07.1998;46;04.08.1998;;WAHR;FALSCH;FALSCH;FALSCH
727;Niederenalp;Kärpfhüttli;Schwanden;8762;726265;200015;;Gde. Schwaden;1960;70;72620001;aus Plan gelesen;Trinkwasser;Alpgebäude;Sicker-/Zuleitung;gut;Eisendeckel;Brunnenstube;Gemeinde;J. Tschudi, Schwaden;;;H31;H32;;;keine vorh.;1;ja;M. Simmler;27.07.1998;182;05.08.1998;;WAHR;FALSCH;FALSCH;FALSCH
728;Niederenalp;Oberstafel;Schwanden;8762;726760;200015;;Gde. Schwanden;1810;0;72620002;aus Plan gelesen;Trinkwasser;Alpgebäude;Sicker-/Zuleitung;gut;Eisendeckel;Brunnenstube;Gemeinde;J. Tschudi, Werkführer Schwanden;;;H29;H30;;;keine vorh.;1;ja;M. Simmler;27.07.1998;181;05.08.1998;;WAHR;FALSCH;FALSCH;FALSCH
729;Quelle Berggasthaus Mettmen;Wysbach/Widerstein;Schwanden;8762;727025;201865;;div.;1780;20;72720101;aus Plan gelesen;Trinkwasser;Bergwirtschaft;Sicker-/Zuleitung;gut;Blech-Deckel;Brunnenstube;Gemeinde;J. Tschudi, Werkführer Schwanden;;;H33;H34;;;erforderlich;1;nein;M. Simmler;27.07.1998;180;05.08.1998;;WAHR;FALSCH;FALSCH;FALSCH
730;Quelle Mettmenalp;Schwirrwald;Schwanden;8762;726560;202920;;Gde. Schwanden;1630;0;72620201;aus Plan gelesen;Trinkwasser;Alpgebäude;ab Fels;sanierungsbedürftig;Betondeckel;Brunnenstube;Gemeinde;J. Tschudi, Werkführer Schwanden;"versorgt auch Naturfreundehaus Mettmen; Wasser nur teilweise gefasst";;I6;I7;;;keine vorh.;;nein;M. Simmler;27.07.1998;169;05.08.1998;;WAHR;FALSCH;FALSCH;FALSCH
731;WV Gandbütz - Seebödeli;Schafleger;Schwanden;8762;727290;202610;;Gde. Schwadnen;2040;;72720201;aus Plan gelesen;Trinkwasser;Alpgebäude;ab Fels;schlecht;Stein;kein Schacht;Gemeinde;J. Tschudi, Werkführer Schwanden;mehrere km lange Leitung zu Hütten;;H35;H36;;;keine vorh.;1;nein;M. Simmler;27.07.1998;170;05.08.1998;;WAHR;FALSCH;FALSCH;FALSCH
732;WV Nüenhütte;Mitlist;Schwanden;8762;727110;204125;;Gde. Schwanden;1702;0;72720401;aus Plan gelesen;Trinkwasser;Alpgebäude;Sicker-/Zuleitung;gut;Eisendeckel;Brunnenstube;Gemeinde;J. Tschudi, Werkführer Schwanden;S1 eingezäunt;;I3;I4;I5;;;2;ja;M. Simmler;27.07.1998;171;05.08.1998;;WAHR;FALSCH;FALSCH;FALSCH
733;WV Nüenhütte;Schwamm;Schwanden;8762;726795;204615;;Gde. Schwanden;1610;0;72620401;aus Plan gelesen;Trinkwasser;Alpgebäude;ab Fels;gut;Betondeckel;Brunnenstube;Gemeinde;J. Tschudi, Werkführer Schwanden;Wasser nur z.T. gefasst, Fassung eingezäunt;;H37;I1;I2;;;;nein;M. Simmler;27.07.1998;172;05.08.1998;;WAHR;FALSCH;FALSCH;FALSCH
734;Quelle Dreggweg;Dreggweg;Schwanden;8762;725555;203780;;;1020;0;72520303;aus Plan gelesen;Trinkwasser;Ferienhäuser;Sicker-/Zuleitung;gut;Betondeckel;Brunnenstube;Gemeinde;J. Tschudi, Werkführer Schwanden;;;M3;M4;;;keine vorh.;1;nein;M. Simmler;27.07.1998;167;09.10.1998;;WAHR;FALSCH;FALSCH;FALSCH
735;Cholboden;Chletterschwändi;Schwanden;8762;725410;203640;;;1110;0;72520304;aus Plan gelesen;Trinkwasser;Ferienhäuser;Sicker-/Zuleitung;gut;Eternit;Brunnenstube;Gemeinde;J. Tschudi, Werkführer Schwanden;;;L34;L35;;;keine vorh.;1;nein;M. Simmler;27.07.1998;166;09.10.1998;;WAHR;FALSCH;FALSCH;FALSCH
736;Cholboden;Dreggwegrus;Schwanden;8762;725385;203700;;;1090;;72520301;aus Plan gelesen;im Moment ungenutzt;;Sicker-/Zuleitung;;;;Gemeinde;J. Tschudi, Werkführer Schwanden;Quelle soll für Talstation Lufteilbahn und Alpgebäude Chies gefasst werden (1998);;L36;;;;keine vorh.;1;;M. Simmler;27.07.1998;165;09.10.1998;;WAHR;FALSCH;FALSCH;FALSCH
737;Elmen;Schattenplangge;Schwanden;8762;725055;203675;;Gde. Schwanden;1215;0;72520302;aus Plan gelesen;Trinkwasser;Alpgebäude/Ferienhaus;Sicker-/Zuleitung;schlecht;Betondeckel;Brunnenstube;Gemeinde;J. Tschudi, Werkführer Schwanden;;;L37;M1;M2;;keine vorh.;1;nein;M. Simmler;27.07.1998;164;09.10.1998;;WAHR;FALSCH;FALSCH;FALSCH
738;Quelle Rest. Fryberg;Birchen;Schwanden;8762;725375;204050;;H. Polli, Schwanden;1050;0;72520402;aus Plan gelesen;Trinkwasser;Bergwirtschaft;Sicker-/Zuleitung;gut;Betondeckel;Brunnenstube;Gemeinde;J. Tschudi, Werkführer Schwanden;;;M4;M5;;;erforderlich;1;nein;M. Simmler;27.07.1998;163;09.10.1998;;WAHR;FALSCH;FALSCH;FALSCH
739;Guppen Mittelstafel;Hüttenrain;Schwanden;8762;721925;207230;;Gde. Schwanden;1300;10;72120703;aus Plan gelesen;Trinkwasser;Alpgebäude;Sicker-/Zuleitung;gut;Eisendeckel;Brunnenstube;Gemeinde;J. Tschudi, Werkführer Schwanden;;;L28;L29;;;keine vorh.;1;ja;M. Simmler;27.07.1998;157;09.10.1998;;WAHR;FALSCH;FALSCH;FALSCH
740;Guppen-Oberstafel;Heuberge;Schwanden;8762;720698;206380;;Gde. Schwanden;1785;0;72020601;aus Plan gelesen;Trinkwasser;Alpgebäude;Bachwasserfassung;gut;Holz;Brunnenstube;Gemeinde;J. Tschudi, Werkführer Schwanden;;;L25;L26;L27;;keine vorh.;1;nein;M. Simmler;27.07.1998;158;09.10.1998;;WAHR;FALSCH;FALSCH;FALSCH
741;Chatzenrittwald;zwischen den Strassen;Schwanden;8762;;;;;720;;;aus Plan gelesen;im Moment ungenutzt;;;;;;Gemeinde;J. Tschudi, Werkführer Schwanden;ungenutzt, nicht aufgenommen;;;;;;;;;;27.07.1998;160;;04.08.1998;FALSCH;FALSCH;FALSCH;FALSCH
742;Alter Niederenweg;Chatzenrittquelle;Schwanden;8762;725350;205720;;Gde. Schwanden;670;;72520501;aus Plan gelesen;Trinkwasser;Wegbrunnen;Sicker-/Zuleitung;sanierungsbedürftig;keine vorh.;kein Schacht;Gemeinde;J. Tschudi, Werkführer Schwanden;;;H20;H21;;;keine vorh.;1;nein;M. Simmler;27.07.1998;161;04.08.1998;;WAHR;FALSCH;FALSCH;FALSCH
743;Schwändibordquelle Stäfnerhaus 39;Schwändibort;Haslen;8773;;;;Turnverein Stäfa;880;0;;aus Plan gelesen;Trinkwasser;WV Einzelliegenschaft;Sicker-/Zuleitung;schlecht;Eisendeckel;Brunnenstube;Gemeinde;J. Tschudi, WV Gde. Schwanden;;;L32;L33;;;keine vorh.;1;;M.Simmler;27.07.1998;;09.10.1998;;FALSCH;FALSCH;FALSCH;FALSCH
749;Quelle Loch 3;Loch;Matt;8766;730455;201545;;Gde. Matt;1320;;73020102;aus Plan gelesen;Trinkwasser;WV Gemeinde;Sicker-/Zuleitung;gut;Eisentor;Brunnenstube;Feldaufnahmen;Christoph Marti, Werkführer Matt;;;10;11;;;definitiv;3;ja;Brunner;18.10.1999;;18.10.1999;;WAHR;FALSCH;FALSCH;FALSCH
787;Schlatt;Schlatt;Nidfurn;8772;722415;205770;;Streiff;950;0;72220514;aus Plan gelesen;Trinkwasser;Ferienhäuser;Sicker-/Zuleitung;gut;Eisendeckel;Brunnenstube/Reservoir;Feldaufnahmen;Streiff, Richterswil;;;30;31;;;keine vorh.;1;nein;R. Brunner;20.07.1998;24;20.07.1998;;WAHR;FALSCH;FALSCH;FALSCH
788;Quelle Burst;Burst;Diesbach;8777;723340;200895;;Dürst/Bösiger;1705;0;72320001;aus Plan gelesen;Trinkwasser;Ferienhäuser;Sicker-/Zuleitung;gut;Plastiktank 40 cm;Brunnenstube/Reservoir;Feldaufnahmen;;;;1;;;;keine vorh.;1;nein;R. Brunner;22.07.1998;7;22.07.1998;;WAHR;FALSCH;FALSCH;FALSCH
789;Frantzenhorn;Frantzenhorn;Diesbach;8777;724205;200340;;Dürst/Walter;1815;0;72420002;aus Plan gelesen;Trinkwasser;Alp, (Restaurant??);ab Fels;sanierungsbedürftig;Steinplatten;Brunnenstube;Feldaufnahmen;;Gemäss Angaben LMI nicht für Wirtschaft sondern für Alp;;2;3;;;keine vorh.;;nein;R. Brunner;22.07.1998;8;22.07.1998;;WAHR;FALSCH;FALSCH;FALSCH
790;Skihütte Kärpf;Ängi;Diesbach;8777;724685;199460;;Skiclub Kärpf/Hanselmann;1865;10;72419901;aus Plan gelesen;Trinkwasser;Ferienhäuser;Sicker-/Zuleitung;gut;Pilzdeckel;Brunnenstube;Feldaufnahmen;;;;4;5;;;keine vorh.;1;ja;R. Brunner;22.07.1998;9;22.07.1998;;WAHR;FALSCH;FALSCH;FALSCH
791;Alphütte Ängi;Ängi;Diesbach;8777;724670;199430;;Gde. Diesbach;1867;0;72419902;aus Plan gelesen;Trinkwasser;Alpgebäude;Sicker-/Zuleitung;gut;Eisendeckel;Brunnenstube;Feldaufnahmen;Paul Hunold, Werkführer Diesbach;"läuft über Widder; zusätzlich Bachwasserfassung 724/199-103";;6;7;8;;keine vorh.;1;nein;R. Brunner;22.07.1998;10;22.07.1998;;WAHR;FALSCH;FALSCH;FALSCH
792;Alphütte Ängi;Ängi;Diesbach;8777;724400;199220;;Gde. Diesbach;1950;0;72419903;aus Plan gelesen;Trinkwasser;Alpgebäude;Bachwasserfassung;gut;Pilzdeckel;Brunnenstube;Feldaufnahmen;Paul Hunold, Werkführer Diesbach;;;;;;;keine vorh.;;ja;R. Brunner;22.07.1998;11;22.07.1998;;WAHR;FALSCH;FALSCH;FALSCH
793;Diestalstafel;Haggenwald;Diesbach;8777;723680;200425;;Gde. Diesbach;1665;0;72320002;aus Plan gelesen;Trinkwasser;Alpgebäude;ab Fels;gut;Betondeckel;Brunnenstube;Feldaufnahmen;Paul Hunold, Werkführer Diesbach;;;9;10;11;;keine vorh.;1;nein;R. Brunner;22.07.1998;12;22.07.1998;;WAHR;FALSCH;FALSCH;FALSCH
794;Quelle Kyburz;Schwändibach;Diesbach;8777;720640;201020;;Fredy Kyburz;630;0;72020101;aus Plan gelesen;Brauchwasser;Stallbrunnen;ab Fels;gut;keine vorh.;Brunnenstube;Feldaufnahmen;Fredi Kyburz Diesbach;wird zur Zeit neu gefasst;;1;2;;;keine vorh.;;nein;R. Brunner;26.08.1998;13;26.08.1998;;WAHR;FALSCH;FALSCH;FALSCH
795;Quelle Schuchter;Schwändenau;Diesbach;8777;720800;201380;;;635;;72020102;aus Plan gelesen;Trinkwasser;Ferienhäuser;unbekannt;gut;Türe;Brunnenstube;Feldaufnahmen;;;;3;;;;keine vorh.;;ja;R. Brunner;26.08.1998;14;26.08.1998;;WAHR;FALSCH;FALSCH;FALSCH
796;Quelle Ferienhaus Krummenacher;Untere Schwändi;Diesbach;8777;720820;201695;;;670;0;72020103;aus Plan gelesen;Trinkwasser;Ferienhäuser;ab Fels;gut;keine vorh.;Brunnenstube;Feldaufnahmen;;"zusätzlich Bachwasserfassung im Dunggelrüsli,
Fassung im Gebäude";;;;;;keine vorh.;;nein;R. Brunner;26.08.1998;15;26.08.1998;;WAHR;FALSCH;FALSCH;FALSCH
797;Quelle Streiff;Untere Schwändi;Diesbach;8777;720640;201685;;Jakob Streiff;650;0;72020104;aus Plan gelesen;Brauchwasser;Stallbrunnen;Sicker-/Zuleitung, ab Fels;gut;Betondeckel;Brunnenstube;Feldaufnahmen;J. Streiff, Diesbach;;;4;5;;;keine vorh.;4;nein;R. Brunner;26.08.1998;16;26.08.1998;;WAHR;FALSCH;FALSCH;FALSCH
798;Rütenen;Reschtli;Leuggelbach;8772;721270;204350;;Figi-Hefti;1100;0;72120402;aus Plan gelesen;Trinkwasser;WV Einzelliegenschaft;ab Fels;sanierungsbedürftig;Steinplatten;Brunnenstube;Feldaufnahmen;;;;19;20;;;keine vorh.;;nein;R. Brunner;20.07.1998;3;20.07.1998;;WAHR;FALSCH;FALSCH;FALSCH
799;Sand;Sand;Haslen;8773;723530;204945;;Dan. Jenny + Cie.;542;;72320408;aus Plan gelesen;Trinkwasser;Brunnen;Sicker-/Zuleitung;gut;Türe;Brunnenstube;Feldaufnahmen;P. Muhl, Werkführer Gde.Haslen;;;34;35;;;keine vorh.;1;nein;R. Brunner;21.07.1998;52;21.07.1998;;WAHR;FALSCH;FALSCH;FALSCH
800;Büel Quelle 1;Büel;Haslen;8773;723600;205010;;HJ Jenny, Sool;550;0;72320506;aus Plan gelesen;Trinkwasser;Brunnen;Sicker-/Zuleitung;gut;Betondeckel;Brunnenstube;Feldaufnahmen;P. Muhl, Werkführer Gde.Haslen;1997 saniert;;36;2;;;keine vorh.;1;nein;R. Brunner;21.07.1998;53;21.07.1998;;WAHR;FALSCH;FALSCH;FALSCH
801;Büel Quelle 2;Büel;Haslen;8773;723605;205010;;Jenny, Sool;550;0;72320507;aus Plan gelesen;Brauchwasser;Stallbrunnen;Sicker-/Zuleitung, Austritt;sanierungsbedürftig;Betondeckel;Brunnenstube;Feldaufnahmen;P. Muhl, Werkfü^hrer Gde.Haslen;1997 saniert;;1;2;;;keine vorh.;1;nein;R. Brunner;21.07.1998;54;21.07.1998;;WAHR;FALSCH;FALSCH;FALSCH
802;Quelle Skihaus 2;Lindenboden;Haslen;8773;723265;203375;336;TV Dietlikon;930;0;72320311;aus Plan gelesen;Trinkwasser;WV Einzelliegenschaft;Sicker-/Zuleitung;gut;Betondeckel+Blechdeckel;Brunnenstube;Feldaufnahmen;P. Muhl, Werkführer Gde.Haslen;;;14;16;;;keine vorh.;1;nein;R. Brunner;21.07.1998;55;21.07.1998;;WAHR;FALSCH;FALSCH;FALSCH
803;Hausquelle Pfäffeli;Pfäffeli;Haslen;8773;722990;203255;339;;880;0;72220302;aus Plan gelesen;Trinkwasser;Ferienhäuser;;gut;Plastik;Brunnenstube;Feldaufnahmen;;verschlossen;;18;;;;keine vorh.;;ja;R. Brunner;21.07.1998;56;21.07.1998;;WAHR;FALSCH;FALSCH;FALSCH
804;Alp Auen Ober Stafel Quelle 1;Alp Auen;Haslen;8773;724645;203205;310;Gde. Haslen;1425;0;72420305;aus Plan gelesen;Trinkwasser;Alpgebäude;Sicker-/Zuleitung;gut;Betondeckel;Brunnenstube;Feldaufnahmen;P. Muhl, Werkführer Gde.Haslen;;;31;32;;;keine vorh.;1;nein;R. Brunner;21.07.1998;57;21.07.1998;;WAHR;FALSCH;FALSCH;FALSCH
805;Alp Auen Ober Stafel Quelle 2;Alp Auen;Haslen;8773;724640;203230;310;Gde. Haslen;1418;0;72420306;aus Plan gelesen;Trinkwasser;Alpgebäude;Sicker-/Zuleitung;gut;Betondeckel;Brunnenstube;Feldaufnahmen;P. Muhl, Werkführer Gde.Haslen;;;33;34;;;keine vorh.;1;nein;R. Brunner;21.07.1998;58;21.07.1998;;WAHR;FALSCH;FALSCH;FALSCH
806;Alp Auen Ober Stafel Quelle 3;Alp Auen;Haslen;8773;724670;203305;310;Gde. Haslen;1410;0;72420307;aus Plan gelesen;Trinkwasser;Alpgebäude;Sicker-/Zuleitung;gut;Betondeckel;Brunnenstube;Feldaufnahmen;P. Muhl, Werkführer Gde.Haslen;;;35;36;;;keine vorh.;1;nein;R. Brunner;21.07.1998;59;21.07.1998;;WAHR;FALSCH;FALSCH;FALSCH
807;Alp Ennetseewen Aueren;Ennetseewen;Haslen;8773;724780;201955;;Gde. Haslen;1425;0;72420101;aus Plan gelesen;Trinkwasser;Alpgebäude;Sicker-/Zuleitung;gut;Eisendeckel mit 4 Kant;Brunnenstube;Feldaufnahmen;P. Muhl, Werkführer Gde.Haslen;;;1;2;;;keine vorh.;1;nein;R. Brunner;21.07.1998;60;21.07.1998;;WAHR;FALSCH;FALSCH;FALSCH
808;Auenalp Unter Stafel;Auenalp;Haslen;8773;724270;203850;;Gde. Haslen;1150;0;72420308;aus Plan gelesen;Brauchwasser;Stallbrunnen;Sicker-/Zuleitung;gut;Betondeckel;Brunnenstube;Feldaufnahmen;P. Muhl, Werkführer Gde.Haslen;;;3;4;;;keine vorh.;1;nein;R. Brunner;21.07.1998;61;21.07.1998;;WAHR;FALSCH;FALSCH;FALSCH
809;Quelle Hütte Matzlen;Matzlen;Haslen;8773;725825;200625;259;Gde. Haslen;1860;;72520001;aus Plan gelesen;Trinkwasser;Alpgebäude + Ferienhaus;ab Fels;schlecht;Steinplatten;Brunnenstube;Feldaufnahmen;P. Muhl, Werkführer Gde.Haslen;;;8;9;;;keine vorh.;;nein;R. Brunner;28.08.1998;62;28.08.1998;;WAHR;FALSCH;FALSCH;FALSCH
810;Quelle Chamm;Chamm;Haslen;8773;725430;199510;;Gde. Haslen;1960;0;72519901;aus Plan gelesen;Trinkwasser;Alpgebäude;Sicker-/Zuleitung;gut;Holzdeckel;Brunnenstube;Feldaufnahmen;P. Muhl, Werkführer Gde.Haslen;;;10;11;;;keine vorh.;1;nein;R. Brunner;28.08.1998;63;28.08.1998;;WAHR;FALSCH;FALSCH;FALSCH
811;Quelle Ratzmatt;Ratzmatt;Haslen;8773;725300;199870;;Gde. Haslen;1745;0;72519902;aus Plan gelesen;Trinkwasser;Alpgebäude;ab Fels;gut;Eisendeckel mit 4 Kant;Brunnenstube;Feldaufnahmen;P. Muhl, Werkführer Gde.Haslen;;;12;13;;;keine vorh.;;nein;R. Brunner;28.08.1998;64;28.08.1998;;WAHR;FALSCH;FALSCH;FALSCH
812;Quelle Rietmatt;Rietmatt;Haslen;8773;724250;200480;259;Gde. Haslen;1810;0;72420001;aus Plan gelesen;Trinkwasser;Alpgebäude;Sicker-/Zuleitung;gut;Eisendeckel;Brunnenstube;Feldaufnahmen;P. Muhl, Werkführer Gde.Haslen;;;14;15;;;keine vorh.;1;nein;R. Brunner;28.08.1998;65;28.08.1998;;WAHR;FALSCH;FALSCH;FALSCH
813;Quelle Etzel Hüsli;Rietmatt;Haslen;8773;723975;201110;259;Erben Max Figi;1735;0;72320101;aus Plan gelesen;Trinkwasser;Ferienhäuser;Sicker-/Zuleitung;gut;Eisendeckel mit 4 Kant;Brunnenstube;Feldaufnahmen;;;;16;17;;;keine vorh.;1;nein;R. Brunner;28.08.1998;66;28.08.1998;;WAHR;FALSCH;FALSCH;FALSCH
825;Forsthütte Waldboden;Bergwald;Rüti;8782;720790;198275;;Gde. Rüti;1350;0;72019803;aus Plan gelesen;Trinkwasser;Forsthütte;ab Fels;schlecht;Blechkiste;Brunnenstube;Feldaufnahmen;E. Streiff, Werkführer Rüti;;;12;13;;;keine vorh.;;nein;R. Brunner;23.07.1998;16;23.07.1998;;WAHR;FALSCH;FALSCH;FALSCH
826;Saasberg;Saasberg;Rüti;8782;721865;198360;;Gde. Rüti;1965;0;72119802;aus Plan gelesen;Trinkwasser;Alpgebäude;ab Fels;gut;Eisendeckel;Brunnenstube/Reservoir;Feldaufnahmen;E. Streiff, Werkführer Rüti;Alp Bodmen Oberstafel, versiegt z.T. bei Trockenheit;;16;17;;;keine vorh.;;nein;R. Brunner;23.07.1998;17;23.07.1998;;WAHR;FALSCH;FALSCH;FALSCH
827;Quelle im Grüt;Bergguet;Rüti;8782;719335;199180;;T. Wey;670;0;71919902;aus Plan gelesen;Trinkwasser;Ferienhäuser;Sicker-/Zuleitung;gut;Holz;Brunnenstube;Feldaufnahmen;Thomas Wey;;;18;19;;;keine vorh.;1;nein;R. Brunner;23.07.1998;18;23.07.1998;;WAHR;FALSCH;FALSCH;FALSCH
828;Quelle Längsstafel;Längen;Linthal;8783;721970;196060;;Gde. Rüti;1315;0;72119601;aus Plan gelesen;Trinkwasser;Alpgebäude;Sicker-/Zuleitung;gut;Eisendeckel;Brunnenstube;Feldaufnahmen;Hansheiri Stüssi, Werkführer Linthal;via Widder;;24;25;;;keine vorh.;1;nein;R. Brunner;26.08.1998;19;26.08.1998;;WAHR;FALSCH;FALSCH;FALSCH
829;Quelle Berg;Berg;Linthal;8783;721405;196940;;Gde. Rüti;1231;0;72119602;aus Plan gelesen;Trinkwasser;Alpgebäude;Sicker-/Zuleitung;gut;Betondeckel;Brunnenstube;Feldaufnahmen;Eugen Streiff, Werkführer Rüti;"+ Fereinhaus; via Widder; Neufassung 1997";;26;27;;;keine vorh.;1;nein;R. Brunner;26.08.1998;20;26.08.1998;;WAHR;FALSCH;FALSCH;FALSCH
830;Quelle Fuchs, Zweifel, Müller;Restiwald;Linthal;8783;720405;197845;;Fuchs, Zweifel, Müller;1040;0;72019701;aus Plan gelesen;Trinkwasser;Alpgebäude;ab Fels;gut;Eisendeckel;Brunnenstube;Feldaufnahmen;Hansheiri Stüssi, Werkführer Linthal;;;30;;;;keine vorh.;1;nein;R. Brunner;26.08.1998;21;26.08.1998;;WAHR;FALSCH;FALSCH;FALSCH
831;Quelle Stadlin 1;Hutschen;Rüti;8782;720050;198110;;Stadlin;920;0;72019804;aus Plan gelesen;Trinkwasser;Ferienhäuser;Sicker-/Zuleitung;gut;Betondeckel;Brunnenstube;Feldaufnahmen;;;;31;;;;keine vorh.;1;nein;R. Brunner;26.08.1998;22;26.08.1998;;WAHR;FALSCH;FALSCH;FALSCH
832;Quelle Stadlin 2;Hutschen;Rüti;8782;720040;198110;;Stadlin;918;0;72019805;aus Plan gelesen;Trinkwasser;Ferienhäuser;Sicker-/Zuleitung;gut;Betondeckel;Brunnenstube/Reservoir;Feldaufnahmen;;;;32;;;;keine vorh.;1;nein;R. Brunner;26.08.1998;23;26.08.1998;;WAHR;FALSCH;FALSCH;FALSCH
833;Quelle Weiss;Hutschen;Rüti;8782;720025;198045;;Weiss;910;10;72019806;aus Plan gelesen;Trinkwasser;Ferienhäuser;Sicker-/Zuleitung;gut;Betondeckel;Brunnenstube;Feldaufnahmen;;;;33;;;;keine vorh.;1;nein;R. Brunner;26.08.1998;24;26.08.1998;;WAHR;FALSCH;FALSCH;FALSCH
834;Quelle Obersand;Untere Röti;Linthal;8783;713570;188030;;Gde. Betschwanden;2020;;71318801;aus Plan gelesen;Trinkwasser;Alpgebäude;Bachwasserfassung;;;;Feldaufnahmen;Thomas Zweifel, Werkführer Betschwanden;keine Begehung, da Bachwasserfassung;;;;;;keine vorh.;;;R. Brunner;03.09.1998;62;03.09.1998;;WAHR;FALSCH;FALSCH;FALSCH
835;Quelle Vorderer Sand;Trosalpeli;Linthal;8783;716350;189000;;Gde. Betschwanden;1600;;71618901;aus Plan gelesen;Trinkwasser;Alpgebäude;Bachwasserfassung;;;;Feldaufnahmen;D. Topfi, Werkführer Betschwanden;Leitung von Felssturz begraben, Neufassung 1999 --> keine Begehung;;;;;;keine vorh.;;;R. Brunner;03.09.1998;1563;03.09.1998;;WAHR;FALSCH;FALSCH;FALSCH
850;Quelle Unter Gramis;Unter Gramis;Hätzingen;8776;722615;203240;;Christian Buchli;650;;72220304;aus Plan gelesen;Trinkwasser;WV Einzelliegenschaft;ab Fels;gut;Blech-Deckel;Brunnenstube;Feldaufnahmen;Beat Aebli, Werkführer Gde.Hätzingen;;;21;22;;;keine vorh.;2;nein;R. Brunner;28.09.1998;19;28.09.1998;;WAHR;FALSCH;FALSCH;FALSCH
851;Quelle Gugger;Gugger;Hätzingen;8776;722035;201985;;Mathias Schiesser;810;0;72220101;aus Plan gelesen;Brauchwasser;Stallbrunnen;ab Fels;sanierungsbedürftig;Holz;Brunnenstube;Feldaufnahmen;M. Schiesser-Gindel, Diesbach;2 Ställe;;9;10;;;keine vorh.;;nein;R. Brunner;28.09.1998;;28.09.1998;;WAHR;FALSCH;FALSCH;FALSCH
852;Quelle Buholz 2;Buholz;Hätzingen;8776;722120;202355;;Gde. Hätzingen;710;0;72220210;aus Plan gelesen;Trinkwasser;WV Gemeinde;Sicker-/Zuleitung;gut;Eisendeckel mit 4 Kant;Brunnenstube/Sammelschacht;Feldaufnahmen;Beat Aebli, Werkführer Gde.Hätzingen;1998 renoviert;;15;16;;;erforderlich;1;nein;R. Brunner;28.09.1998;21;28.09.1998;;WAHR;FALSCH;FALSCH;FALSCH
853;Quelle Erlengeren;Erlengeren;Rüti;8782;720820;199700;;;;;72019903;;Trinkwasser;Ferienhäuser;Bachwasserfassung;;;;Feldaufnahmen;;im Reservoir gemessen, Schacht nicht gefunden;;;;;;keine vorh.;;;R. Brunner;01.10.1998;26;01.10.1998;;WAHR;FALSCH;FALSCH;FALSCH
854;Quelle Hinterguet;Hinterguet;Rüti;8782;720510;199170;;Mathias Schuler;760;0;72019902;aus Plan gelesen;Brauchwasser;Stallbrunnen;ab Fels;sanierungsbedürftig;Steinplatten;Brunnenstube;Feldaufnahmen;;;;17;18;;;keine vorh.;1;nein;R. Brunner;01.10.1998;25;01.10.1998;;WAHR;FALSCH;FALSCH;FALSCH
855;Quelle altes Rossweidhaus;Rossweid;Oberurnen;8868;719500;218020;;Fischli-Galatti, Fischberg;1255;0;71921802;aus Plan gelesen;Trinkwasser;WV Einzelliegenschaft;Sicker-/Zuleitung;sanierungsbedürftig;Blech-Deckel;Brunnenstube;Feldaufnahmen;Fischli- Galatti, Fischberg Oberurnen;Brunnen, kein Hausanschluss;;34;35;36;;keine vorh.;1;nein;R. Brunner;01.10.1998;62;01.10.1998;;WAHR;FALSCH;FALSCH;FALSCH
856;Quelle Rossweid;Rossweid;Oberurnen;8868;719475;217825;;Hillary Müller, Brunnenberg;1300;0;71921711;aus Plan gelesen;Trinkwasser;WV Einzelliegenschaft;Wasseraustritt;sanierungsbedürftig;Holz;Brunnenstube;Feldaufnahmen;Hillary Müller, Brunnenberg Oberurnen;Brunnen, kein Hausanschluss;;31;32;;;keine vorh.;0;nein;R. Brunner;01.10.1998;63;01.10.1998;;WAHR;FALSCH;FALSCH;FALSCH
857;Quelle Stein;Stein;Oberurnen;8868;719515;218670;;Volkart, Stein;1280;0;71921803;aus Plan gelesen;Trinkwasser;WV Weiler/Quartier;ab Fels;gut;Betondeckel;Brunnenstube;Feldaufnahmen;Volkart, Stein Oberurnen;zusätzlich eine Quelle direkt ins Reservoir, nicht messbar;;29;30;;;keine vorh.;1;nein;R. Brunner;01.10.1998;61;01.10.1998;;WAHR;FALSCH;FALSCH;FALSCH
858;Alp Wärben;Wärben;Glarus;8750;714980;206110;;Aebli, Säumergut, Schänis;1405;;71420603;aus Plan gelesen;Trinkwasser;Alpgebäude;Bachwasserfassung;schlecht;Betondeckel;Brunnenstube;Feldaufnahmen;Kaspar Figi, Werkführer Glarus;;;26;;;;keine vorh.;;nein;R. Brunner;01.10.1998;42;01.10.1998;;WAHR;FALSCH;FALSCH;FALSCH
859;Quelle Alp Zeinen 1;Zeinen;Glarus;8750;714900;205200;;Aebli, Säumergut, Schänis;1610;0;71420502;aus Plan gelesen;Trinkwasser;Alpgebäude, Jägerhütte;ab Fels;schlecht;keine vorh.;Brunnenstube;Feldaufnahmen;Kaspar Figi, Werkführer Glarus;;;22;23;;;keine vorh.;;nein;R. Brunner;01.10.1998;43;01.10.1998;;WAHR;FALSCH;FALSCH;FALSCH
860;Quelle Alp Zeinen 2;Zeinen;Glarus;8750;714850;205200;;Aebli, Säumergut, Schänis;1600;;71420503;aus Plan gelesen;Trinkwasser;Alpgebäude, Jägerhütte;ab Fels;sanierungsbedürftig;keine vorh.;Brunnenstube;Feldaufnahmen;Kaspar Figi, Werkführer Glarus;;;19;20;21;;keine vorh.;;nein;R. Brunner;01.10.1998;44;01.10.1998;;WAHR;FALSCH;FALSCH;FALSCH
861;Kneugrat-Quelle 1;Kneugrat;Diesbach;8777;719615;202185;;Gde. Braunwald;1550;;71920202;aus Plan gelesen;Trinkwasser;WV Gemeinde Braunwald;Sicker-/Zuleitung;gut;Türe mit 4 Kant;Brunnenstube;Feldaufnahmen;Balz Dürst, Werkführer Braunwald;Zulauf von Felsen-Quelle;;16;17;;;definitiv;1;ja;R. Brunner;02.09.1998;46;02.09.1998;;WAHR;FALSCH;FALSCH;FALSCH
862;Quelle Obere Platten 2;Obere Platten;Braunwald;8784;717995;201650;;Gde. Braunwald;1795;0;71720106;aus Plan gelesen;Trinkwasser;WV Gemeinde;Sicker-/Zuleitung;gut;Eisendeckel mit 4 Kant;Brunnenstube/Sammelschacht;Feldaufnahmen;Balz Dürst, Werkführer Braunwald;;;29;30;;;definitiv;1;nein;R. Brunner;02.09.1998;49;02.09.1998;;WAHR;FALSCH;FALSCH;FALSCH
863;Quelle Obere Platten 3;Obere Platten;Braunwald;8784;717955;201665;;Gde. Braunwald;1790;0;71720107;aus Plan gelesen;Trinkwasser;WV Gemeinde;Sicker-/Zuleitung;gut;Eisendeckel mit 4 Kant;Brunnenstube;Feldaufnahmen;Balz Dürst, Werkführer Braunwald;;;31;32;;;definitiv;2;nein;R. Brunner;02.09.1998;50;02.09.1998;;WAHR;FALSCH;FALSCH;FALSCH
864;Quelle Ortsstockhaus;Ober Stafel;Braunwald;8784;717440;201465;;Braunwaldbahn;1785;0;71720103;aus Plan gelesen;Trinkwasser;Restaurant;Sicker-/Zuleitung;gut;Eisendeckel mit 4 Kant;Brunnenstube;Feldaufnahmen;Balz Dürst, Werkführer Braunwald;;;1;2;;;provisorich;1;nein;R. Brunner;02.09.1998;51;02.09.1998;;WAHR;FALSCH;FALSCH;FALSCH
865;Quelle Braunwaldbahn;Ober Stafel;Braunwald;8784;717530;201420;;Braunwaldbahn;1770;0;71720104;aus Plan gelesen;Trinkwasser;Restaurant, Alpgebäude;Sicker-/Zuleitung;gut;Eisendeckel mit 4 Kant;Brunnenstube;Feldaufnahmen;Balz Dürst, Werkführer Braunwald;;;3;4;;;provisorich;1;nein;R. Brunner;02.09.1998;52;02.09.1998;;WAHR;FALSCH;FALSCH;FALSCH
866;Quelle Kneugrat Felsen;Kneugrat;Diesbach;8777;719610;202190;;Gde. Braunwald;1550;;71920203;aus Plan gelesen;Trinkwasser;Alpgebäude;ab Fels;gut;Türe;Brunnenstube;Feldaufnahmen;Balz Dürst, Werkführer Braunwald;;;18;19;;;definitiv;;ja;R. Brunner;02.09.1998;48;02.09.1998;;WAHR;FALSCH;FALSCH;FALSCH
867;Quelle Jägerhütte Bräch;Bräch ober Stafel;Braunwald;8784;716475;200170;;Balz Streiff;1610;0;71620001;aus Plan gelesen;Trinkwasser;Jägerhütte;ab Fels;sanierungsbedürftig;Holz;Brunnenstube;Feldaufnahmen;Balz Dürst, Werkführer Braunwald;;;5;6;;;keine vorh.;0;nein;R. Brunner;02.09.1998;53;02.09.1998;;WAHR;FALSCH;FALSCH;FALSCH
868;Quelle Schuler Brach ober Stafel;Ober Stafel;Braunwald;8784;716360;200160;;Balz Schuler;1620;;71620002;aus Plan gelesen;Trinkwasser;Alpgebäude;Bachwasserfassung;;;;Feldaufnahmen;Balz Dürst, Werkführer Braunwald;;;7;;;;keine vorh.;;;R. Brunner;02.09.1998;54;02.09.1998;;WAHR;FALSCH;FALSCH;FALSCH
869;Quelle Orenplatte;Orenplatte;Diesbach;8777;719910;201815;;diverse;1410;0;71920101;aus Plan gelesen;Trinkwasser;Ferienhäuser, Jägerhütte;unbekannt;sanierungsbedürftig;Holz;Brunnenstube/Reservoir;Feldaufnahmen;;;;20;;;;keine vorh.;;nein;R. Brunner;02.09.1998;56;02.09.1998;;WAHR;FALSCH;FALSCH;FALSCH
870;Quelle Sitli;Sitli;Braunwald;8784;719175;200875;;Gde. Braunwald;1425;0;71920004;aus Plan gelesen;Trinkwasser;WV Gemeinde;Sicker-/Zuleitung;gut;Eisendeckel mit 4 Kant;Brunnenstube;Feldaufnahmen;Balz Dürst, Werkführer Braunwald;;;25;26;;;erforderlich;1;nein;R. Brunner;02.09.1998;57;02.09.1998;;WAHR;FALSCH;FALSCH;FALSCH
871;Quelle Höhenklinik;Niederschlacht;Braunwald;8784;718685;199850;;Höhenklinik;1255;0;71819903;aus Plan gelesen;Trinkwasser;WV Einzelliegenschaft;Sicker-/Zuleitung;schlecht;Eisendeckel;Brunnenstube;Feldaufnahmen;Balz Dürst, Werkführer Braunwald;Katadyn-Filter;;14;15;16;;erforderlich;1;nein;R. Brunner;30.09.1998;59;30.09.1998;;WAHR;FALSCH;FALSCH;FALSCH
872;Quelle Egglibrünnen 2;Egglibrünnen;Braunwald;8784;717580;199495;;J. Streiff, Tschudiberg;1220;0;71719903;aus Plan gelesen;Trinkwasser;Ferienhäuser, Ställe;ab Fels;sanierungsbedürftig;Holz;Brunnenstube;Feldaufnahmen;Balz Dürst, Werkführer Braunwald;;;3;4;;;keine vorh.;1;nein;R. Brunner;30.09.1998;60;30.09.1998;;WAHR;FALSCH;FALSCH;FALSCH
873;Quelle Eggliwald;Eggliwald;Braunwald;8784;717515;199560;;J. Streiff, Tschudiberg;1230;;71719904;aus Plan gelesen;Trinkwasser;Alpgebäude;ab Fels;sanierungsbedürftig;Holz;Brunnenstube;Feldaufnahmen;Balz Dürst, Werkführer Braunwald;Besitzer Alphütte Balz Schuler;;5;6;;;keine vorh.;;nein;R. Brunner;30.09.1998;61;30.09.1998;;WAHR;FALSCH;FALSCH;FALSCH
874;Quelle Schiesser Alp Bräch Unter Stafel;Alp Bräch unter Stafel;Braunwald;8784;717515;199645;;Heiri Schiesser, Leglerberg;1245;;71719906;aus Plan gelesen;Trinkwasser;Alpgebäude;ab Fels;schlecht;keine vorh.;kein Schacht;Feldaufnahmen;Heiri Schiesser, Leglerberg Braunwald;Fassung in Alphütte;;7;8;;;keine vorh.;1;nein;R. Brunner;30.09.1998;62;30.09.1998;;WAHR;FALSCH;FALSCH;FALSCH
875;Kneugrat-Quelle 2;Kneugrat;Diesbach;8777;719525;202120;;Gde. Braunwald;1570;;71920204;aus Plan gelesen;Trinkwasser;Alpgebäude;Sicker-/Zuleitung;gut;Türe;Brunnenstube;Archiv AFU Glarus;Balz Dürst, Werkführer Braunwald, G. Tresch Gemeinderat;3 Quellen;;14;15;;;definitiv;2;ja;R. Brunner;16.04.1998;47;02.09.1998;;WAHR;FALSCH;FALSCH;FALSCH
876;Quelle Oberbelgisee Ober Stafel;;Luchsingen;8775;720450;204980;;Blumer Stiftung, Schwaden;1535;0;72020402;aus Plan gelesen;Trinkwasser;Alpgebäude;Sicker-/Zuleitung;gut;Eisendeckel mit 4 Kant;Brunnenstube;Feldaufnahmen;Fritz Dönni, Werkführer Gde. Luchsingen;wird wegen schlechter Qualität ev. neu gefasst;;14;15;;;keine vorh.;1;nein;R. Brunner;27.08.1998;26;27.08.1998;;WAHR;FALSCH;FALSCH;FALSCH
877;Quelle Oberblegisee Unter Stafel 2;Rietlen;Luchsingen;8775;720430;204120;;Blumer Stiftung, Schwanden;1340;0;72020404;aus Plan gelesen;Trinkwasser;Alpgebäude;ab Fels;gut;Eisendeckel mit 4 Kant;Brunnenstube;Feldaufnahmen;Fritz Dönni, Werkführer Gde. Luchsingen;;;18;19;;;keine vorh.;1;nein;R. Brunner;27.08.1998;28;27.08.1998;;WAHR;FALSCH;FALSCH;FALSCH
878;Quelle Bösbächi Unter Stafel;Bösbächi Unter Stafel;Luchsingen;8775;720050;203480;;Gde. Luchsingen;1160;0;72020305;aus Plan gelesen;Trinkwasser;Alpgebäude;Sicker-/Zuleitung;gut;Betondeckel;Brunnenstube;Feldaufnahmen;Fritz Dönni, Werkführer Gde. Luchsingen;;;21;22;;;keine vorh.;1;nein;R. Brunner;27.08.1998;29;27.08.1998;;WAHR;FALSCH;FALSCH;FALSCH
879;Bösbächi Unter Stafel;;Luchsingen;8775;719970;203380;;Gde. Luchsingen;1170;;71920301;aus Plan gelesen;Trinkwasser;Jägerhütte;Bachwasserfassung;;Plastiktank;kein Schacht;Feldaufnahmen;Fritz Dönni, Werkführer Gde. Luchsingen;;;8;20;;;keine vorh.;;nein;R. Brunner;27.08.1998;30;27.08.1998;;WAHR;FALSCH;FALSCH;FALSCH
880;Alp Sever;Alp Sever;Luchsingen;8775;720330;203530;;Gebr. Figi;1165;;72020306;aus Plan gelesen;Trinkwasser;Alpgebäude;unbekannt;;;;Feldaufnahmen;Fritz Dönni, Werkführer Gde. Luchsingen;vergrabener Plastiktank --> Fassung nicht sichtbar;;6;;;;keine vorh.;;;R. Brunner;04.09.1998;31;04.09.1998;;WAHR;FALSCH;FALSCH;FALSCH
881;Quelle Bärensol;Bärensol;Luchsingen;8775;720670;203540;;Gebr. Figi;1145;;72020308;aus Plan gelesen;Trinkwasser;WV Weiler/Quartier;aufstossend;;;Brunnenstube;Feldaufnahmen;Fritz Dönni, Werkführer Gde. Luchsingen;Fassung zur Zeit im Bau, versorgt 2 Liegenschaften;;9;10;;;keine vorh.;;;R. Brunner;04.09.1998;33;04.09.1998;;WAHR;FALSCH;FALSCH;FALSCH
882;Quelle Schwändenen;Schwändenen;Luchsingen;8775;721240;202470;;Werner Figi;580;0;72120208;aus Plan gelesen;Brauchwasser;Stallbrunnen;Bachwasserfassung;sanierungsbedürftig;keine vorh.;Brunnenstube;Feldaufnahmen;Fritz Dönni, Werkführer Gde. Luchsingen;;;34;35;36;;keine vorh.;;nein;R. Brunner;28.09.1998;34;28.09.1998;;WAHR;FALSCH;FALSCH;FALSCH
883;Quelle Bränd;Brand;Luchsingen;8775;721225;203410;;Siebermann;840;0;72120301;aus Plan gelesen;Trinkwasser;Ferienhäuser;ab Fels;gut;keine vorh.;Brunnenstube;Feldaufnahmen;Fritz Dönni, Werkführer Gde. Luchsingen;;;17;18;;;keine vorh.;;nein;R. Brunner;04.09.1998;35;04.09.1998;;WAHR;FALSCH;FALSCH;FALSCH
884;Quelle Zetries;Zetries;Luchsingen;8775;721100;203855;;Erbgem. Hefti;1010;0;72120302;aus Plan gelesen;Trinkwasser;Alpgebäude;ab Fels;sanierungsbedürftig;Holz;Brunnenstube;Feldaufnahmen;Fritz Dönni, Werkführer Gde. Luchsingen;;;15;16;;;keine vorh.;1;nein;R. Brunner;04.09.1998;36;04.09.1998;;WAHR;FALSCH;FALSCH;FALSCH
885;Quelle Genti;Frappli Steinigenbach;Luchsingen;8775;720900;204120;;Stüssi;1120;0;72020405;aus Plan gelesen;Trinkwasser;Ferienhäuser;ab Fels;sanierungsbedürftig;Blech-Deckel;Brunnenstube;Feldaufnahmen;Fritz Dönni, Werkführer Gde. Luchsingen;;;13;14;;;keine vorh.;0;nein;R. Brunner;04.09.1998;37;04.09.1998;;WAHR;FALSCH;FALSCH;FALSCH
886;Quelle Tschingel-Bärensol;Bärensol;Luchsingen;8775;720940;203725;;Zweifel;1105;0;72020309;aus Plan gelesen;Trinkwasser;Ferienhäuser;ab Fels;gut;Betondeckel;Brunnenstube/Reservoir;Feldaufnahmen;Fritz Dönni, Werkführer Gde. Luchsingen;;;11;12;;;keine vorh.;;nein;R. Brunner;04.09.1998;38;04.09.1998;;WAHR;FALSCH;FALSCH;FALSCH
887;Quelle 1 Schlattberg;Schlattberg;Luchsingen;8775;720600;202620;;Kurattli;1000;0;72020201;aus Plan gelesen;Trinkwasser;WV Weiler/Quartier;unbekannt;gut;Eternit;Brunnenstube;Feldaufnahmen;Fritz Dönni, Werkführer Gde. Luchsingen;mit Holz überdeckt, nur Überlauf sichtbar;;;;;;definitiv;;;R. Brunner;04.09.1998;14;04.09.1998;;WAHR;FALSCH;FALSCH;FALSCH
888;Quelle 2 Schlattberg;Schlattberg;Luchsingen;8775;720600;202610;;Kurattli;1000;0;72020202;aus Plan gelesen;Trinkwasser;WV Weiler/Quartier;Sicker-/Zuleitung;gut;Eternit;Brunnenstube/Sammelschacht;Feldaufnahmen;Fritz Dönni, Werkführer Gde. Luchsingen;;;27;28;;;definitiv;2;nein;R. Brunner;04.09.1998;15;04.09.1998;;WAHR;FALSCH;FALSCH;FALSCH
889;Quelle 3 Schlattberg;Schlattberg;Luchsingen;8775;720620;202600;;Kurattli;990;0;72020203;aus Plan gelesen;Trinkwasser;WV Weiler/Quartier;Sicker-/Zuleitung;gut;Eternit;Brunnenstube;Feldaufnahmen;Fritz Dönni, Werkführer Gde. Luchsingen;;;29;30;;;definitiv;2;nein;R. Brunner;04.09.1998;16;04.09.1998;;WAHR;FALSCH;FALSCH;FALSCH
890;Quelle B Schlattberg;Schlattberg;Luchsingen;8775;720590;202590;;Kurattli;990;0;72020205;aus Plan gelesen;Trinkwasser;WV Weiler/Quartier;Sicker-/Zuleitung;gut;Eternit;Brunnenstube;Feldaufnahmen;Fritz Dönni, Werkführer Gde. Luchsingen;;;;;;;definitiv;0;nein;R. Brunner;28.09.1998;17;28.09.1998;;WAHR;FALSCH;FALSCH;FALSCH
891;Quelle C Schlattberg;Schlattberg;Luchsingen;8775;720515;202530;;;1030;;72020206;aus Plan gelesen;;;;;;;;Fritz Dönni, Werkführer Gde. Luchsingen;Schacht nicht gefunden;;;;;;;;;Brunner;04.09.1998;18;04.09.1998;;WAHR;FALSCH;FALSCH;FALSCH
892;Quelle Zollinger;Boden;Luchsingen;8775;720530;202560;;Zollinger;1030;0;72020207;aus Plan gelesen;Trinkwasser;Ferienhäuser;Sicker-/Zuleitung;gut;Betondeckel;Brunnenstube;Feldaufnahmen;Fritz Dönni, Werkführer Gde. Luchsingen;;;21;22;;;keine vorh.;1;nein;R. Brunner;04.09.1998;19;04.09.1998;;WAHR;FALSCH;FALSCH;FALSCH
893;Quelle Binggeli;Boden;Luchsingen;8775;720490;202650;;Binggeli Richard, Kilchberg;1065;0;72020208;aus Plan gelesen;Trinkwasser;Ferienhäuser;Sicker-/Zuleitung;gut;Betondeckel;Brunnenstube;Feldaufnahmen;Fritz Dönni, Werkführer Gde. Luchsingen;nach Herbstrockenheit 2005 Quelle im Jan.2006 versiegt.;;19;20;;;keine vorh.;1;nein;R. Brunner;04.09.1998;20;04.09.1998;;WAHR;FALSCH;FALSCH;FALSCH
894;Quelle Karrer;Schlattberg;Luchsingen;8775;720710;202715;;Karrer;950;0;72020209;aus Plan gelesen;Trinkwasser;Ferienhäuser;Sicker-/Zuleitung;gut;Betondeckel;Brunnenstube;Feldaufnahmen;Fritz Dönni, Werkführer Gde. Luchsingen;;;3;4;;;keine vorh.;1;nein;R. Brunner;28.09.1998;21;28.09.1998;;WAHR;FALSCH;FALSCH;FALSCH
895;Quelle Maurer;Schlattberg;Luchsingen;8775;720665;202685;;Maurer;975;0;72020210;aus Plan gelesen;Trinkwasser;Ferienhäuser;Sicker-/Zuleitung;gut;Betondeckel;Brunnenstube;Feldaufnahmen;Fritz Dönni, Werkführer Gde. Luchsingen;;;5;6;;;keine vorh.;1;nein;R. Brunner;28.09.1998;22;28.09.1998;;WAHR;FALSCH;FALSCH;FALSCH
896;Quelle Unterer Lauiberg;Unterer Lauiberg;Luchsingen;8775;720770;202665;;Kurattli;925;0;72020211;aus Plan gelesen;Trinkwasser;Restaurant;Sicker-/Zuleitung;gut;Betondeckel;Brunnenstube;Feldaufnahmen;Fritz Dönni, Werkführer Gde. Luchsingen;Quellschacht überdeckt;;1;2;;;keine vorh.;1;nein;R. Brunner;28.09.1998;23;28.09.1998;;WAHR;FALSCH;FALSCH;FALSCH
897;Quelle Siten (Schiesser);Siten;Linthal;8783;719600;198000;;D. Schiesser, Siten;740;0;71919802;aus Plan gelesen;Brauchwasser;Stallbrunnen;Sicker-/Zuleitung;gut;Betondeckel;Brunnenstube/Reservoir;Feldaufnahmen;Hansheiri Stüssi, Werkführer Linthal;;;22;23;24;;keine vorh.;1;nein;R. Brunner;01.09.1998;;01.09.1998;;WAHR;FALSCH;FALSCH;FALSCH
898;Quelle Eggli;Eggli;Linthal;8783;718860;194760;;H.R. Reitibuch;1135;0;71819403;aus Plan gelesen;Trinkwasser;Ferienhäuser;ab Fels;gut;Alu-Deckel;Brunnenstube;Feldaufnahmen;Hansheiri Stüssi, Werkführer Linthal;Ferienhaus Sturzenegger;;14 +;16 +;18;;keine vorh.;;nein;R. Brunner;31.08.1998;37;31.08.1998;;WAHR;FALSCH;FALSCH;FALSCH
899;Quelle Oberzaun;Oberzaun;Linthal;8783;718845;195290;;Tagwen Dorf;970;0;71819503;aus Plan gelesen;Trinkwasser;Alpgebäude;ab Fels;gut;Betondeckel;Brunnenstube;Feldaufnahmen;Tagwen Dorf, Linthal;;;26;27;;;keine vorh.;1;nein;R. Brunner;31.08.1998;38;31.08.1998;;WAHR;FALSCH;FALSCH;FALSCH
900;J4, Quelle Oberrämis;Oberrämis;Linthal;8783;717485;196630;;H.H. Zweifel;870;0;71719608;aus Plan gelesen;Brauchwasser;Brunnen;Sicker-/Zuleitung;gut;Eisendeckel;Brunnenstube;Feldaufnahmen;Hansheiri Zweifel, Winterthur;;;34;35;;;keine vorh.;1;nein;R. Brunner;01.09.1998;39;01.09.1998;;WAHR;FALSCH;FALSCH;FALSCH
901;Quelle Hohritli;Hohritli/Unterberg;Linthal;8783;717225;196895;469;Gautschi;1030;0;71719609;aus Plan gelesen;Trinkwasser;WV Einzelliegenschaft;Sicker-/Zuleitung;gut;Betondeckel;Brunnenstube/Sammelschacht;Feldaufnahmen;Gautschi 643 37 92;;;1;2;;;keine vorh.;1;nein;R. Brunner;01.09.1998;40;01.09.1998;;WAHR;FALSCH;FALSCH;FALSCH
902;Quelle Chameralp;Steinbödeli;Linthal;8783;716320;195950;;Gde. Hätzingen;1295;0;71619501;aus Plan gelesen;Trinkwasser;Alpgebäude;Sicker-/Zuleitung;gut;Betondeckel;Brunnenstube;Feldaufnahmen;Beat Aebli, Werkführer Gde.Hätzingen;;;11;12;;;keine vorh.;2;nein;R. Brunner;01.09.1998;41;01.09.1998;;WAHR;FALSCH;FALSCH;FALSCH
903;Quelle Hintersand;;Linthal;8783;715630;188030;;Hansruedi Zweifel;1620;0;71518801;aus Plan gelesen;Trinkwasser;Alpgebäude;ab Fels;gut;Eisendeckel;Brunnenstube;Feldaufnahmen;Hansheiri Stüssi, Werkführer Linthal;keine Begehung, da Quelle wahrscheinlich überdeckt;;;;;;keine vorh.;;nein;R. Brunner;30.09.1998;42;30.09.1998;;WAHR;FALSCH;FALSCH;FALSCH
904;Quelle Baumgart unter Stafel;Baumgart;Linthal;8783;718560;192870;;Kaspar Aebli, Ennenda;1570;0;71819201;aus Plan gelesen;Trinkwasser;Alpgebäude;ab Fels;sanierungsbedürftig;Holz;Brunnenstube;Feldaufnahmen;Hansheiri Stüssi, Werkführer Linthal;Widder;;34;35;;;keine vorh.;;nein;R. Brunner;30.09.1998;;30.09.1998;;WAHR;FALSCH;FALSCH;FALSCH
905;Quelle Baumgart ober Stafel;Baumgart;Linthal;8783;718925;192685;;Kaspar Aebli, Ennenda;1830;0;71819202;aus Plan gelesen;Trinkwasser;Alpgebäude;ab Fels;gut;Eisendeckel;Brunnenstube;Feldaufnahmen;Hansheiri Stüssi, Werkführer Linthal;;;33;;;;keine vorh.;;nein;R. Brunner;30.09.1998;44;30.09.1998;;WAHR;FALSCH;FALSCH;FALSCH
906;Alp Bächi ober Stafel;Bächi ober Stafel;Linthal;8783;720260;195240;;Tagwen Dorf;1830;0;72019501;aus Plan gelesen;Trinkwasser;Alpgebäude;Sicker-/Zuleitung;gut;Betondeckel;Brunnenstube;Feldaufnahmen;Tagwen Dorf, Linthal;Wasser für Alp Bächi ober Stafel und Alp Hinter Durnachtal ober Stafel (Mättli);;9;10;11;;keine vorh.;2;nein;R. Brunner;29.09.1998;45;29.09.1998;;WAHR;FALSCH;FALSCH;FALSCH
907;Guetbächi Mittelstafel;Guetbächialp;Linthal;8783;720330;194815;;Tagwen Dorf;1680;0;72019401;aus Plan gelesen;Trinkwasser;Alpgebäude;ab Fels;sanierungsbedürftig;Holz;Brunnenstube;Feldaufnahmen;Tagwen Dorf, Linthal;;;12;13;14;;keine vorh.;;nein;R. Brunner;29.09.1998;46;29.09.1998;;WAHR;FALSCH;FALSCH;FALSCH
908;Quelle beim Stutz;Stutz;Linthal;8783;716950;193360;;Tagwen Dorf;1250;0;71619301;aus Plan gelesen;Trinkwasser;Alpgebäude;ab Fels;gut;Betondeckel;Brunnenstube/Reservoir;Feldaufnahmen;Tagwen Dorf, Linthal;für Alp Brügglis unter Stafel (Tagwen Dorf) + Alp Chrummlaui (Ennenda);;15;16;;;keine vorh.;;nein;R. Brunner;29.09.1998;47;29.09.1998;;WAHR;FALSCH;FALSCH;FALSCH
909;Quelle ober Stäfeli;Ober Stäfeli;Linthal;8783;715570;191880;;Tagwen Dorf;1780;0;71519101;aus Plan gelesen;Trinkwasser;Alpgebäude;ab Fels;gut;Eisendeckel mit 4 Kant;Brunnenstube;Feldaufnahmen;Tagwen Dorf, Linthal;;;17;18;19 +;;keine vorh.;;nein;R. Brunner;29.09.1998;48;29.09.1998;;WAHR;FALSCH;FALSCH;FALSCH
910;Quelle Burg;Burg;Linthal;8783;715550;192075;;Gde. Ennenda;1860;0;71519201;aus Plan gelesen;Trinkwasser;Alpgebäude;ab Fels;gut;Eisendeckel;Brunnenstube;Feldaufnahmen;Herr Jäger, EW Ennenda;;;21;22;;;keine vorh.;;nein;R. Brunner;29.09.1998;49;29.09.1998;;WAHR;FALSCH;FALSCH;FALSCH
911;Quelle Chäsboden;Vornacken;Linthal;8783;716140;193340;;Gde. Ennenda;1465;0;71619302;aus Plan gelesen;Trinkwasser;Alpgebäude;Sicker-/Zuleitung;gut;Eisendeckel;Brunnenstube;Feldaufnahmen;Herr Jäger, EW Ennenda;;;23;24;;;keine vorh.;1;nein;R. Brunner;29.09.1998;50;29.09.1998;;WAHR;FALSCH;FALSCH;FALSCH
912;Quelle Bäreboden;Bäreboden;Linthal;8783;716240;193700;;Vock;1620;0;71619303;aus Plan gelesen;Trinkwasser;Alpgebäude;ab Fels;schlecht;Holz;Brunnenstube;Feldaufnahmen;Hansheiri Stüssi, Werkführer Linthal;;;25;26;;;keine vorh.;;nein;R. Brunner;29.09.1998;51;29.09.1998;;WAHR;FALSCH;FALSCH;FALSCH
913;Quelle Alp Hinter Durnachtal;Hinter Durnachtal;Linthal;8783;722040;195340;;Tagwen Dorf;1400;0;72219501;aus Plan gelesen;Trinkwasser;Alpgebäude;ab Fels;gut;Betondeckel;Brunnenstube/Reservoir;Feldaufnahmen;Tagwen Dorf, Linthal;;;27;28;;;keine vorh.;;nein;R. Brunner;29.09.1998;52;29.09.1998;;WAHR;FALSCH;FALSCH;FALSCH
914;Quelle Mittel Durnachtal Stäfeli;;Linthal;8783;721690;195970;;Tagwen Matt;1430;0;72119501;aus Plan gelesen;Trinkwasser;Alpgebäude;Sicker-/Zuleitung;gut;Betondeckel;Brunnenstube/Reservoir;Feldaufnahmen;Tagwen Matt, Linthal;;;29;30;;;keine vorh.;1;nein;R. Brunner;29.09.1998;53;29.09.1998;;WAHR;FALSCH;FALSCH;FALSCH
915;Quelle Bodmen;Bodmen;Linthal;8783;720610;196020;;Tagwen Matt;1830;0;72019601;aus Plan gelesen;Trinkwasser;Alpgebäude;ab Fels;sanierungsbedürftig;Holz;Brunnenstube;Feldaufnahmen;Tagwen Matt, Linthal;;;31;32;;;keine vorh.;;nein;R. Brunner;29.09.1998;54;29.09.1998;;WAHR;FALSCH;FALSCH;FALSCH
916;Quelle Rieter Ortsstafel;Rieter Ortsstafel;Linthal;8783;716780;198380;;Tagwen Dorf;1740;;71619801;aus Plan gelesen;Trinkwasser;Alpgebäude;Bachwasserfassung;;;;Feldaufnahmen;Tagwen Dorf, Linthal;keine Begehung;;;;;;keine vorh.;;;R. Brunner;01.09.1998;55;01.09.1998;;WAHR;FALSCH;FALSCH;FALSCH
917;Quelle Rietberg Mittel Stafel;Rietberg;Linthal;8783;717210;198275;;Tagwen Dorf;1500;20;71719801;aus Plan gelesen;Trinkwasser;Alpgebäude;Sicker-/Zuleitung;gut;Betondeckel;Brunnenstube;Feldaufnahmen;Tagwen Dorf, Linthal;Überwasser in Reservoir Riet;;19;20;;;keine vorh.;;nein;R. Brunner;01.09.1998;56;01.09.1998;;WAHR;FALSCH;FALSCH;FALSCH
918;Quelle Chameralp ober Stafel;Ober Stafel;Linthal;8783;715980;195110;;Gde. Hätzingen;1750;0;71519501;aus Plan gelesen;Trinkwasser;Alpgebäude;Sicker-/Zuleitung/ ab Fels;gut;Betondeckel;Brunnenstube;Feldaufnahmen;Beat Aebli, Werkführer Gde.Hätzingen;;;13;14;;;keine vorh.;1;nein;R. Brunner;01.09.1998;57;01.09.1998;;WAHR;FALSCH;FALSCH;FALSCH
919;Quelle Friteren Hinter Stafel;Friteren Hinter Stafel;Linthal;8783;714575;196485;;Tagwen Ennetlinthli;1440;;71419601;aus Plan gelesen;Trinkwasser;Alpgebäude;Bachwasserfassung;;;;Feldaufnahmen;Tagwen Ennetlinthli Linthal;;;15;;;;keine vorh.;;;R. Brunner;01.09.1998;58;01.09.1998;;WAHR;FALSCH;FALSCH;FALSCH
920;Quelle Ober Friteren;unterhalb Kelle;Linthal;8783;715720;197260;;Tagwen Ennetlinthli;1580;;71519701;aus Plan gelesen;Trinkwasser;Alpgebäude;Bachwasserfassung;;;;Feldaufnahmen;Tagwen Ennentlinthli Linthal;;;16;17;18;;keine vorh.;;;R. Brunner;01.09.1998;59;01.09.1998;;WAHR;FALSCH;FALSCH;FALSCH
921;Quelle Ortstafel;Ortstafel;Linthal;8783;714900;197500;;Tagwen Ennetlinthli;1900;;71419701;aus Plan gelesen;Trinkwasser;Alpgebäude;Bachwasserfassung;;;;Feldaufnahmen;Tagwen Ennetlinthli Linthal;während ca. 1 Monat/Jahr Bachwasserfassung unterhalb Schneefeld, keine Begehung;;;;;;keine vorh.;;;R. Brunner;01.09.1998;60;01.09.1998;;WAHR;FALSCH;FALSCH;FALSCH
922;Quelle Reservoir Riet;Riet unter Stafel;Linthal;8783;717530;198200;;Tagwen Dorf;1390;;71719802;aus Plan gelesen;Trinkwasser;Restaurant Nussbühl;ab Fels;gut;Tor;Reservoir;Feldaufnahmen;Tagwen Dorf Linthal;+ Alpgebäude;;21;;;;erforderlich;1;ja;R. Brunner;01.09.1998;61;01.09.1998;;WAHR;FALSCH;FALSCH;FALSCH
923;Quelle Ober Fessis;Wasserböden;Sool;8762;728530;209120;;Gde. Sool;2020;;72820901;aus Plan gelesen;Trinkwasser;Alpgebäude;Bachwasserfassung;gut;keine vorh.;Brunnenstube;Feldaufnahmen;W. Kessler, Förster Sool;Neufasssung 1997, Katadyn-Filter in Hütte;;;;;;keine vorh.;;nein;R. Brunner;25.08.1998;26;25.08.1998;;WAHR;FALSCH;FALSCH;FALSCH
924;Quelle Jagdhütte Chli Gheist;Chli Gheist;Sool;8762;727770;207945;;Hugo Unold, Sool;1480;;72720706;aus Plan gelesen;Trinkwasser;Jagdhütte;Bachwasserfassung;;;;Feldaufnahmen;Hugo Unold, Sool;;;;;;;keine vorh.;;;R. Brunner;25.08.1998;27;25.08.1998;;WAHR;FALSCH;FALSCH;FALSCH
951;Quelle Loch 4;Loch;Matt;8766;730435;201530;;Gde.Matt;1330;;73020103;aus Plan gelesen;Trinkwasser;WV Gemeinde;Sicker-/Zuleitung;gut;Eisentor;Brunnenstube;Feldaufnahmen;Christoph Marti, Werkführer Matt;;;12;13;;;definitiv;1;ja;Brunner;18.10.1999;;18.10.1999;;WAHR;FALSCH;FALSCH;FALSCH
966;Quelle Willi Wang;Alprüteli;Elm;8767;733160;198140;;Ferienhäuser Alprüteli;1210;10;73319802;aus Plan gelesen;Trinkwasser;WV Gemeinde Elm (neu), Ferienhäuser;Sicker-/Zuleitung;gut;Eisendeckel 4 Kant;Brunnenstube;Feldaufnahmen;Walter Frei;;;2;3;;;keine vorh.;1;nein;Brunner;15.06.1999;51;15.06.1999;;WAHR;FALSCH;FALSCH;FALSCH
967;QuelleEmpächli Bergli (Disch);Bergli;Elm;8767;730260;197660;;Disch Peter+Kaspar, Marti Blasius;1455;0;73019705;aus Plan gelesen;Trinkwasser;Weiler;Sicker-/Zuleitung;gut;Eisendeckel mit 4 Kant;Brunnenstube;Feldaufnahmen;Samuel Hefti, EW Elm;;;19;20;;;keine vorh.;1;nein;Brunner;15.06.1999;52;15.06.1999;;WAHR;FALSCH;FALSCH;FALSCH
968;Quelle Elmag- Rain 2;Wiese;Elm;8767;731745;197715;;Kaspar Elmer;995;0;73119702;aus Plan gelesen;Trinkwasser;Dorfbrunnrn, Ställe;Sicker-/Zuleitung;gut;Eisen 4-kant;Brunnenstube;Feldaufnahmen;Kaspar Elmer, Elm;Sandgassbrunnen;;27;28;;;keine vorh.;1;nein;Brunner;15.06.1999;53;15.06.1999;;WAHR;FALSCH;FALSCH;FALSCH
969;Quelle Elmag- Rain 3;Wiese;Elm;8767;731755;197725;;Kaspar Elmer, Fleischgasse;995;40;73119703;aus Plan gelesen;Trinkwasser;WV Einzelliegenschaft;Sicker-/Zuleitung;gut;Betondeckel;Brunnenstube;Feldaufnahmen;Kaspar Elmer, Elm;;;29;;;;keine vorh.;1;nein;Brunner;15.06.1999;54;15.06.1999;;WAHR;FALSCH;FALSCH;FALSCH
970;Quelle Unterbergli;Unterbergli;Engi;8765;729960;205450;;H.Altmann;840;0;72920504;;Trinkwasser;2 Liegenschaften;Aufstossend;genügend;Betondeckel;Brunnenstube;Feldaufnahmen;Heinrich Altmann, Unterbergli Engi;;;17;18;;;keine vorh.;0;nein;Brunner;19.08.1999;23;19.08.1999;;WAHR;FALSCH;FALSCH;FALSCH
971;Quelle Fitter-Chamm Ober Staffel;Matt;Engi;8765;733570;205320;;Gde. Engi;2025;0;73320501;aus Plan gelesen;Trinkwasser;Alpgebäude;ab Fels;gut;Eisen mit 4-Kant;Brunnenstube/Reservoir;Feldaufnahmen;Fux Ernst, Werkführer Engi;;;23;24;25;;keine vorh.;2;nein;Brunner;19.08.1999;24;19.08.1999;;WAHR;FALSCH;FALSCH;FALSCH
972;Quelle Wasserböden;Wasserböden;Engi;8765;733110;204690;;Gde. Engi;1820;20;73320401;aus Plan gelesen;Trinkwasser;Alpgebäude Stöfeli;Sicker-/Zuleitung;gut;Betondeckel;Brunnenstube;Feldaufnahmen;Fux Ernst, Werkführer Engi;;;26;27;;;keine vorh.;1;nein;Brunner;19.08.1999;25;19.08.1999;;WAHR;FALSCH;FALSCH;FALSCH
973;Quelle Trosboden;Trosboden;Engi;8765;732370;205340;;Gde. Engi;1730;;73220501;aus Plan gelesen;Trinkwasser;Alpgebäude Sandigen;ab Fels;gut;Blech-Deckel;Brunnenstube;Feldaufnahmen;Fux Ernst, Werkführer Engi;;;28;29;;;keine vorh.;;nein;Brunner;19.08.1999;26;19.08.1999;;WAHR;FALSCH;FALSCH;FALSCH
974;Quelle Lindenbodenberg;Lindenbodenberg;Engi;8765;731030;205440;;Elsa Marti;1105;0;73120503;aus Plan gelesen;Trinkwasser;Einzelliegenschaft + Ferienhaus;Sicker-/Zuleitung;gut;Betondeckel;Brunnenstube/Reservoir;Feldaufnahmen;Elsa Marti Lindenbodenberg, Engi;;;35;36;;;keine vorh.;1;nein;Brunner;19.08.1999;27;19.08.1999;;WAHR;FALSCH;FALSCH;FALSCH
975;Quelle Höfliegg;;Engi;8765;729150;205710;29;;755;0;72920501;;Brauchwasser;Brunnen;Sicker-/Zuleitung;sanierungsbedürftig;Betondeckel;Brunnenstube;Feldaufnahmen;;;;;;;;keine vorh.;;nein;M.Simmler;25.03.1998;;25.03.1998;;WAHR;FALSCH;FALSCH;FALSCH
976;Quelle Lindenbodenberg 2;Lindenbodenberg;Engi;8765;731090;205430;;Elsa Marti;1130;0;73120504;aus Plan gelesen;Trinkwasser;Einzelliegenschaft;Sicker-/Zuleitung;gut;Betondeckel;Brunnenstube/Reservoir;Feldaufnahmen;Elsa Marti, Lindenbodenberg Engi;Reservoir vollständig überdeckt;;1;;;;keine vorh.;2;nein;Brunner;19.08.1999;28;19.08.1999;;WAHR;FALSCH;FALSCH;FALSCH
977;Quelle Stöckenberg;Stöckenberg;Engi;8765;731150;205340;;Kaspar Luchsinger;1145;0;73120505;;Trinkwasser;Einzelliegenschaft;ab Fels;schlecht;Schieferplatte;Brunnenstube;Feldaufnahmen;Kaspar Luchsinger, Berg Engi;;;2;3;;;keine vorh.;0;nein;Brunner;19.08.1999;29;19.08.1999;;WAHR;FALSCH;FALSCH;FALSCH
978;Quelle Geissberg;Geissberg;Engi;8765;730610;205360;;Gde. Engi;910;;73020504;;Trinkwasser;Einzelliegenschaft;;;;;Feldaufnahmen;Fux Ernst, Werkführer Engi;"Brunnenstube überdeckt
Trinkwasserversorgung für Haus Andi Rhyner, Elm";;6;;;;keine vorh.;;;Brunner;19.08.1999;31;19.08.1999;;WAHR;FALSCH;FALSCH;FALSCH
979;Quelle Fährenboden;Fährenboden;Engi;8765;730940;205230;;Konrad Marti;1040;0;73020505;aus Plan gelesen;Trinkwasser;Einzelliegenschaft;ab Fels;schlecht;Holz;Brunnenstube;Feldaufnahmen;Konrad Marti, Fährenboden Engi;;;4;5;;;keine vorh.;0;nein;Brunner;19.08.1999;30;19.08.1999;;WAHR;FALSCH;FALSCH;FALSCH
980;Quelle Vorder Auen;Rüfi Höschetli;Elm;8767;730375;196890;;Korporation;1110;0;73019603;aus Plan gelesen;Trinkwasser;5 Liegenschaften;Bachwasserfassung;gut;Eisendeckel;Brunnenstube;Feldaufnahmen;Oswald Rhyner, Sunnehügli Elm;;;6;7;;;keine vorh.;1;nein;Brunner;18.08.1999;55;18.08.1999;;WAHR;FALSCH;FALSCH;FALSCH
981;Quelle Elmer + Pfiffner;Rüfi Höschetli;Elm;8767;730385;196900;;Elmer+Pfiffner;1110;0;73019602;aus Plan gelesen;Trinkwasser;4 Wohnhäuser;Aufstossend;genügend;Holz;Brunnenstube;Feldaufnahmen;Beat Elmer, Rüfi Elm;;;8;9;;;keine vorh.;0;nein;Brunner;18.08.1999;36;18.08.1999;;WAHR;FALSCH;FALSCH;FALSCH
982;Quelle Freitag- Furrer;Rüfi Höschetli;Elm;8767;730350;196880;;;1110;0;73019604;aus Plan gelesen;Trinkwasser;;Aufstossend;schlecht;Holz;Brunnenstube;Feldaufnahmen;Ruedi Freitag- Furrer, Egg Elm;;;;;;;keine vorh.;0;nein;Brunner;18.08.1999;57;18.08.1999;;WAHR;FALSCH;FALSCH;FALSCH
983;Quelle Riseten Ober Stafel 2;Riseten;Matt;8766;736980;203685;;Gde. Matt;1940;0;73620302;aus Plan gelesen;Trinkwasser;Alpgebäude;Sicker-/Zuleitung;gut;Betondeckel;Brunnenstube;Feldaufnahmen;Christoph Marti,m Werkführer Matt;;;10;12;;;keine vorh.;2;nein;Brunner;20.08.1999;25;20.08.1999;;WAHR;FALSCH;FALSCH;FALSCH
984;Quelle Riseten Ober Stafel 3;Riseten;Matt;8766;736990;203670;;Gde. Matt;1940;0;73620303;aus Plan gelesen;Trinkwasser;Alpgebäude;Sicker-/Zuleitung;gut;Betondeckel;Brunnenstube;Feldaufnahmen;Christoph Marti, Werkführer Matt;;;11;12;;;keine vorh.;2;nein;Brunner;20.08.1999;26;20.08.1999;;WAHR;FALSCH;FALSCH;FALSCH
985;Quelle Jägerhütte Höreli;Zöpf;Matt;8766;736490;204320;;Lienhard Andrea;1680;0;73620403;aus Plan gelesen;Trinkwasser;Jägerhütte;Sicker-/Zuleitung;gut;Betondeckel;Brunnenstube;Feldaufnahmen;Lienhard Andrea, Glarus (Zürich-Versicherung);;;13;14;;;;1;nein;Brunner;20.08.1999;27;20.08.1999;;WAHR;FALSCH;FALSCH;FALSCH
986;Quelle Riseten Mittel Stafel 2;Distelrain;Matt;8766;736610;204260;;Gde. Matt;1740;0;73620402;aus Plan gelesen;Trinkwasser;Alpgebäude;Sicker-/Zuleitung;gut;Betondeckel;Brunnenstube/Reservoir;Feldaufnahmen;Christoph Marti, Werkführer Matt;Zuleitungen: 1 + Zuleitung von Mittel Stafel 1;;17;18;;;keine vorh.;1;nein;Brunner;20.08.1999;28;20.08.1999;;WAHR;FALSCH;FALSCH;FALSCH
987;Quelle Stollenrus Alp Krauchtal Unter Stafel 1;im Stollen;Matt;8766;736385;205600;;Gde. Matt;1650;0;73620501;aus Plan gelesen;Trinkwasser;Alpgebäude;ab Fels;genügend;Holz;Brunnenstube;Feldaufnahmen;Christoph Marti, Werkführer Matt;;;26;27;;;keine vorh.;0;nein;Brunner;20.08.1999;29;20.08.1999;;WAHR;FALSCH;FALSCH;FALSCH
988;Quelle Heulochwald;Heulochwald;Matt;8766;736260;205700;;Jakob Marti/ Meier;1720;0;73620503;aus Plan gelesen;Trinkwasser;2 Jägerhüttli;Sicker-/Zuleitung;gut;Betondeckel;Brunnenstube;Feldaufnahmen;Jakob Marti, Krauch Matt;;;28;29;;;keine vorh.;2;nein;Brunner;20.08.1999;30;20.08.1999;;WAHR;FALSCH;FALSCH;FALSCH
989;Quelle Bergheim;Buchs-Hoschet;Matt;8766;732650;202890;;Hans Baumgartner;1240;0;73220201;aus Plan gelesen;Trinkwasser;2 Häuser;Sicker-/Zuleitung;gut;Eisendeckel;Brunnenstube;Feldaufnahmen;Hans Baumgartner, im Tschogglen Matt;;;30;31;;;keine vorh.;1;nein;Brunner;20.08.1999;31;20.08.1999;;WAHR;FALSCH;FALSCH;FALSCH
990;Quelle Hell;Hell;Matt;8766;732280;203430;;Heinrich Kubli;1380;;73220301;aus Plan gelesen;Trinkwasser;Ferienhäuser;ab Boden/ Sickerleitung;schlecht;;kein Schacht;Feldaufnahmen;Heinrich Kubli, Netstal;;;32;;;;keine vorh.;1;nein;Brunner;20.08.1999;32;20.08.1999;;WAHR;FALSCH;FALSCH;FALSCH
991;Quelle Weidberg;Weidberg;Matt;8766;732160;204180;;Lampe Bruno;1520;0;73220401;aus Plan gelesen;Trinkwasser;Ferienhaus;Sicker-/Zuleitung;gut;Plastik;Brunnenstube;Feldaufnahmen;Lampe Bruno, Näfels;;;33;34;;;keine vorh.;2;nein;Brunner;20.08.1999;33;20.08.1999;;WAHR;FALSCH;FALSCH;FALSCH
992;Quelle Hüsliberg;Hüsliberg;Matt;8766;732700;203525;;Fredi Marti;1460;0;73220302;aus Plan gelesen;Trinkwasser;Einzelliegenschaft;Sicker-/Zuleitung;gut;Eisendeckel;Brunnenstube;Feldaufnahmen;Fredi Marti, Hoschet- Weissenberg Matt;;;35;36;;;keine vorh.;1;nein;Brunner;20.08.1999;34;20.08.1999;;WAHR;FALSCH;FALSCH;FALSCH
993;Quelle Kegelboden;Kegelboden;Engi;8765;732980;204105;;Hösli Hansruedi;1685;0;73220402;aus Plan gelesen;Trinkwasser;Einzelliegenschaft;ab Fels;gut;Betondeckel;Brunnenstube;Feldaufnahmen;Hösli Hansruedi, im Liesi Linthal;;;1;2;;;keine vorh.;0;nein;Brunner;20.08.1999;;20.08.1999;;WAHR;FALSCH;FALSCH;FALSCH
994;Quelle Weiden Signer;Weiden;Matt;8766;733210;203990;;Signer Martin;1650;0;73320301;aus Plan gelesen;Trinkwasser;Ferienhaus;Sicker-/Zuleitung;genügend;Holz;Brunnenstube;Feldaufnahmen;Signer Martin, Wallisellen;;;6;7;;;keine vorh.;1;nein;Brunner;20.08.1999;;20.08.1999;;WAHR;FALSCH;FALSCH;FALSCH
995;Quelle Wienegg;Wienegg;Matt;8766;733145;202790;;Ruedi Schuler;1215;0;73320201;aus Plan gelesen;Trinkwasser;Einzelliegenschaft;Sicker-/Zuleitung;gut;Betondeckel;Brunnenstube;Feldaufnahmen;Ruedi Schuler, Wienegg Matt;;;8;9;;;keine vorh.;1;nein;Brunner;20.08.1999;;20.08.1999;;WAHR;FALSCH;FALSCH;FALSCH
1019;Quelle Loch 5;Loch;Matt;8766;730420;201515;;Gde. Matt;1335;;73020104;aus Plan gelesen;Trinkwasser;WV Gemeinde;Sicker-/Zuleitung;gut;Eisentor;Brunnenstube;Feldaufnahmen;Christoph Marti, Werkführer Matt;;;14;16;;;definitiv;1;ja;Brunner;18.10.1999;;18.10.1999;;WAHR;FALSCH;FALSCH;FALSCH
1020;Quelle Loch 7;Loch;Matt;8766;730425;201500;;Gde. Matt;1335;5;73020106;aus Plan gelesen;Trinkwasser;WV Gemeinde;Sicker-/Zuleitung;gut;Eisendeckel;Brunnenstube;Feldaufnahmen;Christoph Marti, Werkführer Matt;;;18;;;;definitiv;1;nein;Brunner;18.10.1999;;18.10.1999;;WAHR;FALSCH;FALSCH;FALSCH
1021;Quelle Loch 6;Loch;Matt;8766;730420;201500;;Gde. Matt;1335;;73020105;aus Plan gelesen;Trinkwasser;WV Gemeinde;Sicker-/Zuleitung;gut;Eisentor;Brunnenstube;Feldaufnahmen;Christoph Marti, Werkführer Matt;;;15;17;;;definitiv;1;ja;Brunner;18.10.1999;;18.10.1999;;WAHR;FALSCH;FALSCH;FALSCH
1022;Quelle Hinteregg Ober Stafel 1;Hinteregg;Matt;8766;734755;204420;;Gde. Matt;1845;;73420401;aus Plan gelesen;Trinkwasser;Alpgebäude;ab Fels/ aufstossend;gut;Holz;Brunnenstube;Feldaufnahmen;Christoph Marti, Werkführer Matt;;;27;28;;;keine vorh.;0;nein;Brunner;18.10.1999;;18.10.1999;;WAHR;FALSCH;FALSCH;FALSCH
1023;Quelle Forsthaus;Eggerturm;Matt;8766;734820;203950;;Gde. Matt;1680;0;73420301;aus Plan gelesen;Trinkwasser;Forsthaus Bruch;Sicker-/Zuleitung;gut;Holz;Brunnenstube;Feldaufnahmen;Christoph Marti, Werkführer Matt;;;29;30;;;keine vorh.;1;nein;Brunner;18.10.1999;;18.10.1999;;WAHR;FALSCH;FALSCH;FALSCH
1024;Quelle Vorder Winggelhütten;Vorder Winggelhütten;Matt;8766;735920;204425;;Gde. Matt;1430;0;73520401;aus Plan gelesen;Trinkwasser;Alpgebäude;Sicker-/Zuleitung;gut;Eisen;Brunnenstube;Feldaufnahmen;Christoph Marti, Werkführer Matt;;;36;1;;;keine vorh.;1;nein;Brunner;18.10.1999;;18.10.1999;;WAHR;FALSCH;FALSCH;FALSCH
1025;Quelle Mülibach Ober Stafel 1;Haugeten;Engi;8765;734660;210280;;Gde. Engi;2000;0;73421001;aus Plan gelesen;Trinkwasser;Alpgebäude;ab Fels;gut;Blech-Deckel;Brunnenstube;Feldaufnahmen;Fux Ernst, Werkführer Engi;;;8;9;;;keine vorh.;0;nein;Brunner;19.10.1999;;19.10.1999;;WAHR;FALSCH;FALSCH;FALSCH
1026;Quelle Mülibach Ober Stafel 2;Haugeten;Engi;8765;734700;210270;;Gde. Engi;2015;0;73421002;aus Plan gelesen;Trinkwasser;Alpgebäude;Sicker-/Zuleitung/ ab Fels;gut;Betondeckel;Brunnenstube;Feldaufnahmen;Fux Ernst, Werkführer Engi;;;10;11;;;keine vorh.;1;nein;Brunner;19.10.1999;;19.10.1999;;WAHR;FALSCH;FALSCH;FALSCH
1027;Quelle Jgdhütte Stadler;Mülibach Ober Stafel;Engi;8765;734280;210130;;Karl Stadler;1950;0;73421003;aus Plan gelesen;Trinkwasser;Jagdhütte;Sicker-/Zuleitung;gut;Betondeckel;Brunnenstube;Feldaufnahmen;Karl Stadler Engi;;;12;13;;;keine vorh.;1;nein;Brunner;19.10.1999;;19.10.1999;;WAHR;FALSCH;FALSCH;FALSCH
1028;Quelle Alp Lüser;Tristel;Engi;8765;733330;209740;;Gde. Engi;2010;0;73320901;aus Plan gelesen;Trinkwasser;Alpgebäude;ab Fels;sanierungsbedürftig;Betondeckel;Brunnenstube;Feldaufnahmen;Fux Ernst, Werkführer Engi;wird in den nächsten 3 Wochen saniert;;14;15;;;keine vorh.;2;;Brunner;19.10.1999;;19.10.1999;;WAHR;FALSCH;FALSCH;FALSCH
1029;Quelle Stafel 1;Stafel;Engi;8765;732740;208360;;Hans Blumer;1840;0;73220801;aus Plan gelesen;Trinkwasser;Jagdhütte;Sicker-/Zuleitung;gut;Betondeckel;Brunnenstube;Feldaufnahmen;Hans Blumer Engi;;;16;17;;;keine vorh.;3;nein;Brunner;19.10.1999;;19.10.1999;;WAHR;FALSCH;FALSCH;FALSCH
1030;Quelle Stafel 2;Stafel;Engi;8765;732700;208380;;Werner Luchsinger;1850;0;73220802;aus Plan gelesen;Trinkwasser;Skihütte;Sicker-/Zuleitung;gut;Betondeckel;Brunnenstube;Feldaufnahmen;Werner Luchsinger Schwanden;;;18;19;;;keine vorh.;1;nein;Brunner;19.10.1999;;19.10.1999;;WAHR;FALSCH;FALSCH;FALSCH
1031;Quelle Hauen;Hauen;Engi;8765;733240;207850;;Gde. Engi;1560;0;73320701;aus Plan gelesen;Trinkwasser;Alpgebäude;ab Fels;gut;Betondeckel;Brunnenstube;Feldaufnahmen;Fux Ernst, Werkführer Engi;;;20;2;;;keine vorh.;;nein;Brunner;19.10.1999;;19.10.1999;;WAHR;FALSCH;FALSCH;FALSCH
1032;Quelle Schwammhütte;Schwamm;Engi;8765;732720;207400;;Gde. Engi;1550;0;73220701;aus Plan gelesen;Trinkwasser;Alpgebäude;ab Fels;gut;Betondeckel;Brunnenstube;Feldaufnahmen;Fux Ernst, Werkführer Engi;Schwammhütte, Gamszinggenhütte, Käsespeicher Gams;;23;24;;;keine vorh.;0;nein;Brunner;19.10.1999;;19.10.1999;;WAHR;FALSCH;FALSCH;FALSCH
1033;Quelle Herrenegg;Herrenegg;Engi;8765;731200;205030;;Susu Luchsinger;1080;0;73120506;aus Plan gelesen;Trinkwasser;Wohnhaus + Ferienhaus;ab Fels;schlecht;Steinplatte;Brunnenstube;Feldaufnahmen;Susu Luchsinger Engi;Quellschacht geschädigt;;25;;;;keine vorh.;0;nein;Brunner;19.10.1999;;19.10.1999;;WAHR;FALSCH;FALSCH;FALSCH
1034;Quelle Trog;Trog;Engi;8765;730960;204930;;Kaspar Luchsinger;1000;0;73020401;aus Plan gelesen;Trinkwasser;3 Ferienhäuser;Aufstossend;gut;Betondeckel;Brunnenstube;Feldaufnahmen;Kaspar Luchsinger Engi;;;26;27;;;keine vorh.;0;nein;Brunner;19.10.1999;;19.10.1999;;WAHR;FALSCH;FALSCH;FALSCH
1035;Quelle im Malisand 2;Malisand;Engi;8765;730610;205770;;Weseta;950;0;73020507;aus Plan gelesen;Trinkwasser;Wohnhäuser Weberei;;gut;Eisentor;Brunnenstube;Feldaufnahmen;Weseta Engi;Tor verschlossen;;29;;;;erforderlich;;ja;Brunner;19.10.1999;;19.10.1999;;WAHR;FALSCH;FALSCH;FALSCH
1036;Quelle im Malisand 3;Malisand;Engi;8765;;;;;;;73020508;;;;;;;;Feldaufnahmen;;Quellschacht nicht gefunden;;;;;;;;;Brunner;19.10.1999;;19.10.1999;;WAHR;FALSCH;FALSCH;FALSCH
1037;Quelle Siwellen;Chämm;Engi;8765;728500;202800;;Gde. Engi;2060;0;72820201;aus Plan gelesen;Trinkwasser;Alpgebäude;ab Fels;gut;Betondeckel;Brunnenstube;Feldaufnahmen;Fux Ernst, Werkführer Engi;keine Begehung, Quellangaben nach Fux Ernst;;;;;;keine vorh.;0;nein;Brunner;19.10.1999;;19.10.1999;;WAHR;FALSCH;FALSCH;FALSCH
1045;Quelle Geissegg;Falzüber/Horn;Elm;8767;736150;196150;;;2050;;73619801;aus Plan gelesen;;Alp Falzüber/Horn;;;;;;;;;;;;;;;;;;;;;WAHR;WAHR;FALSCH;FALSCH
1046;Quelle Schilter Runse;Grüenen, Alp Gufeli;Engi;8765;730450;206670;;Brunnenkorporation;;;73020602;;Trinkwasser;Ferienhäuser;;;;;tel Angabe Ernst Fux;Ernst Fux, Werkführer Engi;;;;;;;erforderlich;;;-;20.09.2001;;;;WAHR;FALSCH;FALSCH;FALSCH
1048;Niederenquelle;Niederen;Elm;8767;733800;196350;;;1530;;73319601;aus Plan gelesen;Trinkwasser;Restaurant;;;;;Archiv AFU Glarus;Frau Hefti, Mollis;Lage geschätzt;;;;;;erforderlich;;;;14.06.2002;;;;WAHR;WAHR;FALSCH;FALSCH
1049;Quelle Zantop;Im Grueb;Matt;8766;732150;201600;;Fam Zantop;900;;73220102;aus Plan gelesen;Trinkwasser;Ferienhaus;;;;;;Zantop;Lage geschätzt;;;;;;;;;;20.06.2002;;;;WAHR;WAHR;FALSCH;FALSCH
1050;Rotbergquelle;Rotberg;Braunwald;8784;718420;202050;;;;;71820202;aus Plan gelesen;Trinkwasser;Ferienhaus;;;;;;;;;;;;;;;;;20.06.2002;;;;WAHR;WAHR;FALSCH;FALSCH
1051;Quelle bei Rotberg/Seblengrat;;Braunwald;8784;718450;202100;;;;;71820203;;Beschneiung?;;;;;;;;;;;;;;;;;;;;;;FALSCH;FALSCH;FALSCH;FALSCH
1052;Quelle Oberbelgisee Ober Stafel 2;;Luchsingen;;720030;205300;;Fanilienstiftung Blumer;1470;;72020501;aus Plan gelesen;Trinkwasser;Alpgebäude;;;;;;Döni, Gemeinde Luchingen, Franz Weber Pächter Alp Oberblegi, Otto Luchinger Familienstiftung,;Ersatz für Quelle 720/204-102 da diese schlechte Qualität aufwies;;;;;;;;;;20.06.2002;;;;WAHR;WAHR;FALSCH;FALSCH
1053;Alp Türchle;Türchle;Beschwanden;8777;723850;198770;;Alp Gemeinde Diesbach;1820;;72319801;aus Plan gelesen;Trinkwasser;Alpgebäude;;;;;Gemeinde Diesbach;Herrn Balz Dürst, Alpaufseher Diesbach, zur Zeit nur noch für Aelpler genutzt, keine Sennerei mehr;;;;;;;;;;;17.06.2002;;;;WAHR;WAHR;FALSCH;FALSCH
1054;Chüetal Alp;Chüetal;Betschwanden;8777;724410;197950;;Alp Gemeinde Diesbach;2015;;72419701;aus Plan gelesen;Trinkwasser;Alpgebäude;;;;;Gemeinde Diesbach;Hr. Balz Dürst, Alpaufseher Gemeinde Diesbach;Wasser für Alpgebäude inkl. Sennnerei, es sind zwei Wasserbezugsorte: 1) Bachwasser kommt aber schnell trübe, 2) Wasser aus einem Quellausfstoss (eingestaut) kommt nicht trübe;;;;;;;;;;17.06.2002;;;;WAHR;WAHR;FALSCH;FALSCH
1057;Alp Mettmen Rüti;Mettmen;Betschwanden;8777;723280;198980;;Alp Gemeinde Rüti;1580;;72319802;aus Plan gelesen;Trinkwasser;Brunnen;;;;;Gemeinde;Geni Streiff, Brunnenmeister Rüti;Quelle und Alp liegen auf Buden Betschwanden, keine Leitung von Quelle zum Haus nur Brunnen neben Quelle;;;;;;;;;;20.06.2002;;;;WAHR;WAHR;FALSCH;FALSCH
1058;Stögg ELMAG;Stöck;Elm;8767;732475;197240;;Elmag/Gemeinde;1210;;73219702;aus Plan gelesen;Trinkwasser;Mineralwassser Elmag;Stollen;;;;Elmag/Loretan;Hr. Bay, Elmag;grosser Stollen;;;;;;;;;;21.06.2002;;;;WAHR;WAHR;FALSCH;FALSCH
1059;Waschwasserquell Elmag;Gschwend;Elm;8767;732020;197040;;;1140;;73219703;aus Plan gelesen;Brauchwasser;Gewerbe Elmag;;;;;Elmag/plan Loretan;Hr. Bay;Waschwasserquelle Elmag (Brauchwasser), wird nicht für Trinkwasser verwendet;;;;;;;;;;21.06.2002;;;;WAHR;WAHR;FALSCH;FALSCH
1060;Leglerhütte;Kärpf;Diesbach;8777;725260;198440;;;2300;;72519801;aus Plan gelesen;;;;;;;Archiv AFU Glarus;Lage nur ungenau von Dr. Jakob Marti;;;;;;;;;;;25.06.2002;;;;WAHR;WAHR;FALSCH;FALSCH
1061;Schäflibrunnen Quelle;Schäflibrunnen -Schlattstrasse;Engi;8765;730572;204955;;;;;73020402;aus Plan gelesen;Trinkwasser;WV Weiler/Quartier;;;;;Gemeinde/Anderhub;;;;;;;;;;;;;;;;WAHR;WAHR;FALSCH;FALSCH
1065;Quelle Laufbrunnen Rest. Bächital (?);Oren;Luchsingen;8775;718260;203102;;;1420;;71820302;aus Plan gelesen;Trinkwasser;Restaurant;;;;;Gemeinde;;Anlässlich Vernehmlassung WVA 11.2002 von Gemeinde mitgeteilt (Hämmerli/Lehmann), fördert Wasser in Laufbrunnen und wird ins Rest. getragen!!;;;;;;keine vorh.;;;;04.11.2002;;;;WAHR;WAHR;FALSCH;FALSCH
1068;Quelle Wichlenmatt;Wichlenalp;Elm;8767;725000;195520;812;Armasuissi Bern;2070;;72519501;;Trinkwasser;Wichlenmatthütte;;;;;;Kaspar Rhyner-Ochsner;Beim Bau eines Fassungsbrunnens im Sommer 2007 bei 724 000/195 475 ist Wasser versiegt;;;;;;;;;;;;;;WAHR;WAHR;FALSCH;FALSCH
